timestamp,obj_id,class_id,confidence,age_frames,velocity_px,aspect_ratio,is_real
1770809551.1183202,1,0,0.8905,0,0,1.57,1
1770809551.1189008,2,39,0.1751,0,0,0.32,0
1770809551.1189325,3,56,0.1889,0,0,0.62,0
1770809551.243586,1,0,0.9032,2,6.83,1.61,1
1770809551.243664,3,56,0.2802,2,2,0.62,1
1770809551.373834,1,0,0.9003,4,7.09,1.57,1
1770809551.3738878,3,56,0.2096,4,1.73,0.59,1
1770809551.5042849,1,0,0.9033,6,4.37,1.59,1
1770809551.504433,3,56,0.2002,6,1.26,0.61,1
1770809551.6351435,1,0,0.9009,8,3.96,1.57,1
1770809551.6351984,3,56,0.2447,8,0.39,0.63,1
1770809551.755046,1,0,0.9027,10,4.58,1.58,1
1770809551.755118,3,56,0.2079,10,1.45,0.61,1
1770809552,1,0,0.8993,12,1.25,1.6,1
1770809551.8670638,3,56,0.2725,12,0.62,0.64,1
1770809552.000574,1,0,0.9005,14,0.7,1.59,1
1770809552.000635,3,56,0.3858,14,2.03,0.59,1
1770809552.1229868,1,0,0.8977,16,3.58,1.6,1
1770809552.1230414,3,56,0.1692,16,0.89,0.61,0
1770809552.2507665,1,0,0.8906,18,3.7,1.57,1
1770809552.2508245,3,56,0.1713,18,3.03,0.61,0
1770809552.4083729,1,0,0.8941,20,4.5,1.57,1
1770809552.4084458,3,56,0.5216,20,3.87,0.57,1
1770809552.5584326,1,0,0.9079,22,6.27,1.56,1
1770809552.5585034,3,56,0.5154,22,0.95,0.58,1
1770809552.687482,1,0,0.9003,24,0.78,1.52,1
1770809552.6875408,3,56,0.5749,24,0.33,0.56,1
1770809552.8146565,1,0,0.9111,26,14.6,1.46,1
1770809552.8147123,3,56,0.5729,26,0.56,0.6,1
1770809552.9422169,1,0,0.9087,28,4.4,1.51,1
1770809552.9423516,3,56,0.529,28,3.16,0.59,1
1770809553.067947,1,0,0.9217,30,3.66,1.54,1
1770809553.0679903,3,56,0.5761,30,0.92,0.61,1
1770809553.2078085,1,0,0.9104,32,6.8,1.56,1
1770809553.2078652,3,56,0.7155,32,1.17,0.62,1
1770809553.3254223,1,0,0.9149,34,3.22,1.58,1
1770809553.325469,3,56,0.3025,34,1.65,0.62,1
1770809553.4396117,1,0,0.9118,36,6.17,1.55,1
1770809553.4396992,3,56,0.5207,36,1.29,0.59,1
1770809553.5614605,1,0,0.9172,38,0.47,1.54,1
1770809553.5615098,3,56,0.6403,38,0.38,0.59,1
1770809553.6963696,1,0,0.919,40,2.84,1.55,1
1770809553.6964178,3,56,0.6413,40,3.27,0.57,1
1770809553.836353,1,0,0.9193,42,2.65,1.54,1
1770809553.8364189,3,56,0.6272,42,2.64,0.58,1
1770809553.9628992,1,0,0.9067,44,5.34,1.5,1
1770809553.9629874,3,56,0.5562,44,1.32,0.58,1
1770809554.1017463,1,0,0.9063,46,7.23,1.53,1
1770809554.101829,3,56,0.5989,46,0.17,0.58,1
1770809554.257243,1,0,0.8965,48,6.22,1.54,1
1770809554.2573054,3,56,0.647,48,4.09,0.59,1
1770809554.3834028,1,0,0.8959,50,5.18,1.58,1
1770809554.3834689,3,56,0.5971,50,2.8,0.64,1
1770809554.5090024,1,0,0.8919,52,0.68,1.58,1
1770809554.509063,3,56,0.5951,52,3.7,0.61,1
1770809554.6314652,1,0,0.9072,54,8.34,1.52,1
1770809555,3,56,0.4907,54,3.54,0.62,1
1770809555,1,0,0.8993,56,3.2,1.52,1
1770809554.7664988,3,56,0.6054,56,1.49,0.62,1
1770809554.8991935,1,0,0.9016,58,3.84,1.51,1
1770809554.8992507,3,56,0.5372,58,1.25,0.62,1
1770809555.0194294,1,0,0.9097,60,1.57,1.51,1
1770809555.019544,3,56,0.6347,60,0.34,0.6,1
1770809555.136473,1,0,0.9007,62,6.74,1.53,1
1770809555.1365287,3,56,0.5701,62,0.73,0.6,1
1770809555.2676194,1,0,0.9077,64,1.84,1.54,1
1770809555,3,56,0.6481,64,1.64,0.6,1
1770809555.3847272,1,0,0.8902,66,6.38,1.53,1
1770809555.384774,3,56,0.5854,66,1.62,0.59,1
1770809555.5044005,1,0,0.9117,68,5.95,1.55,1
1770809555.504495,3,56,0.4855,68,0.64,0.58,1
1770809555.632308,1,0,0.904,70,1.29,1.52,1
1770809555.6323652,3,56,0.5292,70,2.21,0.6,1
1770809555.7533169,1,0,0.9009,72,2.11,1.54,1
1770809555.7533717,3,56,0.6621,72,1.8,0.59,1
1770809555.8847308,1,0,0.9117,74,6.32,1.52,1
1770809555.8847852,3,56,0.448,74,0.56,0.6,1
1770809555.9990983,1,0,0.9133,76,6.61,1.57,1
1770809555.9991612,3,56,0.6746,76,0.3,0.59,1
1770809556.117419,1,0,0.9129,78,1.81,1.57,1
1770809556.1174743,3,56,0.7224,78,1.71,0.6,1
1770809556.2522466,1,0,0.9118,80,5.58,1.54,1
1770809556.2523012,3,56,0.4613,80,1.61,0.6,1
1770809556.3778532,1,0,0.9091,82,4.97,1.56,1
1770809556.3779168,3,56,0.6924,82,0.5,0.59,1
1770809556.5063975,1,0,0.9177,84,0.15,1.57,1
1770809556.5064478,3,56,0.546,84,1.94,0.6,1
1770809556.6343114,1,0,0.9105,86,7.01,1.53,1
1770809556.6343677,3,56,0.523,86,1.22,0.59,1
1770809556.7626514,1,0,0.9118,88,3.95,1.54,1
1770809556.7627132,3,56,0.5593,88,0.41,0.6,1
1770809556.9022017,1,0,0.8969,90,1.44,1.52,1
1770809556.9022682,3,56,0.4104,90,1.07,0.61,1
1770809557.0262208,1,0,0.8921,92,2.48,1.51,1
1770809557.0263484,3,56,0.6753,92,0.43,0.58,1
1770809557.1473408,1,0,0.8827,94,2.22,1.52,1
1770809557.1473954,3,56,0.5532,94,1.33,0.6,1
1770809557.2611094,1,0,0.9136,96,8.09,1.5,1
1770809557.261157,3,56,0.5036,96,0.61,0.59,1
1770809557.394869,1,0,0.9106,98,5.42,1.53,1
1770809557.394934,3,56,0.5833,98,1.19,0.59,1
1770809557.521672,1,0,0.8972,100,3.74,1.54,1
1770809557.521731,3,56,0.6249,100,1.96,0.6,1
1770809557.6384408,1,0,0.9205,102,7.15,1.51,1
1770809557.638498,3,56,0.664,102,0.48,0.58,1
1770809557.7587905,1,0,0.8984,104,1.67,1.52,1
1770809557.7588394,3,56,0.6957,104,0.18,0.59,1
1770809557.882094,1,0,0.8964,106,5.87,1.54,1
1770809557.8822117,3,56,0.5932,106,1.61,0.59,1
1770809558.0161045,1,0,0.9111,108,1.8,1.56,1
1770809558.0161746,3,56,0.2048,108,4.13,0.59,1
1770809558.127592,1,0,0.9033,110,3.33,1.56,1
1770809558.1276448,3,56,0.6546,110,3.18,0.61,1
1770809558.2470584,1,0,0.9168,112,6.43,1.53,1
1770809558.247163,3,56,0.4592,112,2.52,0.58,1
1770809558.4114883,1,0,0.9074,114,2.02,1.54,1
1770809558.4115653,3,56,0.5572,114,2.06,0.58,1
1770809558.5463445,1,0,0.9074,116,7.05,1.48,1
1770809558.5463967,3,56,0.4472,116,0.79,0.58,1
1770809558.6677678,1,0,0.9165,118,7.27,1.52,1
1770809558.667834,3,56,0.566,118,0.14,0.58,1
1770809558.7842617,1,0,0.9115,120,1.63,1.52,1
1770809558.7843106,3,56,0.5463,120,2.78,0.61,1
1770809558.900279,1,0,0.9178,122,8.63,1.48,1
1770809558.9003356,3,56,0.6201,122,2.58,0.58,1
1770809559.020804,1,0,0.9217,124,3.09,1.51,1
1770809559.0208604,3,56,0.4104,124,1.12,0.57,1
1770809559.150642,1,0,0.9039,126,0.45,1.5,1
1770809559.1506913,3,56,0.3465,126,2.02,0.59,1
1770809559.2754383,1,0,0.9027,128,2.8,1.51,1
1770809559.2755034,3,56,0.6213,128,0.78,0.58,1
1770809559.3898025,1,0,0.9023,130,1.22,1.52,1
1770809559.3898551,3,56,0.5953,130,0.22,0.57,1
1770809559.5188494,1,0,0.903,132,0.1,1.52,1
1770809559.5189068,3,56,0.5732,132,2.62,0.58,1
1770809559.653582,1,0,0.9026,134,0.62,1.49,1
1770809559.6536372,3,56,0.5047,134,4.7,0.56,1
1770809559.7923014,1,0,0.9062,136,9.76,1.46,1
1770809559.7923598,3,56,0.7475,136,2.97,0.58,1
1770809559.9352093,1,0,0.9173,138,8.1,1.48,1
1770809559.935267,3,56,0.7576,138,2.34,0.63,1
1770809560.0467217,1,0,0.9139,140,9.49,1.48,1
1770809560.0467758,3,56,0.8193,140,1.89,0.67,1
1770809560.1763487,1,0,0.8785,142,7.45,1.51,1
1770809560.1764033,3,56,0.7335,142,6.03,0.65,1
1770809560.301195,1,0,0.8826,144,8.02,1.5,1
1770809560.3012486,3,56,0.6961,144,4.15,0.68,1
1770809560.427978,1,0,0.8668,146,10.79,1.52,1
1770809560.4280727,3,56,0.7292,146,5.59,0.65,1
1770809560.549525,1,0,0.8569,148,3.72,1.51,1
1770809561,3,56,0.7569,148,1.7,0.65,1
1770809560.613629,1,0,0.8655,150,1.7,1.5,1
1770809560.6136873,3,56,0.703,150,1.33,0.64,1
1770809560.685118,1,0,0.87,152,1.91,1.49,1
1770809560.6851666,3,56,0.812,152,7.33,0.69,1
1770809560.742824,1,0,0.8679,154,3.17,1.48,1
1770809560.7428718,3,56,0.8491,154,4.1,0.71,1
1770809560.8004427,1,0,0.8902,156,4.1,1.46,1
1770809560.8005035,3,56,0.7926,156,4.97,0.7,1
1770809560.8557763,1,0,0.8906,158,3.77,1.47,1
1770809560.8558211,3,56,0.7846,158,1.24,0.68,1
1770809560.912155,1,0,0.8955,160,2.15,1.47,1
1770809560.9122243,3,56,0.746,160,2.06,0.69,1
1770809560.969037,1,0,0.9069,162,5.7,1.47,1
1770809560.9690814,3,56,0.8171,162,3.73,0.69,1
1770809561.024574,1,0,0.9108,164,2.18,1.48,1
1770809561.0246246,3,56,0.8405,164,2.26,0.69,1
1770809561.076594,1,0,0.8947,166,2.18,1.46,1
1770809561.0766375,3,56,0.8386,166,2.21,0.7,1
1770809561,1,0,0.9049,168,0.91,1.46,1
1770809561.1323214,3,56,0.8083,168,2.38,0.7,1
1770809561.184034,1,0,0.9104,170,2.4,1.46,1
1770809561.184085,3,56,0.8491,170,1.55,0.7,1
1770809561.2353308,1,0,0.8962,172,3.87,1.45,1
1770809561.235374,3,56,0.8087,172,2.85,0.7,1
1770809561.286942,1,0,0.9006,174,1.22,1.47,1
1770809561.2869918,3,56,0.8071,174,4.91,0.67,1
1770809561.3370638,1,0,0.899,176,3.38,1.48,1
1770809561.337109,3,56,0.8364,176,0.99,0.68,1
1770809561.390021,1,0,0.9058,178,1.53,1.5,1
1770809561.390073,3,56,0.7656,178,2.94,0.7,1
1770809561.4445436,1,0,0.9141,180,3.15,1.48,1
1770809561.4446018,3,56,0.7484,180,1.05,0.68,1
1770809561.495462,1,0,0.9042,182,1.3,1.49,1
1770809561.495505,3,56,0.7237,182,2.54,0.7,1
1770809561.5485165,1,0,0.9034,184,3.17,1.49,1
1770809561.5485778,3,56,0.8257,184,2.34,0.69,1
1770809561.5986176,1,0,0.9083,186,2.13,1.5,1
1770809562,3,56,0.7864,186,3.79,0.69,1
1770809561.652725,1,0,0.8931,188,1.04,1.5,1
1770809561.6527672,3,56,0.7607,188,0.32,0.69,1
1770809561.7049725,1,0,0.9143,190,0.45,1.49,1
1770809561.705023,3,56,0.7777,190,1.36,0.68,1
1770809561.759918,1,0,0.9057,192,2.05,1.47,1
1770809561.7599702,3,56,0.8187,192,2.83,0.68,1
1770809562,1,0,0.9123,194,2.6,1.48,1
1770809561.8178196,3,56,0.7771,194,4.4,0.7,1
1770809561.8726518,1,0,0.9173,196,1.71,1.47,1
1770809561.8726938,3,56,0.8072,196,1.69,0.69,1
1770809561.9245756,1,0,0.8988,198,0.88,1.47,1
1770809561.9246278,3,56,0.8161,198,4.39,0.65,1
1770809561.974426,1,0,0.9189,200,0.6,1.47,1
1770809561.9744697,3,56,0.8264,200,3.9,0.69,1
1770809562.025796,1,0,0.9182,202,1.4,1.47,1
1770809562.0258396,3,56,0.7804,202,2.19,0.71,1
1770809562,1,0,0.9123,204,1.86,1.46,1
1770809562.073542,3,56,0.8289,204,1.87,0.7,1
1770809562.1262226,1,0,0.9136,206,0.46,1.47,1
1770809562.1262655,3,56,0.7892,206,0.69,0.69,1
1770809562.176771,1,0,0.9045,208,2.24,1.47,1
1770809562.1768131,3,56,0.8314,208,1.61,0.71,1
1770809562.2314382,1,0,0.9138,210,2.09,1.48,1
1770809562.2314906,3,56,0.787,210,1.78,0.72,1
1770809562.2878106,1,0,0.9007,212,2.59,1.49,1
1770809562.2878597,3,56,0.8162,212,0.96,0.71,1
1770809562.3410192,1,0,0.9117,214,0.36,1.49,1
1770809562.3410623,3,56,0.6846,214,2.22,0.69,1
1770809562.3929842,1,0,0.9064,216,1.87,1.49,1
1770809562.393026,3,56,0.8711,216,0.33,0.69,1
1770809562.4456587,1,0,0.9115,218,1.29,1.5,1
1770809562.4457085,3,56,0.7298,218,2.18,0.68,1
1770809562.4941566,1,0,0.9038,220,2.66,1.49,1
1770809562.494197,3,56,0.8811,220,2.64,0.7,1
1770809562.5412908,1,0,0.9047,222,4.2,1.5,1
1770809562.5413432,3,56,0.8199,222,1.49,0.7,1
1770809562.594236,1,0,0.9169,224,1.89,1.51,1
1770809562.5942874,3,56,0.8093,224,1.77,0.7,1
1770809562.646639,1,0,0.9027,226,3.93,1.5,1
1770809562.6466944,3,56,0.8607,226,1.03,0.7,1
1770809562.6977358,1,0,0.9033,228,1.05,1.5,1
1770809562.6977787,3,56,0.795,228,3.32,0.72,1
1770809562.744289,1,0,0.9034,230,3.17,1.5,1
1770809562.7443302,3,56,0.8116,230,0.42,0.72,1
1770809562.7916324,1,0,0.9132,232,4.63,1.48,1
1770809562.791675,3,56,0.8863,232,1.21,0.71,1
1770809562.8436284,1,0,0.9156,234,0.3,1.47,1
1770809562.8436697,3,56,0.8031,234,1.29,0.71,1
1770809562.8969786,1,0,0.9071,236,1.05,1.47,1
1770809562.8970337,3,56,0.7737,236,3.51,0.66,1
1770809562.9476857,1,0,0.911,238,1.26,1.49,1
1770809562.9477403,3,56,0.7797,238,1.47,0.67,1
1770809563.0037465,1,0,0.9122,240,0.96,1.49,1
1770809563.003799,3,56,0.8133,240,0.54,0.68,1
1770809563.0568988,1,0,0.9066,242,0.53,1.49,1
1770809563.0569415,3,56,0.8002,242,2.16,0.69,1
1770809563.1096754,1,0,0.9082,244,2.68,1.48,1
1770809563.1097157,3,56,0.7999,244,0.25,0.7,1
1770809563.161934,1,0,0.9052,246,0.39,1.48,1
1770809563.1619763,3,56,0.7753,246,0.87,0.69,1
1770809563.212221,1,0,0.9042,248,2.51,1.48,1
1770809563.212262,3,56,0.8508,248,0.55,0.69,1
1770809563.264743,1,0,0.8937,250,1.19,1.48,1
1770809563.2647948,3,56,0.8374,250,1.91,0.71,1
1770809563.3229792,1,0,0.9106,252,0.47,1.48,1
1770809563.3230293,3,56,0.8395,252,1.16,0.72,1
1770809563.3739622,1,0,0.9047,254,1.4,1.48,1
1770809563.3740118,3,56,0.8509,254,1.03,0.71,1
1770809563.4278505,1,0,0.904,256,1.78,1.48,1
1770809563.4279022,3,56,0.8145,256,1.1,0.71,1
1770809563.4828043,1,0,0.9087,258,1.12,1.47,1
1770809563.4828544,3,56,0.8153,258,2.01,0.68,1
1770809563.5329554,1,0,0.9051,260,1.54,1.47,1
1770809563.5329988,3,56,0.7788,260,2.47,0.7,1
1770809563.584687,1,0,0.9156,262,0.9,1.47,1
1770809563.584733,3,56,0.8417,262,2.36,0.7,1
1770809563.634225,1,0,0.9151,264,1.1,1.47,1
1770809563.6342683,3,56,0.784,264,2.76,0.66,1
1770809563.6811972,1,0,0.9023,266,1.25,1.47,1
1770809563.6812391,3,56,0.818,266,1.66,0.66,1
1770809563.7311654,1,0,0.9123,268,0.34,1.48,1
1770809563.7312157,3,56,0.7185,268,2.61,0.65,1
1770809563.784957,1,0,0.9093,270,0.45,1.48,1
1770809563.785007,3,56,0.8391,270,3.05,0.68,1
1770809563.8322537,1,0,0.9133,272,1.21,1.48,1
1770809563.8322935,3,56,0.7571,272,2.26,0.71,1
1770809563.8843284,1,0,0.9016,274,0.57,1.47,1
1770809563.884373,3,56,0.8691,274,3.13,0.74,1
1770809563.938964,1,0,0.9145,276,1.79,1.48,1
1770809563.9390197,3,56,0.8252,276,0.17,0.74,1
1770809563.993303,1,0,0.9171,278,0.51,1.49,1
1770809563.9933531,3,56,0.8118,278,2.21,0.71,1
1770809564.0461235,1,0,0.9109,280,3.31,1.47,1
1770809564.0461776,3,56,0.7921,280,0.56,0.71,1
1770809564.0988474,1,0,0.9056,282,1.95,1.47,1
1770809564.0988967,3,56,0.8218,282,1.81,0.69,1
1770809564.1540697,1,0,0.914,284,2.85,1.47,1
1770809564.154122,3,56,0.8648,284,2.1,0.71,1
1770809564.2033992,1,0,0.9092,286,1.65,1.47,1
1770809564.203441,3,56,0.8578,286,0.36,0.72,1
1770809564.2577183,1,0,0.9162,288,1.55,1.48,1
1770809564.2577696,3,56,0.7903,288,2.09,0.69,1
1770809564.309588,1,0,0.897,290,1.99,1.49,1
1770809564.3096292,3,56,0.733,290,1.12,0.69,1
1770809564.3570745,1,0,0.8976,292,0.54,1.5,1
1770809564.3571186,3,56,0.7086,292,1.59,0.68,1
1770809564.4102802,1,0,0.9049,294,3.68,1.49,1
1770809564.4103217,3,56,0.876,294,3.07,0.71,1
1770809564.4632945,1,0,0.9048,296,0.49,1.49,1
1770809564.463337,3,56,0.7595,296,0.85,0.7,1
1770809564.5100992,1,0,0.8976,298,3.16,1.46,1
1770809564.5101514,3,56,0.8134,298,0.88,0.69,1
1770809564.5609963,1,0,0.8896,300,1.6,1.47,1
1770809564.5610385,3,56,0.8049,300,0.84,0.69,1
1770809564.6200233,1,0,0.8677,302,3.95,1.49,1
1770809564.6200674,3,56,0.7624,302,1.05,0.69,1
1770809564.6695902,1,0,0.7931,304,6.76,1.44,1
1770809564.6696315,3,56,0.7808,304,0.57,0.68,1
1770809564.7253892,1,0,0.8512,306,5.23,1.47,1
1770809564.725438,3,56,0.7857,306,0.81,0.69,1
1770809565,1,0,0.9013,308,4,1.51,1
1770809564.7805722,3,56,0.8121,308,1.39,0.69,1
1770809564.834191,1,0,0.8922,310,0.61,1.51,1
1770809564.834241,3,56,0.6401,310,3.28,0.71,1
1770809564.8921494,1,0,0.9016,312,0.53,1.51,1
1770809564.892192,3,56,0.7702,312,3.2,0.67,1
1770809564.9441426,1,0,0.8871,314,0.91,1.5,1
1770809564.9441862,3,56,0.7626,314,0.72,0.68,1
1770809564.9918735,1,0,0.8984,316,2.65,1.5,1
1770809564.9919145,3,56,0.5279,316,3.12,0.7,1
1770809565.0443242,1,0,0.9104,318,0.31,1.51,1
1770809565.0443676,3,56,0.7142,318,2.97,0.68,1
1770809565.099003,1,0,0.9152,320,0.06,1.51,1
1770809565.0990455,3,56,0.6254,320,0.46,0.67,1
1770809565.150021,1,0,0.8919,322,0.13,1.51,1
1770809565.1500754,3,56,0.7879,322,1.62,0.69,1
1770809565.1957955,1,0,0.8843,324,0.73,1.51,1
1770809565.1958392,3,56,0.5144,324,1.79,0.7,1
1770809565.2468102,1,0,0.9025,326,0.71,1.5,1
1770809565.246864,3,56,0.6656,326,0.56,0.71,1
1770809565.2951136,1,0,0.901,328,1.32,1.5,1
1770809565.2951565,3,56,0.5445,328,1.1,0.7,1
1770809565.3455873,1,0,0.9083,330,2.68,1.5,1
1770809565.3456366,3,56,0.6416,330,0.4,0.7,1
1770809565.3977425,1,0,0.6678,332,27.88,1.33,1
1770809565.3977845,3,56,0.7407,332,1.22,0.7,1
1770809565.4515338,1,0,0.9072,334,22.81,1.44,1
1770809565.4515758,3,56,0.738,334,0.4,0.69,1
1770809565.501201,1,0,0.8859,336,6.1,1.47,1
1770809565.501242,3,56,0.761,336,0.05,0.69,1
1770809565.5542943,1,0,0.8868,338,4.55,1.48,1
1770809565.554343,3,56,0.7945,338,0.86,0.7,1
1770809565.6073186,1,0,0.8359,340,1.7,1.49,1
1770809565.6073706,3,56,0.8071,340,1.52,0.69,1
1770809565.6599038,1,0,0.877,342,1.66,1.49,1
1770809565.6599562,3,56,0.755,342,1.42,0.68,1
1770809565.7151313,1,0,0.8599,344,0.29,1.49,1
1770809565.715183,3,56,0.8254,344,2.19,0.69,1
1770809565.762985,1,0,0.8537,346,2.47,1.48,1
1770809565.7630272,3,56,0.7996,346,3.11,0.67,1
1770809565.8107038,1,0,0.8786,348,3.61,1.49,1
1770809565.8107452,3,56,0.6484,348,3.97,0.7,1
1770809565.861428,1,0,0.8699,350,2.16,1.5,1
1770809565.861478,3,56,0.6019,350,0.29,0.69,1
1770809565.9143498,1,0,0.8753,352,0.77,1.51,1
1770809565.914401,3,56,0.7756,352,2.29,0.67,1
1770809565.9650395,1,0,0.8231,354,0.7,1.51,1
1770809565.965081,3,56,0.756,354,1.81,0.66,1
1770809566.0203896,1,0,0.8934,356,0.94,1.51,1
1770809566.0204413,3,56,0.7664,356,0.76,0.67,1
1770809566.075971,1,0,0.9085,358,0.43,1.5,1
1770809566.0760214,3,56,0.667,358,0.95,0.66,1
1770809566.127915,1,0,0.895,360,1.35,1.51,1
1770809566.1279645,3,56,0.7837,360,4.94,0.71,1
1770809566.1785457,1,0,0.9143,362,1.75,1.5,1
1770809566.1785889,3,56,0.7643,362,0.67,0.71,1
1770809566.2313051,1,0,0.9046,364,1.05,1.49,1
1770809566.2313485,3,56,0.8016,364,1.64,0.69,1
1770809566.285045,1,0,0.9091,366,1.87,1.51,1
1770809566.285099,3,56,0.8173,366,0.8,0.71,1
1770809566.3391786,1,0,0.8916,368,0.86,1.5,1
1770809566.3392253,3,56,0.7817,368,0.22,0.71,1
1770809566.3875291,1,0,0.9028,370,0.8,1.5,1
1770809566.3875723,3,56,0.7132,370,3.13,0.69,1
1770809566.4392638,1,0,0.9059,372,1.01,1.5,1
1770809566.439306,3,56,0.6841,372,1.7,0.68,1
1770809566.4913096,1,0,0.8732,374,2.69,1.5,1
1770809566.4913518,3,56,0.6952,374,0.84,0.67,1
1770809566.541741,1,0,0.8599,376,1.17,1.51,1
1770809566.541783,3,56,0.7265,376,1.77,0.69,1
1770809566.5922902,1,0,0.8835,378,0.81,1.51,1
1770809566.5923388,3,56,0.7931,378,0.62,0.67,1
1770809566.6447823,1,0,0.8765,380,2.16,1.5,1
1770809566.644828,3,56,0.6256,380,0.73,0.67,1
1770809566.697654,1,0,0.8385,382,2.6,1.49,1
1770809566.697696,3,56,0.7341,382,1.52,0.69,1
1770809566.7491326,1,0,0.8635,384,0.52,1.5,1
1770809566.7491834,3,56,0.7692,384,0.5,0.69,1
1770809566.7986252,1,0,0.8667,386,0.66,1.5,1
1770809566.7986724,3,56,0.802,386,0.99,0.68,1
1770809566.845296,1,0,0.8592,388,1.3,1.49,1
1770809566.8453465,3,56,0.7894,388,1.35,0.67,1
1770809566.8960326,1,0,0.8568,390,0.36,1.5,1
1770809566.8960762,3,56,0.7374,390,1.24,0.68,1
1770809566.9480803,1,0,0.8691,392,2.7,1.48,1
1770809566.9481316,3,56,0.8367,392,1.4,0.7,1
1770809567.000744,1,0,0.8742,394,1.76,1.48,1
1770809567.0007873,3,56,0.7634,394,3.85,0.66,1
1770809567.0487204,1,0,0.8722,396,4.74,1.47,1
1770809567.0487716,3,56,0.7909,396,0.97,0.65,1
1770809567.1039555,1,0,0.8499,398,2.27,1.49,1
1770809567.1040056,3,56,0.8237,398,0.4,0.66,1
1770809567.1548362,1,0,0.8418,400,1.44,1.48,1
1770809567.1548774,3,56,0.7202,400,3.24,0.69,1
1770809567.207936,1,0,0.8311,402,3.04,1.49,1
1770809567.207988,3,56,0.7292,402,1.35,0.7,1
1770809567.2558756,1,0,0.8362,404,1.3,1.49,1
1770809567.2559192,3,56,0.721,404,0.71,0.69,1
1770809567.3042958,1,0,0.7924,406,2.95,1.5,1
1770809567.3043396,3,56,0.7864,406,3.05,0.68,1
1770809567.3538115,1,0,0.8518,408,3.86,1.49,1
1770809567.3538566,3,56,0.8017,408,0.75,0.68,1
1770809567.4285114,1,0,0.8768,410,1.58,1.49,1
1770809567.4285626,3,56,0.7474,410,2.21,0.69,1
1770809567.4801586,1,0,0.8768,412,0.5,1.49,1
1770809567.4802015,3,56,0.7474,412,0.97,0.7,1
1770809567.530486,1,0,0.876,414,0.37,1.49,1
1770809567.5305362,3,56,0.799,414,0.19,0.71,1
1770809567.5864713,1,0,0.8698,416,1.8,1.47,1
1770809567.5865226,3,56,0.7842,416,0.08,0.71,1
1770809567.6425087,1,0,0.9187,418,2.71,1.49,1
1770809567.642561,3,56,0.7683,418,2.57,0.68,1
1770809567.6979742,1,0,0.8683,420,0.54,1.49,1
1770809567.6980276,3,56,0.8521,420,1.74,0.7,1
1770809567.7485356,1,0,0.9254,422,1.34,1.49,1
1770809567.7485783,3,56,0.7428,422,0.42,0.7,1
1770809567.7977526,1,0,0.9164,424,3.02,1.47,1
1770809567.7978022,3,56,0.8116,424,2.7,0.67,1
1770809567.849318,1,0,0.8776,426,2.26,1.46,1
1770809567.849362,3,56,0.8316,426,2.6,0.69,1
1770809567.9021852,1,0,0.9168,428,0.78,1.47,1
1770809567.9022298,3,56,0.8875,428,2.31,0.72,1
1770809567.956661,1,0,0.8904,430,2.26,1.48,1
1770809567.9567115,3,56,0.8405,430,2.51,0.69,1
1770809568.0057676,1,0,0.9144,432,1.6,1.49,1
1770809568.005819,3,56,0.8525,432,0.4,0.71,1
1770809568.0538254,1,0,0.8927,434,0.57,1.47,1
1770809568.0538757,3,56,0.8068,434,0.34,0.7,1
1770809568.1084485,1,0,0.9037,436,2.59,1.47,1
1770809568.1084993,3,56,0.8598,436,1.84,0.71,1
1770809568.1560645,1,0,0.8919,438,2.4,1.47,1
1770809568.1561062,3,56,0.7908,438,4.14,0.68,1
1770809568.2259614,1,0,0.9055,440,0.12,1.48,1
1770809568.2260077,3,56,0.8129,440,0.57,0.68,1
1770809568.279895,1,0,0.9073,442,0.83,1.47,1
1770809568.2799494,3,56,0.7481,442,0.51,0.68,1
1770809568.3352025,1,0,0.9073,444,0.3,1.47,1
1770809568.3352616,3,56,0.7481,444,0.21,0.68,1
1770809568.3852477,1,0,0.8972,446,1.47,1.48,1
1770809568.385296,3,56,0.7756,446,0.04,0.68,1
1770809568.438159,1,0,0.8822,448,1.99,1.48,1
1770809568.4382107,3,56,0.8455,448,1.72,0.71,1
1770809568.4855196,1,0,0.8847,450,0.45,1.48,1
1770809568.485573,3,56,0.8496,450,0.79,0.7,1
1770809568.5341356,1,0,0.8761,452,0.84,1.48,1
1770809568.534176,3,56,0.769,452,1.03,0.69,1
1770809568.5817492,1,0,0.8688,454,2.1,1.48,1
1770809568.5817933,3,56,0.7514,454,0.39,0.69,1
1770809568.6305337,1,0,0.8498,456,3.25,1.48,1
1770809568.6305754,3,56,0.8589,456,0.61,0.69,1
1770809568.6849203,1,0,0.8817,458,1.63,1.48,1
1770809568.6849654,3,56,0.8048,458,1.28,0.7,1
1770809568.7355716,1,0,0.8651,460,0.59,1.48,1
1770809568.7356167,3,56,0.7932,460,0.53,0.7,1
1770809568.7833512,1,0,0.8611,462,4.52,1.46,1
1770809568.7833924,3,56,0.8215,462,1.35,0.71,1
1770809568.8315926,1,0,0.8744,464,0.25,1.47,1
1770809568.8316357,3,56,0.808,464,0.3,0.7,1
1770809568.8828392,1,0,0.8504,466,1.01,1.46,1
1770809568.882883,3,56,0.8565,466,1.94,0.7,1
1770809568.930822,1,0,0.874,468,2.12,1.49,1
1770809568.930864,3,56,0.7169,468,0.51,0.69,1
1770809568.9778924,1,0,0.8658,470,1.71,1.49,1
1770809568.9779346,3,56,0.5638,470,3.85,0.66,1
1770809569,1,0,0.8716,472,2.32,1.49,1
1770809569.0228825,3,56,0.7644,472,2.95,0.68,1
1770809569,1,0,0.8781,474,2.49,1.48,1
1770809569.074353,3,56,0.6831,474,2.14,0.71,1
1770809569.1217349,1,0,0.8645,476,1.78,1.48,1
1770809569.121778,3,56,0.7588,476,1.51,0.72,1
1770809569.1673224,1,0,0.8645,478,0.7,1.48,1
1770809569.1673653,3,56,0.7588,478,0.6,0.71,1
1770809569.2123313,1,0,0.8507,480,1.36,1.49,1
1770809569.2123735,3,56,0.8023,480,1.84,0.7,1
1770809569.256761,1,0,0.8795,482,2.95,1.47,1
1770809569.2568018,3,56,0.8585,482,0.71,0.71,1
1770809569.3069596,1,0,0.8949,484,2.11,1.46,1
1770809569.3070126,3,56,0.8423,484,0.33,0.71,1
1770809569.361055,1,0,0.8996,486,5.15,1.46,1
1770809569.361105,3,56,0.8142,486,2.08,0.72,1
1770809569.4121346,1,0,0.8993,488,7.24,1.47,1
1770809569.412184,3,56,0.7483,488,0.22,0.71,1
1770809569.4636858,1,0,0.8938,490,2.33,1.48,1
1770809569.4637282,3,56,0.7506,490,3.39,0.69,1
1770809569.5114007,1,0,0.8933,492,0.74,1.49,1
1770809569.5114422,3,56,0.8024,492,1.95,0.71,1
1770809569.5590923,1,0,0.8853,494,3.48,1.49,1
1770809569.5591338,3,56,0.8327,494,0.4,0.71,1
1770809569.611911,1,0,0.8766,496,1.03,1.49,1
1770809569.611965,3,56,0.7723,496,1.96,0.67,1
1770809569.6653793,1,0,0.8992,498,0.28,1.5,1
1770809569.6654327,3,56,0.7777,498,1.32,0.68,1
1770809569.719531,1,0,0.8835,500,1.69,1.48,1
1770809569.719576,3,56,0.7701,500,0.95,0.69,1
1770809569.7711115,1,0,0.8755,502,2.44,1.47,1
1770809569.7711642,3,56,0.8259,502,0.82,0.7,1
1770809569.8219998,1,0,0.8676,504,0.78,1.47,1
1770809569.8220427,3,56,0.825,504,0.37,0.72,1
1770809569.8733077,1,0,0.8727,506,1.35,1.49,1
1770809569.8733585,3,56,0.8596,506,0.61,0.72,1
1770809569.9222825,1,0,0.8706,508,0.7,1.48,1
1770809569.9223237,3,56,0.8499,508,2.65,0.7,1
1770809569.9717386,1,0,0.8789,510,1.45,1.47,1
1770809569.9717803,3,56,0.8376,510,0.23,0.7,1
1770809570.0213947,1,0,0.8922,512,1.66,1.46,1
1770809570.021435,3,56,0.8214,512,1.19,0.69,1
1770809570.0753374,1,0,0.9144,514,0.09,1.47,1
1770809570.0753982,3,56,0.8532,514,1.22,0.68,1
1770809570.1295602,1,0,0.9171,516,3.76,1.47,1
1770809570.1296115,3,56,0.6305,516,3.09,0.65,1
1770809570.1766398,1,0,0.92,518,1.89,1.47,1
1770809570.1766822,3,56,0.8321,518,3.32,0.68,1
1770809570.225386,1,0,0.9226,520,2.01,1.46,1
1770809570.2254324,3,56,0.8108,520,1.05,0.68,1
1770809570.2739096,1,0,0.9081,522,1.59,1.45,1
1770809570.2739506,3,56,0.8323,522,1.01,0.69,1
1770809570.3200788,1,0,0.9237,524,1.06,1.44,1
1770809570.3201208,3,56,0.7486,524,0.22,0.69,1
1770809570.368949,1,0,0.9191,526,0.52,1.44,1
1770809570.3689935,3,56,0.8143,526,0.69,0.7,1
1770809570.422143,1,0,0.9166,528,0.51,1.43,1
1770809570.4221957,3,56,0.8407,528,2.14,0.7,1
1770809570.4714074,1,0,0.9166,530,0.22,1.43,1
1770809570.4714594,3,56,0.8407,530,0.81,0.69,1
1770809570.524332,1,0,0.9091,532,0.35,1.44,1
1770809570.5243835,3,56,0.8143,532,1.1,0.7,1
1770809570.5782242,1,0,0.9197,534,1.17,1.45,1
1770809570.578277,3,56,0.7859,534,1.09,0.7,1
1770809570.626201,1,0,0.9126,536,1.71,1.43,1
1770809570.6262448,3,56,0.7953,536,1.3,0.69,1
1770809570.677929,1,0,0.9094,538,0.42,1.43,1
1770809570.677988,3,56,0.8242,538,1.24,0.7,1
1770809570.731034,1,0,0.9185,540,0.38,1.43,1
1770809570.7310784,3,56,0.7852,540,3.22,0.66,1
1770809570.776297,1,0,0.905,542,1.53,1.43,1
1770809570.776339,3,56,0.7326,542,0.99,0.67,1
1770809570.8243062,1,0,0.9139,544,1.3,1.45,1
1770809570.8243463,3,56,0.822,544,0.66,0.67,1
1770809570.8748727,1,0,0.9223,546,0.75,1.45,1
1770809570.8749242,3,56,0.852,546,0.44,0.67,1
1770809570.9264865,1,0,0.916,548,0.93,1.45,1
1770809570.926528,3,56,0.8438,548,3.61,0.7,1
1770809570.9788787,1,0,0.9076,550,1.62,1.45,1
1770809570.9789424,3,56,0.866,550,1.03,0.71,1
1770809571.0278418,1,0,0.9155,552,0.2,1.47,1
1770809571.0278857,3,56,0.8639,552,1.47,0.73,1
1770809571.0779407,1,0,0.9007,554,5.41,1.48,1
1770809571.0780008,3,56,0.8497,554,0.45,0.72,1
1770809571,1,0,0.908,556,1.26,1.49,1
1770809571.1320052,3,56,0.8014,556,1.57,0.73,1
1770809571.1863024,1,0,0.8965,558,1.68,1.48,1
1770809571.186348,3,56,0.7638,558,0.51,0.72,1
1770809571.2334208,1,0,0.9147,560,1.83,1.48,1
1770809571.2334642,3,56,0.7793,560,0.34,0.71,1
1770809571.279686,1,0,0.8957,562,2.33,1.47,1
1770809571.2797277,3,56,0.6617,562,3.09,0.68,1
1770809571.3255858,1,0,0.8957,564,0.84,1.47,1
1770809571.325627,3,56,0.6617,564,1.12,0.67,1
1770809571.3773456,1,0,0.8912,566,2.43,1.45,1
1770809571.3773975,3,56,0.8488,566,1.48,0.68,1
1770809571.4305632,1,0,0.9024,568,0.32,1.47,1
1770809571.430616,3,56,0.5878,568,1.24,0.67,1
1770809571.4812906,1,0,0.9016,570,0.22,1.47,1
1770809571.4813335,3,56,0.884,570,2.67,0.71,1
1770809571.532842,1,0,0.9044,572,3.8,1.45,1
1770809571.5328865,3,56,0.8178,572,1.97,0.69,1
1770809571.5857546,1,0,0.9142,574,0.65,1.44,1
1770809571.585815,3,56,0.7993,574,0.59,0.69,1
1770809571.6387155,1,0,0.9086,576,1.78,1.43,1
1770809571.638758,3,56,0.8945,576,0.42,0.69,1
1770809571.6895318,1,0,0.922,578,2.48,1.43,1
1770809571.6895745,3,56,0.8231,578,1.42,0.71,1
1770809571.7433672,1,0,0.9237,580,1.47,1.42,1
1770809571.7434237,3,56,0.8648,580,1.53,0.69,1
1770809571.8055754,1,0,0.9165,582,1.91,1.42,1
1770809571.8056288,3,56,0.847,582,0.56,0.69,1
1770809571.8578362,1,0,0.9062,584,2.76,1.44,1
1770809571.8578787,3,56,0.7119,584,4.25,0.64,1
1770809571.907895,1,0,0.9141,586,2.16,1.43,1
1770809571.9079397,3,56,0.8729,586,2.49,0.68,1
1770809571.9607103,1,0,0.9119,588,0.96,1.42,1
1770809571.9607544,3,56,0.763,588,0.49,0.69,1
1770809572.0157309,1,0,0.9081,590,1.84,1.44,1
1770809572.015783,3,56,0.7836,590,0.82,0.68,1
1770809572.071097,1,0,0.9002,592,3.05,1.46,1
1770809572.0711484,3,56,0.8704,592,2.61,0.71,1
1770809572.1206446,1,0,0.9151,594,1.51,1.44,1
1770809572.1206896,3,56,0.8637,594,1.76,0.7,1
1770809572.168323,1,0,0.9151,596,0.64,1.43,1
1770809572.1683762,3,56,0.8637,596,0.54,0.7,1
1770809572.217202,1,0,0.9214,598,0.91,1.45,1
1770809572.217246,3,56,0.6411,598,1.77,0.7,1
1770809572.3172257,1,0,0.9023,600,2.73,1.47,1
1770809572.4187026,1,0,0.9239,602,2.34,1.48,1
1770809572.523203,1,0,0.9177,604,1.14,1.47,1
1770809572.6204846,1,0,0.9128,606,0.92,1.46,1
1770809572.7226088,1,0,0.9023,608,1.93,1.47,1
1770809572.8267462,1,0,0.9198,610,5.07,1.5,1
1770809572.8267891,18,0,0.3147,0,0,0.59,0
1770809572.8813567,1,0,0.9128,612,0.59,1.51,1
1770809572.8813992,18,0,0.2346,2,1.46,0.6,0
1770809572.9292011,1,0,0.9007,614,5.22,1.48,1
1770809572.9292438,18,0,0.1958,4,0.54,0.61,0
1770809572.9833202,1,0,0.9064,616,0.32,1.48,1
1770809572.9833715,18,0,0.1672,6,0.31,0.61,0
1770809573.034399,1,0,0.9064,618,0.1,1.48,1
1770809573.034442,18,0,0.1672,8,0.14,0.61,0
1770809573.0872052,1,0,0.9115,620,0.96,1.49,1
1770809573.203199,1,0,0.8928,622,10.46,1.54,1
1770809573,1,0,0.8617,624,17.49,1.62,1
1770809573.4190784,1,0,0.8856,626,4.06,1.64,1
1770809573.5221748,1,0,0.9075,628,0.05,1.63,1
1770809573.6248205,1,0,0.8801,630,0.94,1.64,1
1770809573.7290606,1,0,0.8305,632,9.87,1.6,1
1770809573.834716,1,0,0.8223,634,2.8,1.58,1
1770809573.934688,1,0,0.8122,636,2.29,1.57,1
1770809574.0348766,1,0,0.8527,638,3.45,1.58,1
1770809574.1377077,1,0,0.8751,640,1.69,1.6,1
1770809574.2376697,1,0,0.8271,642,3.83,1.57,1
1770809574.3386407,1,0,0.8739,644,4.62,1.45,1
1770809574.390385,1,0,0.8742,646,11.9,1.47,1
1770809574.3904366,18,56,0.4233,36,29.46,0.6,1
1770809574.448383,1,0,0.8451,648,9.78,1.47,1
1770809574.4484348,18,56,0.5202,38,3.77,0.63,1
1770809574.5034416,1,0,0.897,650,11.74,1.42,1
1770809574.503492,18,56,0.7515,40,4.04,0.67,1
1770809575,1,0,0.886,652,2.83,1.39,1
1770809574.5598288,18,56,0.8341,42,1.99,0.67,1
1770809574.5598507,19,67,0.8213,0,0,0.26,1
1770809574.614674,1,0,0.8869,654,2.47,1.39,1
1770809574.614718,18,56,0.7829,44,2.89,0.71,1
1770809574.6147375,19,67,0.7282,2,7.68,0.25,1
1770809574.6148522,1,0,0.8869,656,0,1.39,1
1770809574.6148713,18,56,0.7829,46,0,0.71,1
1770809574.6148856,19,67,0.7282,4,0,0.25,1
1770809574.664764,1,0,0.8635,658,1.24,1.38,1
1770809574.6648078,18,56,0.7738,48,0.48,0.7,1
1770809574.6648245,19,67,0.8614,6,5.69,0.25,1
1770809574.7133248,1,0,0.8576,660,2.94,1.39,1
1770809574.713366,18,56,0.791,50,1.49,0.69,1
1770809574.7133832,19,67,0.8687,8,4.61,0.26,1
1770809574.7134936,1,0,0.8576,662,0,1.39,1
1770809574.713513,18,56,0.791,52,0,0.69,1
1770809574.7135265,19,67,0.8687,10,0,0.26,1
1770809574.763964,1,0,0.8742,664,0.63,1.4,1
1770809574.7640169,18,56,0.787,54,0.87,0.68,1
1770809574.7640402,19,67,0.8252,12,4.38,0.25,1
1770809574.8179314,1,0,0.8765,666,1.5,1.41,1
1770809574.8179843,18,56,0.8264,56,1.09,0.68,1
1770809574.8180008,19,67,0.8415,14,8.8,0.26,1
1770809574.8181248,1,0,0.8765,668,0,1.41,1
1770809574.8181446,18,56,0.8264,58,0,0.68,1
1770809574.8181596,19,67,0.8415,16,0,0.26,1
1770809574.8701675,1,0,0.8694,670,0.92,1.43,1
1770809574.870209,18,56,0.8479,60,0.89,0.68,1
1770809574.8702257,19,67,0.8603,18,6.43,0.24,1
1770809574.9170656,1,0,0.8815,672,2.81,1.41,1
1770809574.917107,18,56,0.8453,62,0.92,0.67,1
1770809574.9171238,19,67,0.869,20,1.45,0.25,1
1770809574.917237,1,0,0.8815,674,0,1.41,1
1770809574.9172556,18,56,0.8453,64,0,0.67,1
1770809574.9172697,19,67,0.869,22,0,0.25,1
1770809574.9691098,1,0,0.8628,676,1.47,1.42,1
1770809574.969161,18,56,0.843,66,0.82,0.68,1
1770809574.969183,19,67,0.765,24,0.63,0.25,1
1770809575.0196514,1,0,0.8751,678,0.36,1.44,1
1770809575.019703,18,56,0.797,68,1.95,0.69,1
1770809575.0197248,19,67,0.8252,26,0.67,0.26,1
1770809575,1,0,0.8751,680,0,1.44,1
1770809575.019894,18,56,0.797,70,0,0.69,1
1770809575.019913,19,67,0.8252,28,0,0.26,1
1770809575.067165,1,0,0.8703,682,2.89,1.44,1
1770809575.067208,18,56,0.8227,72,0.43,0.69,1
1770809575.067224,19,67,0.8471,30,0.61,0.26,1
1770809575.1219814,1,0,0.882,684,1.38,1.44,1
1770809575.1220348,18,56,0.8148,74,2.5,0.67,1
1770809575.122057,19,67,0.7918,32,2.14,0.26,1
1770809575.1222055,1,0,0.882,686,0,1.44,1
1770809575.1222296,18,56,0.8148,76,0,0.67,1
1770809575.1222484,19,67,0.7918,34,0,0.26,1
1770809575.1710134,1,0,0.8941,688,0.18,1.44,1
1770809575.171056,18,56,0.7496,78,0.33,0.67,1
1770809575.1710727,19,67,0.727,36,0.86,0.26,1
1770809575.220512,1,0,0.8583,690,1.18,1.42,1
1770809575.220564,18,56,0.8719,80,0.73,0.68,1
1770809575.2205863,19,67,0.852,38,0.46,0.26,1
1770809575.220725,1,0,0.8583,692,0,1.42,1
1770809575.220749,18,56,0.8719,82,0,0.68,1
1770809575.2207685,19,67,0.852,40,0,0.26,1
1770809575.267882,1,0,0.8808,694,1.48,1.43,1
1770809575.2679253,18,56,0.8102,84,1.4,0.7,1
1770809575.2679417,19,67,0.7662,42,1.41,0.25,1
1770809575.314088,1,0,0.8796,696,0.42,1.43,1
1770809575.3141394,18,56,0.8461,86,1.44,0.68,1
1770809575.314162,19,67,0.7319,44,0.52,0.25,1
1770809575.3143036,1,0,0.8796,698,0,1.43,1
1770809575.3143277,18,56,0.8461,88,0,0.68,1
1770809575.3143468,19,67,0.7319,46,0,0.25,1
1770809575.3609967,1,0,0.8937,700,2.94,1.42,1
1770809575.361039,18,56,0.8311,90,1.23,0.66,1
1770809575.3610554,19,67,0.8499,48,1.92,0.25,1
1770809575.408845,1,0,0.8876,702,1.87,1.43,1
1770809575.4088871,18,56,0.805,92,0.87,0.67,1
1770809575.408904,19,67,0.8925,50,0.48,0.26,1
1770809575.4090168,1,0,0.8876,704,0,1.43,1
1770809575.4090364,18,56,0.805,94,0,0.67,1
1770809575.4090507,19,67,0.8925,52,0,0.26,1
1770809575.4619155,1,0,0.8815,706,0.88,1.43,1
1770809575.461967,18,56,0.8041,96,1.74,0.68,1
1770809575.4619884,19,67,0.7351,54,2.34,0.25,1
1770809575.517626,1,0,0.8809,708,1.54,1.44,1
1770809575.5176775,18,56,0.8177,98,2.84,0.71,1
1770809575.5176997,19,67,0.8683,56,1.25,0.25,1
1770809575.517838,1,0,0.8809,710,0,1.44,1
1770809575.5178614,18,56,0.8177,100,0,0.71,1
1770809575.5178802,19,67,0.8683,58,0,0.25,1
1770809575.5712993,1,0,0.88,712,1.55,1.43,1
1770809575.571349,18,56,0.8442,102,1.21,0.71,1
1770809576,19,67,0.7651,60,1.28,0.26,1
1770809576,1,0,0.8825,714,1.39,1.42,1
1770809576,18,56,0.7795,104,2.7,0.67,1
1770809575.6207008,19,67,0.8126,62,0.86,0.26,1
1770809575.620841,1,0,0.8825,716,0,1.42,1
1770809575.6208649,18,56,0.7795,106,0,0.67,1
1770809575.620884,19,67,0.8126,64,0,0.26,1
1770809575.671102,1,0,0.8732,718,3.09,1.42,1
1770809575.671145,18,56,0.66,108,0.95,0.66,1
1770809575.6711707,19,67,0.8157,66,1.8,0.26,1
1770809576,1,0,0.8701,720,1.65,1.43,1
1770809575.7199402,18,56,0.5802,110,0.5,0.67,1
1770809575.719962,19,67,0.8002,68,0.83,0.25,1
1770809575.7201045,1,0,0.8701,722,0,1.43,1
1770809575.7201283,18,56,0.5802,112,0,0.67,1
1770809575.7201474,19,67,0.8002,70,0,0.25,1
1770809575.7669022,1,0,0.867,724,2.25,1.43,1
1770809575.7669444,18,56,0.8139,114,1.05,0.67,1
1770809575.7669628,19,67,0.8428,72,1.19,0.25,1
1770809575.8157008,1,0,0.8794,726,0.76,1.43,1
1770809575.8157506,18,56,0.7902,116,1.52,0.7,1
1770809575.8157732,19,67,0.8273,74,0.9,0.25,1
1770809575.8159127,1,0,0.8794,728,0,1.43,1
1770809575.8159368,18,56,0.7902,118,0,0.7,1
1770809575.815956,19,67,0.8273,76,0,0.25,1
1770809575.8707013,1,0,0.8772,730,0.7,1.42,1
1770809575.870755,18,56,0.7684,120,3.81,0.66,1
1770809575.8707774,19,67,0.7205,78,1.11,0.26,1
1770809575.922517,1,0,0.8816,732,0.92,1.42,1
1770809576,18,56,0.8227,122,2.53,0.68,1
1770809575.9225914,19,67,0.8953,80,1.08,0.26,1
1770809575.9227328,1,0,0.8816,734,0,1.42,1
1770809575.9227574,18,56,0.8227,124,0,0.68,1
1770809575.922777,19,67,0.8953,82,0,0.26,1
1770809575.9718406,1,0,0.8918,736,2.18,1.43,1
1770809575.9718826,18,56,0.8168,126,1.63,0.69,1
1770809575.971899,19,67,0.8662,84,0.57,0.26,1
1770809576.0193083,1,0,0.8749,738,2.97,1.43,1
1770809576.0193508,18,56,0.7755,128,1.96,0.72,1
1770809576.0193677,19,67,0.905,86,0.93,0.26,1
1770809576.0194795,1,0,0.8749,740,0,1.43,1
1770809576.0194986,18,56,0.7755,130,0,0.72,1
1770809576.0195131,19,67,0.905,88,0,0.26,1
1770809576.0653222,1,0,0.8675,742,1.08,1.43,1
1770809576.0653694,18,56,0.8334,132,3.05,0.69,1
1770809576.0653858,19,67,0.8584,90,1.63,0.26,1
1770809576.1127331,1,0,0.8588,744,1.63,1.43,1
1770809576.1127765,18,56,0.7304,134,0.71,0.67,1
1770809576.1127927,19,67,0.8188,92,0.69,0.26,1
1770809576.1129036,1,0,0.8588,746,0,1.43,1
1770809576.112923,18,56,0.7304,136,0,0.67,1
1770809576.1129367,19,67,0.8188,94,0,0.26,1
1770809576.1614034,1,0,0.8865,748,0.32,1.44,1
1770809576.1614432,18,56,0.8407,138,1.99,0.7,1
1770809576.1614602,19,67,0.8464,96,0.95,0.26,1
1770809576.2078736,1,0,0.8657,750,0.8,1.42,1
1770809576.207915,18,56,0.857,140,0.87,0.69,1
1770809576.2079313,19,67,0.7893,98,1.24,0.26,1
1770809576.2080402,1,0,0.8657,752,0,1.42,1
1770809576.2080598,18,56,0.857,142,0,0.69,1
1770809576.2080746,19,67,0.7893,100,0,0.26,1
1770809576.2542255,1,0,0.8704,754,3.1,1.42,1
1770809576.254268,18,56,0.8456,144,2.71,0.67,1
1770809576.2542844,19,67,0.8461,102,1.12,0.26,1
1770809576.3045125,1,0,0.8931,756,1.87,1.43,1
1770809576.304563,18,56,0.8128,146,0.78,0.66,1
1770809576.3045857,19,67,0.8558,104,0.47,0.26,1
1770809576.304725,1,0,0.8931,758,0,1.43,1
1770809576.3047483,18,56,0.8128,148,0,0.66,1
1770809576.304768,19,67,0.8558,106,0,0.26,1
1770809576.354869,1,0,0.879,760,0.8,1.43,1
1770809576.3549116,18,56,0.8536,150,3.3,0.7,1
1770809576.354929,19,67,0.7503,108,2.06,0.25,1
1770809576.401966,1,0,0.8829,762,0.81,1.43,1
1770809576.402009,18,56,0.8314,152,1.73,0.69,1
1770809576.402026,19,67,0.8285,110,2.42,0.26,1
1770809576.4021358,1,0,0.8829,764,0,1.43,1
1770809576.4021547,18,56,0.8314,154,0,0.69,1
1770809576.4021685,19,67,0.8285,112,0,0.26,1
1770809576.453631,1,0,0.8889,766,0.35,1.44,1
1770809576.4536843,18,56,0.8137,156,0.54,0.68,1
1770809576.4537058,19,67,0.8024,114,1.91,0.27,1
1770809576.502798,1,0,0.8736,768,0.31,1.44,1
1770809576.5028405,18,56,0.8494,158,0.47,0.68,1
1770809576.5028572,19,67,0.8614,116,0.27,0.26,1
1770809576.502967,1,0,0.8736,770,0,1.44,1
1770809576.5029864,18,56,0.8494,160,0,0.68,1
1770809576.5030007,19,67,0.8614,118,0,0.26,1
1770809576.5532477,1,0,0.8891,772,0.12,1.43,1
1770809576.5532892,18,56,0.815,162,2.62,0.7,1
1770809576.553306,19,67,0.8509,120,1.31,0.27,1
1770809576.6050732,1,0,0.8786,774,0.28,1.43,1
1770809576.6051242,18,56,0.8009,164,0.46,0.69,1
1770809576.6051457,19,67,0.8404,122,0.22,0.27,1
1770809576.6052864,1,0,0.8786,776,0,1.43,1
1770809576.6053095,18,56,0.8009,166,0,0.69,1
1770809576.6053283,19,67,0.8404,124,0,0.27,1
1770809576.653103,1,0,0.8892,778,1.46,1.43,1
1770809576.6531453,18,56,0.8425,168,2.29,0.73,1
1770809576.6531656,19,67,0.7785,126,0.54,0.27,1
1770809576.704725,1,0,0.8765,780,0.87,1.43,1
1770809576.704767,18,56,0.823,170,2.98,0.69,1
1770809576.7047844,19,67,0.9024,128,0.22,0.27,1
1770809576.7049005,1,0,0.8765,782,0,1.43,1
1770809576.7049198,18,56,0.823,172,0,0.69,1
1770809576.7049334,19,67,0.9024,130,0,0.27,1
1770809576.7576015,1,0,0.8834,784,0.18,1.43,1
1770809576.7576451,18,56,0.8407,174,0.95,0.69,1
1770809576.7576623,19,67,0.7789,132,0.16,0.27,1
1770809576.8111825,1,0,0.8658,786,0.35,1.41,1
1770809576.8112326,18,56,0.859,176,0.54,0.69,1
1770809576.8112545,19,67,0.7965,134,0.1,0.27,1
1770809576.811393,1,0,0.8658,788,0,1.41,1
1770809576.8114169,18,56,0.859,178,0,0.69,1
1770809576.8114362,19,67,0.7965,136,0,0.27,1
1770809576.8612063,1,0,0.8827,790,0.43,1.42,1
1770809576.8612566,18,56,0.8532,180,0.4,0.69,1
1770809577,19,67,0.7973,138,0.33,0.27,1
1770809576.9100587,1,0,0.8869,792,1.32,1.42,1
1770809576.910111,18,56,0.8342,182,0.9,0.68,1
1770809576.9101326,19,67,0.8226,140,1.61,0.27,1
1770809576.9102726,1,0,0.8869,794,0,1.42,1
1770809576.910296,18,56,0.8342,184,0,0.68,1
1770809576.910315,19,67,0.8226,142,0,0.27,1
1770809576.9611144,1,0,0.8717,796,2.86,1.42,1
1770809576.9611568,18,56,0.8491,186,1.76,0.69,1
1770809576.9611738,19,67,0.9231,144,0.83,0.27,1
1770809577.011907,1,0,0.8853,798,2.18,1.43,1
1770809577.0119593,18,56,0.848,188,0.51,0.7,1
1770809577.0119832,19,67,0.6496,146,0.26,0.27,1
1770809577.012123,1,0,0.8853,800,0,1.43,1
1770809577.012147,18,56,0.848,190,0,0.7,1
1770809577.0121665,19,67,0.6496,148,0,0.27,1
1770809577.0654447,1,0,0.8875,802,0.77,1.44,1
1770809577.0654843,18,56,0.8648,192,0.58,0.7,1
1770809577.0655007,19,67,0.8825,150,1.13,0.27,1
1770809577.1162755,1,0,0.8712,804,0.57,1.44,1
1770809577.1163175,18,56,0.8278,194,1.95,0.68,1
1770809577.116335,19,67,0.8686,152,1.6,0.27,1
1770809577.1164477,1,0,0.8712,806,0,1.44,1
1770809577.1164727,18,56,0.8278,196,0,0.68,1
1770809577.1164875,19,67,0.8686,154,0,0.27,1
1770809577.1689014,1,0,0.8868,808,0.42,1.44,1
1770809577.1689537,18,56,0.7742,198,0.46,0.69,1
1770809577.1689758,19,67,0.8506,156,0.24,0.27,1
1770809577.2201452,1,0,0.8605,810,2.03,1.44,1
1770809577.2201872,18,56,0.8164,200,0.79,0.68,1
1770809577.220204,19,67,0.7427,158,3.06,0.27,1
1770809577.2203138,1,0,0.8605,812,0,1.44,1
1770809577.2203326,18,56,0.8164,202,0,0.68,1
1770809577.2203465,19,67,0.7427,160,0,0.27,1
1770809577.2671034,1,0,0.8859,814,2.27,1.42,1
1770809577.267146,18,56,0.8079,204,0.94,0.68,1
1770809577.2671623,19,67,0.7625,162,2.61,0.27,1
1770809577.318665,1,0,0.8784,816,2.3,1.43,1
1770809577.3187158,18,56,0.6855,206,0.56,0.68,1
1770809577.3187375,19,67,0.8461,164,0.51,0.27,1
1770809577.318878,1,0,0.8784,818,0,1.43,1
1770809577.3189027,18,56,0.6855,208,0,0.68,1
1770809577.3189223,19,67,0.8461,166,0,0.27,1
1770809577.3736508,1,0,0.8971,820,1.35,1.42,1
1770809577,18,56,0.8369,210,1.89,0.71,1
1770809577.373722,19,67,0.797,168,1.23,0.27,1
1770809577.4288783,1,0,0.8906,822,1.91,1.44,1
1770809577.428929,18,56,0.8446,212,1.03,0.72,1
1770809577.428953,19,67,0.8074,170,0.13,0.27,1
1770809577.4290938,1,0,0.8906,824,0,1.44,1
1770809577.4291186,18,56,0.8446,214,0,0.72,1
1770809577.4291382,19,67,0.8074,172,0,0.27,1
1770809577.4801865,1,0,0.8736,826,0.79,1.43,1
1770809577.4802294,18,56,0.8163,216,0.99,0.69,1
1770809577.4802456,19,67,0.8188,174,1.08,0.27,1
1770809577.5280373,1,0,0.8839,828,2.46,1.43,1
1770809577.5280876,18,56,0.8318,218,3.56,0.67,1
1770809577.5281093,19,67,0.8655,176,0.57,0.27,1
1770809577.5282462,1,0,0.8839,830,0,1.43,1
1770809577.5282724,18,56,0.8318,220,0,0.67,1
1770809577.5282912,19,67,0.8655,178,0,0.27,1
1770809577.5761223,1,0,0.8811,832,0.68,1.44,1
1770809577.5761662,18,56,0.6921,222,0.12,0.67,1
1770809577.5761838,19,67,0.754,180,2.45,0.27,1
1770809577.6296234,1,0,0.8991,834,0.86,1.43,1
1770809577.629679,18,56,0.7644,224,1.61,0.65,1
1770809577.6297002,19,67,0.7989,182,0.5,0.27,1
1770809577.6298418,1,0,0.8991,836,0,1.43,1
1770809577.629866,18,56,0.7644,226,0,0.65,1
1770809577.6298854,19,67,0.7989,184,0,0.27,1
1770809577.684136,1,0,0.8925,838,1.53,1.43,1
1770809577.6841798,18,56,0.7722,228,4.32,0.7,1
1770809577.6841972,19,67,0.7794,186,0.4,0.27,1
1770809577.7312555,1,0,0.8869,840,1.04,1.42,1
1770809577.7312996,18,56,0.8285,230,2.23,0.67,1
1770809577.7313168,19,67,0.7842,188,1.26,0.27,1
1770809577.7314303,1,0,0.8869,842,0,1.42,1
1770809577.7314496,18,56,0.8285,232,0,0.67,1
1770809577.7314637,19,67,0.7842,190,0,0.27,1
1770809577.7773943,1,0,0.8804,844,2.39,1.43,1
1770809577.7774725,18,56,0.8164,234,2.33,0.69,1
1770809577.7774942,19,67,0.7335,192,0.23,0.27,1
1770809577.8261156,1,0,0.8869,846,2.84,1.43,1
1770809577.8261583,18,56,0.8268,236,1.44,0.7,1
1770809577.826175,19,67,0.6646,194,1.24,0.27,1
1770809577.8262858,1,0,0.8869,848,0,1.43,1
1770809577.826305,18,56,0.8268,238,0,0.7,1
1770809577.8263192,19,67,0.6646,196,0,0.27,1
1770809577.8743496,1,0,0.8796,850,1.55,1.42,1
1770809577.8744051,18,56,0.8697,240,1.49,0.71,1
1770809577.8744302,19,67,0.785,198,1.91,0.27,1
1770809577.9254732,1,0,0.8829,852,0.33,1.43,1
1770809577.9255333,18,56,0.7665,242,2.13,0.68,1
1770809577.9255614,19,67,0.8028,200,0.35,0.27,1
1770809577.9257646,1,0,0.8829,854,0,1.43,1
1770809577.9257998,18,56,0.7665,244,0,0.68,1
1770809577.925823,19,67,0.8028,202,0,0.27,1
1770809577.973261,1,0,0.8824,856,0.56,1.44,1
1770809577.973303,18,56,0.8133,246,1.31,0.69,1
1770809577.9733198,19,67,0.721,204,1.23,0.27,1
1770809578.0244577,1,0,0.8935,858,0.06,1.45,1
1770809578.0245097,18,56,0.7747,248,1.85,0.67,1
1770809578.0245316,19,67,0.7543,206,1.51,0.27,1
1770809578.0246725,1,0,0.8935,860,0,1.45,1
1770809578.024696,18,56,0.7747,250,0,0.67,1
1770809578.0247154,19,67,0.7543,208,0,0.27,1
1770809578.0754795,1,0,0.8678,862,1.37,1.43,1
1770809578.075523,18,56,0.834,252,1.03,0.68,1
1770809578.0755403,19,67,0.8289,210,1.05,0.26,1
1770809578.1287494,1,0,0.8776,864,0.29,1.43,1
1770809578.1288002,18,56,0.7099,254,3.13,0.7,1
1770809578.1288218,19,67,0.8181,212,1.68,0.27,1
1770809578.1289608,1,0,0.8776,866,0,1.43,1
1770809578.128984,18,56,0.7099,256,0,0.7,1
1770809578.129003,19,67,0.8181,214,0,0.27,1
1770809578.1761372,1,0,0.8815,868,0.25,1.44,1
1770809578.1761825,18,56,0.8066,258,1.52,0.69,1
1770809578.1761997,19,67,0.7709,216,0.88,0.27,1
1770809578.221069,1,0,0.8751,870,1.18,1.44,1
1770809578.2211108,18,56,0.7887,260,1.94,0.68,1
1770809578.221128,19,67,0.7636,218,0.68,0.26,1
1770809578.2212398,1,0,0.8751,872,0,1.44,1
1770809578.2212596,18,56,0.7887,262,0,0.68,1
1770809578.221274,19,67,0.7636,220,0,0.26,1
1770809578.2711666,1,0,0.8972,874,0.59,1.43,1
1770809578.271217,18,56,0.7452,264,0.99,0.67,1
1770809578.2712388,19,67,0.7564,222,1.81,0.27,1
1770809578.3195288,1,0,0.8712,876,1.46,1.43,1
1770809578.3195713,18,56,0.7971,266,0.57,0.68,1
1770809578.3195882,19,67,0.7431,224,0.23,0.27,1
1770809578.319705,1,0,0.8712,878,0,1.43,1
1770809578.3197238,18,56,0.7971,268,0,0.68,1
1770809578.319738,19,67,0.7431,226,0,0.27,1
1770809578.3718567,1,0,0.8756,880,1.13,1.43,1
1770809578.3719046,18,56,0.8421,270,3.21,0.7,1
1770809578.371927,19,67,0.8149,228,0.34,0.27,1
1770809578.4200711,1,0,0.8683,882,0.34,1.42,1
1770809578.420112,18,56,0.6949,272,1.04,0.72,1
1770809578.420129,19,67,0.8299,230,0.2,0.27,1
1770809578.4202433,1,0,0.8683,884,0,1.42,1
1770809578.420262,18,56,0.6949,274,0,0.72,1
1770809578.4202762,19,67,0.8299,232,0,0.27,1
1770809578.4764087,1,0,0.8806,886,1.16,1.43,1
1770809578.476465,18,56,0.82,276,3.63,0.69,1
1770809578.476494,19,67,0.8128,234,0.48,0.26,1
1770809578.5261836,1,0,0.8779,888,0.18,1.43,1
1770809578.5262346,18,56,0.8165,278,1.68,0.69,1
1770809578.5262566,19,67,0.8545,236,0.92,0.27,1
1770809578.526401,1,0,0.8779,890,0,1.43,1
1770809578.5264254,18,56,0.8165,280,0,0.69,1
1770809578.5264463,19,67,0.8545,238,0,0.27,1
1770809578.5732324,1,0,0.8849,892,1.5,1.42,1
1770809578.5732756,18,56,0.8618,282,0.49,0.7,1
1770809578.5732925,19,67,0.8538,240,0.28,0.27,1
1770809578.6201954,1,0,0.8739,894,5.97,1.41,1
1770809578.6202364,18,56,0.8412,284,0.76,0.7,1
1770809578.620253,19,67,0.8607,242,0.28,0.27,1
1770809578.620365,1,0,0.8739,896,0,1.41,1
1770809578.6203835,18,56,0.8412,286,0,0.7,1
1770809578.6203983,19,67,0.8607,244,0,0.27,1
1770809578.6698282,1,0,0.879,898,3.66,1.42,1
1770809578.6698716,18,56,0.786,288,0.55,0.7,1
1770809578.669888,19,67,0.8416,246,0.91,0.27,1
1770809578.722694,1,0,0.8914,900,0.63,1.43,1
1770809578.7227392,18,56,0.8289,290,2.56,0.68,1
1770809578.722756,19,67,0.7902,248,0.7,0.27,1
1770809578.722867,1,0,0.8914,902,0,1.43,1
1770809578.7228856,18,56,0.8289,292,0,0.68,1
1770809579,19,67,0.7902,250,0,0.27,1
1770809578.7722526,1,0,0.8802,904,1.44,1.42,1
1770809578.772303,18,56,0.8264,294,1.78,0.66,1
1770809578.7723243,19,67,0.8746,252,1.36,0.27,1
1770809578.8265474,1,0,0.8753,906,0.59,1.42,1
1770809578.8265977,18,56,0.7795,296,2.95,0.69,1
1770809578.8266191,19,67,0.7868,254,0.88,0.26,1
1770809578.826758,1,0,0.8753,908,0,1.42,1
1770809578.8267822,18,56,0.7795,298,0,0.69,1
1770809578.826801,19,67,0.7868,256,0,0.26,1
1770809578.878316,1,0,0.8701,910,0.81,1.43,1
1770809578.8783586,18,56,0.807,300,2.03,0.7,1
1770809578.878375,19,67,0.8683,258,2.38,0.27,1
1770809578.9252355,1,0,0.8801,912,0.32,1.42,1
1770809578.9252772,18,56,0.8369,302,1.87,0.7,1
1770809578.925294,19,67,0.8125,260,0.25,0.27,1
1770809578.9254055,1,0,0.8801,914,0,1.42,1
1770809578.925426,18,56,0.8369,304,0,0.7,1
1770809578.9254396,19,67,0.8125,262,0,0.27,1
1770809578.9792812,1,0,0.8816,916,1.68,1.42,1
1770809578.9793332,18,56,0.8254,306,1.93,0.67,1
1770809578.9793556,19,67,0.8779,264,1.19,0.27,1
1770809579.031715,1,0,0.8751,918,1.86,1.42,1
1770809579.0317647,18,56,0.8742,308,2.19,0.69,1
1770809579.0317862,19,67,0.8366,266,1.45,0.26,1
1770809579.0319252,1,0,0.8751,920,0,1.42,1
1770809579.0319488,18,56,0.8742,310,0,0.69,1
1770809579.0319684,19,67,0.8366,268,0,0.26,1
1770809579.0845644,1,0,0.8889,922,1.35,1.43,1
1770809579.084615,18,56,0.842,312,0.81,0.68,1
1770809579.0846364,19,67,0.8001,270,1.72,0.27,1
1770809579.1365497,1,0,0.8954,924,1.62,1.43,1
1770809579.1365912,18,56,0.8455,314,1.33,0.69,1
1770809579.1366076,19,67,0.7807,272,0.57,0.27,1
1770809579.136721,1,0,0.8954,926,0,1.43,1
1770809579.1367393,18,56,0.8455,316,0,0.69,1
1770809579.136754,19,67,0.7807,274,0,0.27,1
1770809579.186261,1,0,0.873,928,2.03,1.41,1
1770809579.1863112,18,56,0.811,318,0.97,0.68,1
1770809579.1863327,19,67,0.8931,276,1.68,0.28,1
1770809579.2392118,1,0,0.8805,930,1.81,1.42,1
1770809579.2392626,18,56,0.8201,320,1.41,0.7,1
1770809579.2392845,19,67,0.8429,278,1.35,0.27,1
1770809579.2394245,1,0,0.8805,932,0,1.42,1
1770809579.2394483,18,56,0.8201,322,0,0.7,1
1770809579.2394676,19,67,0.8429,280,0,0.27,1
1770809579.289458,1,0,0.8892,934,2.19,1.43,1
1770809579.2895005,18,56,0.8139,324,1.18,0.72,1
1770809579.289518,19,67,0.7971,282,0.6,0.27,1
1770809579.3395762,1,0,0.8834,936,1.82,1.43,1
1770809579.3396175,18,56,0.7315,326,2.27,0.7,1
1770809579.339634,19,67,0.8482,284,0.41,0.27,1
1770809579.3397443,1,0,0.8834,938,0,1.43,1
1770809579.3397632,18,56,0.7315,328,0,0.7,1
1770809579.3397782,19,67,0.8482,286,0,0.27,1
1770809579.388704,1,0,0.8947,940,1.6,1.43,1
1770809579.388749,18,56,0.8444,330,0.45,0.68,1
1770809579.3887649,19,67,0.7897,288,0.48,0.27,1
1770809579.4406192,1,0,0.8753,942,2.67,1.43,1
1770809579.440671,18,56,0.8474,332,0.72,0.7,1
1770809579.440694,19,67,0.7526,290,0.87,0.27,1
1770809579.4408326,1,0,0.8753,944,0,1.43,1
1770809579.440856,18,56,0.8474,334,0,0.7,1
1770809579.440875,19,67,0.7526,292,0,0.27,1
1770809579.4907668,1,0,0.8893,946,0.27,1.43,1
1770809579.4908073,18,56,0.8238,336,1.4,0.68,1
1770809579.490824,19,67,0.8359,294,0.57,0.27,1
1770809579.5402243,1,0,0.8846,948,1.51,1.43,1
1770809579.5402696,18,56,0.8326,338,2.58,0.71,1
1770809579.5402873,19,67,0.724,296,0.36,0.27,1
1770809579.5403984,1,0,0.8846,950,0,1.43,1
1770809579.540417,18,56,0.8326,340,0,0.71,1
1770809579.5404303,19,67,0.724,298,0,0.27,1
1770809579.5884287,1,0,0.8805,952,0.87,1.44,1
1770809579.5884702,18,56,0.8251,342,3.23,0.68,1
1770809579.5884874,19,67,0.8699,300,0.99,0.27,1
1770809579.636052,1,0,0.8665,954,3.59,1.43,1
1770809579.6360946,18,56,0.8417,344,1.74,0.7,1
1770809579.636112,19,67,0.8274,302,0.13,0.27,1
1770809579.6362212,1,0,0.8665,956,0,1.43,1
1770809579.6362393,18,56,0.8417,346,0,0.7,1
1770809579.6362526,19,67,0.8274,304,0,0.27,1
1770809580,1,0,0.8728,958,0.48,1.42,1
1770809579.6898503,18,56,0.8539,348,0.56,0.71,1
1770809579.6898715,19,67,0.8224,306,2.57,0.27,1
1770809579.7444725,1,0,0.874,960,0.8,1.43,1
1770809579.7445483,18,56,0.6429,350,1.4,0.68,1
1770809579.7445734,19,67,0.8626,308,1.74,0.27,1
1770809579.7447348,1,0,0.874,962,0,1.43,1
1770809579.7447605,18,56,0.6429,352,0,0.68,1
1770809579.744781,19,67,0.8626,310,0,0.27,1
1770809579.799332,1,0,0.8537,964,0.15,1.43,1
1770809579.7993746,18,56,0.8355,354,0.32,0.68,1
1770809579.799392,19,67,0.878,312,0.98,0.27,1
1770809579.851436,1,0,0.8919,966,1.64,1.43,1
1770809579.8514876,18,56,0.8298,356,0.45,0.69,1
1770809579.8515098,19,67,0.7571,314,0.71,0.27,1
1770809579.8516634,1,0,0.8919,968,0,1.43,1
1770809579.8516912,18,56,0.8298,358,0,0.69,1
1770809579.8517127,19,67,0.7571,316,0,0.27,1
1770809579.897839,1,0,0.8666,970,2.73,1.43,1
1770809579.8978806,18,56,0.8044,360,0.39,0.68,1
1770809579.8978975,19,67,0.8286,318,0.72,0.27,1
1770809579.944203,1,0,0.887,972,0.4,1.43,1
1770809579.944246,18,56,0.7973,362,1.87,0.67,1
1770809579.9442637,19,67,0.7883,320,0.48,0.27,1
1770809579.9443748,1,0,0.887,974,0,1.43,1
1770809579.9443932,18,56,0.7973,364,0,0.67,1
1770809579.9444067,19,67,0.7883,322,0,0.27,1
1770809579.9932735,1,0,0.8669,976,0.43,1.42,1
1770809579.9933162,18,56,0.749,366,2.31,0.7,1
1770809579.9933336,19,67,0.8201,324,0.41,0.27,1
1770809580.045457,1,0,0.8721,978,2.14,1.41,1
1770809580.0454988,18,56,0.8419,368,1.73,0.7,1
1770809580.0455155,19,67,0.8208,326,0.14,0.27,1
1770809580.045625,1,0,0.8721,980,0,1.41,1
1770809580.0456438,18,56,0.8419,370,0,0.7,1
1770809580.045658,19,67,0.8208,328,0,0.27,1
1770809580.0957725,1,0,0.879,982,1.16,1.43,1
1770809580.0958152,18,56,0.7722,372,1.4,0.69,1
1770809580.0958326,19,67,0.8357,330,0.42,0.27,1
1770809580.144358,1,0,0.8827,984,0.45,1.43,1
1770809580.1444004,18,56,0.8218,374,3.31,0.71,1
1770809580.1444173,19,67,0.7545,332,0.09,0.27,1
1770809580.144534,1,0,0.8827,986,0,1.43,1
1770809580.1445534,18,56,0.8218,376,0,0.71,1
1770809580.1445675,19,67,0.7545,334,0,0.27,1
1770809580.193365,1,0,0.8805,988,0.18,1.43,1
1770809580.1934152,18,56,0.789,378,2.07,0.69,1
1770809580.193437,19,67,0.8696,336,0.42,0.27,1
1770809580.2408152,1,0,0.8875,990,0.2,1.42,1
1770809580.2408574,18,56,0.7309,380,1.11,0.68,1
1770809580.240874,19,67,0.7097,338,1.06,0.27,1
1770809580.2409842,1,0,0.8875,992,0,1.42,1
1770809580.2410038,18,56,0.7309,382,0,0.68,1
1770809580.2410176,19,67,0.7097,340,0,0.27,1
1770809580.2904506,1,0,0.8796,994,0.48,1.41,1
1770809580.2904932,18,56,0.8381,384,3.64,0.71,1
1770809580.2905102,19,67,0.85,342,1.17,0.26,1
1770809580.3397934,1,0,0.8789,996,0.11,1.4,1
1770809580.339846,18,56,0.8509,386,2.26,0.69,1
1770809580.339867,19,67,0.7857,344,1.88,0.27,1
1770809580.3400087,1,0,0.8789,998,0,1.4,1
1770809580.3400326,18,56,0.8509,388,0,0.69,1
1770809580.3400517,19,67,0.7857,346,0,0.27,1
1770809580.3893502,1,0,0.8936,1000,1.6,1.41,1
1770809580.389392,18,56,0.8329,390,1.88,0.68,1
1770809580.3894083,19,67,0.6546,348,0.72,0.27,1
1770809580.437243,1,0,0.8766,1002,0.43,1.43,1
1770809580.437285,18,56,0.823,392,0.34,0.68,1
1770809580.4373012,19,67,0.7383,350,0.49,0.27,1
1770809580.4374113,1,0,0.8766,1004,0,1.43,1
1770809580.437431,18,56,0.823,394,0,0.68,1
1770809580.4374454,19,67,0.7383,352,0,0.27,1
1770809580.4869187,1,0,0.8902,1006,2.17,1.44,1
1770809580.486961,18,56,0.8536,396,1.7,0.69,1
1770809580.486978,19,67,0.7175,354,0.37,0.27,1
1770809580.5388324,1,0,0.8801,1008,2.25,1.44,1
1770809580.538883,18,56,0.6914,398,0.28,0.69,1
1770809580.5389054,19,67,0.7269,356,0.24,0.27,1
1770809580.5390432,1,0,0.8801,1010,0,1.44,1
1770809580.5390668,18,56,0.6914,400,0,0.69,1
1770809580.539086,19,67,0.7269,358,0,0.27,1
1770809580.5910988,1,0,0.8821,1012,2.75,1.42,1
1770809580.5911508,18,56,0.8205,402,1.66,0.7,1
1770809580.5911732,19,67,0.8438,360,0.6,0.27,1
1770809580.6404364,1,0,0.8827,1014,1.34,1.43,1
1770809580.6404786,18,56,0.8516,404,1.89,0.69,1
1770809580.640495,19,67,0.8292,362,2.42,0.27,1
1770809580.6406057,1,0,0.8827,1016,0,1.43,1
1770809580.6406243,18,56,0.8516,406,0,0.69,1
1770809580.6406384,19,67,0.8292,364,0,0.27,1
1770809580.6873512,1,0,0.8771,1018,1.58,1.43,1
1770809580.6873968,18,56,0.7271,408,0.59,0.68,1
1770809580.6874137,19,67,0.6037,366,1.11,0.27,1
1770809580.738242,1,0,0.8838,1020,1.15,1.42,1
1770809580.7382848,18,56,0.7494,410,0.6,0.68,1
1770809580.7383013,19,67,0.7662,368,0.5,0.27,1
1770809580.738414,1,0,0.8838,1022,0,1.42,1
1770809580.7384338,18,56,0.7494,412,0,0.68,1
1770809580.738448,19,67,0.7662,370,0,0.27,1
1770809580.792369,1,0,0.8852,1024,1.09,1.43,1
1770809580.7924185,18,56,0.8101,414,1.93,0.69,1
1770809580.7924404,19,67,0.5086,372,0.14,0.28,1
1770809580.845831,1,0,0.8674,1026,2.79,1.42,1
1770809580.8458738,18,56,0.8114,416,0.56,0.7,1
1770809580.8458908,19,67,0.5898,374,0.53,0.28,1
1770809580.8460033,1,0,0.8674,1028,0,1.42,1
1770809580.846022,18,56,0.8114,418,0,0.7,1
1770809580.8460362,19,67,0.5898,376,0,0.28,1
1770809580.9020889,1,0,0.8687,1030,0.14,1.43,1
1770809580.902139,18,56,0.8402,420,0.14,0.7,1
1770809580.9021616,19,67,0.7956,378,0.32,0.27,1
1770809580.951779,1,0,0.8991,1032,1.35,1.43,1
1770809580.9518204,18,56,0.7659,422,0.77,0.7,1
1770809580.9518385,19,67,0.8176,380,1.25,0.28,1
1770809580.9519508,1,0,0.8991,1034,0,1.43,1
1770809581,18,56,0.7659,424,0,0.7,1
1770809580.951984,19,67,0.8176,382,0,0.28,1
1770809580.9991322,1,0,0.8937,1036,2.08,1.43,1
1770809580.9991837,18,56,0.8455,426,1.97,0.69,1
1770809580.9992063,19,67,0.675,384,2,0.27,1
1770809581.0513208,1,0,0.8821,1038,3.4,1.43,1
1770809581.0513694,18,56,0.7707,428,0.73,0.69,1
1770809581.051386,19,67,0.7027,386,0.8,0.27,1
1770809581.051503,1,0,0.8821,1040,0,1.43,1
1770809581.0515218,18,56,0.7707,430,0,0.69,1
1770809581.0515366,19,67,0.7027,388,0,0.27,1
1770809581,1,0,0.8862,1042,1.24,1.42,1
1770809581.101262,18,56,0.8221,432,1.71,0.71,1
1770809581.1012783,19,67,0.6944,390,0.62,0.27,1
1770809581.146851,1,0,0.8972,1044,0.49,1.44,1
1770809581.146894,18,56,0.8312,434,0.33,0.7,1
1770809581.146911,19,67,0.8409,392,1.16,0.26,1
1770809581.147022,1,0,0.8972,1046,0,1.44,1
1770809581.1470416,18,56,0.8312,436,0,0.7,1
1770809581.1470556,19,67,0.8409,394,0,0.26,1
1770809581.1956823,1,0,0.8825,1048,1.77,1.44,1
1770809581.1957252,18,56,0.7956,438,2.18,0.69,1
1770809581.1957424,19,67,0.7698,396,1.8,0.27,1
1770809581.2471168,1,0,0.8916,1050,0.88,1.43,1
1770809581,18,56,0.841,440,1.15,0.7,1
1770809581.2471774,19,67,0.7856,398,1.28,0.28,1
1770809581.2472916,1,0,0.8916,1052,0,1.43,1
1770809581.2473114,18,56,0.841,442,0,0.7,1
1770809581.2473254,19,67,0.7856,400,0,0.28,1
1770809581.297756,1,0,0.8839,1054,0.76,1.43,1
1770809581.297799,18,56,0.739,444,1.38,0.67,1
1770809581.2978165,19,67,0.8304,402,2.39,0.27,1
1770809581.3451772,1,0,0.8801,1056,1.63,1.45,1
1770809581.3452177,18,56,0.8148,446,0.8,0.69,1
1770809581.345235,19,67,0.6882,404,0.94,0.27,1
1770809581.3453462,1,0,0.8801,1058,0,1.45,1
1770809581.345365,18,56,0.8148,448,0,0.69,1
1770809581.3453789,19,67,0.6882,406,0,0.27,1
1770809581.3900633,1,0,0.8833,1060,0.5,1.45,1
1770809581.3901477,18,56,0.8138,450,1.92,0.68,1
1770809581.390165,19,67,0.8,408,0.3,0.27,1
1770809581.435805,1,0,0.8796,1062,0.4,1.44,1
1770809581.4358478,18,56,0.7345,452,2.58,0.7,1
1770809581.435864,19,67,0.7071,410,0.56,0.27,1
1770809581.4359722,1,0,0.8796,1064,0,1.44,1
1770809581.4359918,18,56,0.7345,454,0,0.7,1
1770809581.4360054,19,67,0.7071,412,0,0.27,1
1770809581.4868088,1,0,0.8796,1066,0.15,1.44,1
1770809581.4868605,18,56,0.7345,456,1,0.71,1
1770809581.4868834,19,67,0.7071,414,0.21,0.26,1
1770809581.5359206,1,0,0.8846,1068,1.41,1.43,1
1770809581.535962,18,56,0.8245,458,1.69,0.69,1
1770809581.5359783,19,67,0.7239,416,0.59,0.26,1
1770809581.536087,1,0,0.8846,1070,0,1.43,1
1770809581.536106,18,56,0.8245,460,0,0.69,1
1770809581.536121,19,67,0.7239,418,0,0.26,1
1770809581.5822148,1,0,0.8839,1072,4.1,1.42,1
1770809581.5822651,18,56,0.8122,462,1.33,0.68,1
1770809581.582287,19,67,0.8157,420,0.38,0.27,1
1770809581.6342375,1,0,0.8917,1074,0.52,1.43,1
1770809581.6342814,18,56,0.8293,464,0.4,0.68,1
1770809581.6342983,19,67,0.8243,422,0.44,0.27,1
1770809582,1,0,0.8917,1076,0,1.43,1
1770809581.634429,18,56,0.8293,466,0,0.68,1
1770809581.6344433,19,67,0.8243,424,0,0.27,1
1770809582,1,0,0.8735,1078,0.99,1.43,1
1770809581.6877098,18,56,0.8235,468,0.35,0.67,1
1770809581.6877325,19,67,0.7813,426,0.25,0.27,1
1770809581.7441523,1,0,0.88,1080,0.91,1.44,1
1770809581.744218,18,56,0.7764,470,0.77,0.67,1
1770809582,19,67,0.6666,428,0.45,0.27,1
1770809581.744382,1,0,0.88,1082,0,1.44,1
1770809581.7444065,18,56,0.7764,472,0,0.67,1
1770809581.744426,19,67,0.6666,430,0,0.27,1
1770809581.7976477,1,0,0.8814,1084,0.67,1.43,1
1770809581.7976928,18,56,0.8075,474,1.88,0.69,1
1770809582,19,67,0.7945,432,0.92,0.27,1
1770809581.853188,1,0,0.8872,1086,1.5,1.42,1
1770809581.8532312,18,56,0.8462,476,1.81,0.69,1
1770809581.8532486,19,67,0.7088,434,0.82,0.27,1
1770809582,1,0,0.8872,1088,0,1.42,1
1770809581.853379,18,56,0.8462,478,0,0.69,1
1770809581.8533933,19,67,0.7088,436,0,0.27,1
1770809581.9063332,1,0,0.885,1090,1.7,1.43,1
1770809581.9063854,18,56,0.6932,480,0.72,0.67,1
1770809581.9064076,19,67,0.8491,438,3.19,0.27,1
1770809581.956417,1,0,0.8918,1092,2.62,1.43,1
1770809581.9564583,18,56,0.8171,482,1.63,0.69,1
1770809581.956475,19,67,0.7913,440,2.18,0.28,1
1770809581.9565847,1,0,0.8918,1094,0,1.43,1
1770809581.9566033,18,56,0.8171,484,0,0.69,1
1770809581.9566174,19,67,0.7913,442,0,0.28,1
1770809582.0066652,1,0,0.8879,1096,1.02,1.42,1
1770809582.0067174,18,56,0.8337,486,1.64,0.67,1
1770809582.0067403,19,67,0.7323,444,2.61,0.26,1
1770809582.0601618,1,0,0.8826,1098,0.54,1.43,1
1770809582.060205,18,56,0.7371,488,0.66,0.68,1
1770809582.0602217,19,67,0.8187,446,1.78,0.26,1
1770809582.0603328,1,0,0.8826,1100,0,1.43,1
1770809582.0603514,18,56,0.7371,490,0,0.68,1
1770809582.0603657,19,67,0.8187,448,0,0.26,1
1770809582.1146948,1,0,0.8995,1102,2.02,1.44,1
1770809582.1147456,18,56,0.7921,492,2.86,0.65,1
1770809582.114768,19,67,0.8159,450,0.81,0.26,1
1770809582.171395,1,0,0.8916,1104,1.09,1.44,1
1770809582.171447,18,56,0.8579,494,3.12,0.68,1
1770809582.1714685,19,67,0.8038,452,0.41,0.26,1
1770809582.171608,1,0,0.8916,1106,0,1.44,1
1770809582.1716318,18,56,0.8579,496,0,0.68,1
1770809582.1716514,19,67,0.8038,454,0,0.26,1
1770809582.2289689,1,0,0.8771,1108,3.07,1.43,1
1770809582,18,56,0.7873,498,0.97,0.69,1
1770809582.2290266,19,67,0.746,456,2.48,0.27,1
1770809582.2799635,1,0,0.8681,1110,5.08,1.42,1
1770809582.280004,18,56,0.8677,500,0.75,0.7,1
1770809582.2800214,19,67,0.8691,458,1.66,0.27,1
1770809582.280134,1,0,0.8681,1112,0,1.42,1
1770809582.2801526,18,56,0.8677,502,0,0.7,1
1770809582.280167,19,67,0.8691,460,0,0.27,1
1770809582.3318124,1,0,0.8681,1114,1.91,1.42,1
1770809582.331854,18,56,0.8677,504,0.28,0.7,1
1770809582.331871,19,67,0.8691,462,0.6,0.28,1
1770809582.380874,1,0,0.8796,1116,3.4,1.42,1
1770809582.3809228,18,56,0.8476,506,0.18,0.7,1
1770809582.3809457,19,67,0.9099,464,0.68,0.28,1
1770809582.381086,1,0,0.8796,1118,0,1.42,1
1770809582.3811097,18,56,0.8476,508,0,0.7,1
1770809582.3811283,19,67,0.9099,466,0,0.28,1
1770809582.4343178,1,0,0.8809,1120,1.94,1.41,1
1770809582.4343712,18,56,0.842,510,0.79,0.69,1
1770809582.4343946,19,67,0.7972,468,3.13,0.29,1
1770809582.4857142,1,0,0.8926,1122,0.66,1.43,1
1770809582.485755,18,56,0.8331,512,0.55,0.7,1
1770809582.485772,19,67,0.8425,470,1.09,0.28,1
1770809582.485884,1,0,0.8926,1124,0,1.43,1
1770809582.4859028,18,56,0.8331,514,0,0.7,1
1770809582.4859169,19,67,0.8425,472,0,0.28,1
1770809582.5377946,1,0,0.886,1126,1.27,1.43,1
1770809582.5378382,18,56,0.8803,516,0.44,0.71,1
1770809582.5378554,19,67,0.8592,474,0.39,0.28,1
1770809582.5857646,1,0,0.893,1128,2.16,1.44,1
1770809582.585807,18,56,0.7244,518,2.4,0.68,1
1770809582.5858257,19,67,0.8112,476,1.12,0.29,1
1770809582.5859363,1,0,0.893,1130,0,1.44,1
1770809582.5859556,18,56,0.7244,520,0,0.68,1
1770809582.5859702,19,67,0.8112,478,0,0.29,1
1770809582.634336,1,0,0.904,1132,0.59,1.44,1
1770809582.6343875,18,56,0.8082,522,1.05,0.69,1
1770809583,19,67,0.8784,480,0.38,0.29,1
1770809582.6877058,1,0,0.8655,1134,0.95,1.43,1
1770809582.6877584,18,56,0.8713,524,1.43,0.7,1
1770809582.6877806,19,67,0.8908,482,0.19,0.29,1
1770809583,1,0,0.8655,1136,0,1.43,1
1770809582.6879442,18,56,0.8713,526,0,0.7,1
1770809582.6879635,19,67,0.8908,484,0,0.29,1
1770809582.7352722,1,0,0.8693,1138,3.02,1.42,1
1770809582.7353196,18,56,0.8135,528,1.02,0.7,1
1770809582.7353418,19,67,0.8755,486,0.32,0.29,1
1770809582.7823555,1,0,0.8939,1140,0.27,1.42,1
1770809582.7823987,18,56,0.8815,530,2.34,0.69,1
1770809582.7824156,19,67,0.8802,488,0.14,0.29,1
1770809582.7825248,1,0,0.8939,1142,0,1.42,1
1770809582.782545,18,56,0.8815,532,0,0.69,1
1770809583,19,67,0.8802,490,0,0.29,1
1770809582.8293266,1,0,0.8867,1144,2.29,1.44,1
1770809582.8293686,18,56,0.865,534,0.54,0.7,1
1770809582.8293862,19,67,0.8989,492,0.24,0.28,1
1770809582.8812282,1,0,0.854,1146,4.16,1.41,1
1770809583,18,56,0.8036,536,0.42,0.7,1
1770809582.8813014,19,67,0.9014,494,0.52,0.28,1
1770809582.8814418,1,0,0.854,1148,0,1.41,1
1770809582.881466,18,56,0.8036,538,0,0.7,1
1770809582.8814847,19,67,0.9014,496,0,0.28,1
1770809582.934265,1,0,0.8861,1150,3.15,1.43,1
1770809582.9343116,18,56,0.8258,540,0.43,0.69,1
1770809582.9343286,19,67,0.8413,498,0.26,0.29,1
1770809582.988053,1,0,0.8978,1152,1.18,1.44,1
1770809582.9880965,18,56,0.8784,542,0.35,0.7,1
1770809582.9881148,19,67,0.8638,500,0.22,0.29,1
1770809582.9882252,1,0,0.8978,1154,0,1.44,1
1770809582.9882443,18,56,0.8784,544,0,0.7,1
1770809582.9882586,19,67,0.8638,502,0,0.29,1
1770809583.035272,1,0,0.9038,1156,1.57,1.43,1
1770809583.0353222,18,56,0.7875,546,0.57,0.7,1
1770809583.0353448,19,67,0.8932,504,0.29,0.29,1
1770809583.0846846,1,0,0.8845,1158,0.13,1.42,1
1770809583.0847282,18,56,0.8093,548,1.84,0.67,1
1770809583.0847452,19,67,0.8262,506,2.58,0.28,1
1770809583.0848567,1,0,0.8845,1160,0,1.42,1
1770809583.0848758,18,56,0.8093,550,0,0.67,1
1770809583.0848894,19,67,0.8262,508,0,0.28,1
1770809583.134485,1,0,0.879,1162,2.7,1.43,1
1770809583.1345315,18,56,0.8459,552,1.48,0.68,1
1770809583.134556,19,67,0.8461,510,0.53,0.28,1
1770809583.1829195,1,0,0.879,1164,1,1.43,1
1770809583.1829622,18,56,0.8459,554,0.62,0.68,1
1770809583.182979,19,67,0.8461,512,0.23,0.28,1
1770809583.1830895,1,0,0.879,1166,0,1.43,1
1770809583.1831093,18,56,0.8459,556,0,0.68,1
1770809583.1831238,19,67,0.8461,514,0,0.28,1
1770809583.2298932,1,0,0.8704,1168,1.5,1.43,1
1770809583.2299364,18,56,0.8283,558,2.24,0.71,1
1770809583.229953,19,67,0.8687,516,0.49,0.28,1
1770809583.2811427,1,0,0.8935,1170,2.08,1.43,1
1770809583.2811854,18,56,0.7775,560,0.43,0.71,1
1770809583.281202,19,67,0.8838,518,0.93,0.29,1
1770809583.2813115,1,0,0.8935,1172,0,1.43,1
1770809583,18,56,0.7775,562,0,0.71,1
1770809583.2813437,19,67,0.8838,520,0,0.29,1
1770809583.330017,1,0,0.8895,1174,1.98,1.44,1
1770809583.330059,18,56,0.7734,564,0.79,0.7,1
1770809583.3300755,19,67,0.9019,522,0.77,0.29,1
1770809583.379367,1,0,0.8933,1176,1.76,1.44,1
1770809583.3794088,18,56,0.8176,566,3.62,0.67,1
1770809583.3794255,19,67,0.8869,524,0.45,0.29,1
1770809583.379537,1,0,0.8933,1178,0,1.44,1
1770809583.3795564,18,56,0.8176,568,0,0.67,1
1770809583.3795705,19,67,0.8869,526,0,0.29,1
1770809583.4324703,1,0,0.887,1180,0.71,1.45,1
1770809583.4325197,18,56,0.6756,570,0.48,0.65,1
1770809583.4325411,19,67,0.8323,528,1.21,0.28,1
1770809583.4885294,1,0,0.8723,1182,0.59,1.44,1
1770809583.4885807,18,56,0.8646,572,2.81,0.68,1
1770809583.488602,19,67,0.8204,530,0.54,0.29,1
1770809583.4887366,1,0,0.8723,1184,0,1.44,1
1770809583.4887593,18,56,0.8646,574,0,0.68,1
1770809583.4887784,19,67,0.8204,532,0,0.29,1
1770809583.5366004,1,0,0.8807,1186,0.39,1.43,1
1770809583.5366426,18,56,0.8379,576,2.56,0.71,1
1770809583.5366597,19,67,0.8586,534,0.47,0.29,1
1770809583.5863123,1,0,0.8853,1188,1.87,1.43,1
1770809583.5863566,18,56,0.8527,578,1.6,0.69,1
1770809583.586373,19,67,0.8811,536,0.48,0.29,1
1770809583.5864828,1,0,0.8853,1190,0,1.43,1
1770809583.5865014,18,56,0.8527,580,0,0.69,1
1770809583.5865152,19,67,0.8811,538,0,0.29,1
1770809583.639204,1,0,0.8671,1192,1.98,1.44,1
1770809583.6392562,18,56,0.7355,582,0.77,0.7,1
1770809583.6392777,19,67,0.8869,540,0.79,0.29,1
1770809583.6900585,1,0,0.8776,1194,0.22,1.44,1
1770809583.6901078,18,56,0.7725,584,0.8,0.71,1
1770809583.6901305,19,67,0.8479,542,0.3,0.29,1
1770809583.6902697,1,0,0.8776,1196,0,1.44,1
1770809583.690294,18,56,0.7725,586,0,0.71,1
1770809583.690313,19,67,0.8479,544,0,0.29,1
1770809583.7372658,1,0,0.8739,1198,0.33,1.42,1
1770809583.7373075,18,56,0.8173,588,0.84,0.7,1
1770809583.7373245,19,67,0.9102,546,0.13,0.29,1
1770809583.7894764,1,0,0.8893,1200,1.48,1.43,1
1770809583.7895284,18,56,0.8034,590,1.22,0.7,1
1770809583.7895508,19,67,0.8823,548,0.6,0.29,1
1770809583.789692,1,0,0.8893,1202,0,1.43,1
1770809583.7897158,18,56,0.8034,592,0,0.7,1
1770809583.7897358,19,67,0.8823,550,0,0.29,1
1770809583.8442647,1,0,0.8725,1204,0.63,1.42,1
1770809583.844315,18,56,0.7975,594,0.51,0.7,1
1770809583.8443367,19,67,0.8705,552,0.35,0.29,1
1770809583.8935568,1,0,0.8688,1206,3.41,1.42,1
1770809583.8935983,18,56,0.8684,596,0.75,0.7,1
1770809583.8936152,19,67,0.8707,554,0.2,0.29,1
1770809583.8937638,1,0,0.8688,1208,0,1.42,1
1770809583.8937953,18,56,0.8684,598,0,0.7,1
1770809583.893819,19,67,0.8707,556,0,0.29,1
1770809583.943756,1,0,0.88,1210,0.33,1.43,1
1770809583.943801,18,56,0.8571,600,0.5,0.69,1
1770809583.943818,19,67,0.8336,558,0.32,0.29,1
1770809583.9912372,1,0,0.8903,1212,1.9,1.43,1
1770809583.9912868,18,56,0.7647,602,0.46,0.67,1
1770809583.9913087,19,67,0.7679,560,1.18,0.29,1
1770809583.991448,1,0,0.8903,1214,0,1.43,1
1770809583.9914722,18,56,0.7647,604,0,0.67,1
1770809583.9914942,19,67,0.7679,562,0,0.29,1
1770809584.0452263,1,0,0.8854,1216,1.35,1.44,1
1770809584.045279,18,56,0.8218,606,0.42,0.68,1
1770809584.0453014,19,67,0.861,564,0.23,0.28,1
1770809584.1019282,1,0,0.8935,1218,1.01,1.42,1
1770809584.1019804,18,56,0.8123,608,1.41,0.7,1
1770809584.102002,19,67,0.849,566,0.43,0.29,1
1770809584.1021445,1,0,0.8935,1220,0,1.42,1
1770809584.1021686,18,56,0.8123,610,0,0.7,1
1770809584.102188,19,67,0.849,568,0,0.29,1
1770809584.151229,1,0,0.8694,1222,1.48,1.43,1
1770809584.151271,18,56,0.8122,612,1.62,0.69,1
1770809584.1512885,19,67,0.8392,570,1.53,0.28,1
1770809584.206386,1,0,0.8925,1224,1.2,1.43,1
1770809584.2064288,18,56,0.7803,614,1.22,0.68,1
1770809584.2064457,19,67,0.8548,572,1.34,0.29,1
1770809584.2065551,1,0,0.8925,1226,0,1.43,1
1770809584.206574,18,56,0.7803,616,0,0.68,1
1770809584.2065885,19,67,0.8548,574,0,0.29,1
1770809584,1,0,0.8817,1228,0.17,1.44,1
1770809584.253963,18,56,0.773,618,2.51,0.66,1
1770809584.2539797,19,67,0.8672,576,0.08,0.29,1
1770809584.2994416,1,0,0.8929,1230,0.15,1.44,1
1770809584.299493,18,56,0.7999,620,2.98,0.68,1
1770809584.2995143,19,67,0.8232,578,1.77,0.28,1
1770809584.299653,1,0,0.8929,1232,0,1.44,1
1770809584.2996798,18,56,0.7999,622,0,0.68,1
1770809584.2997005,19,67,0.8232,580,0,0.28,1
1770809584.3484092,1,0,0.8867,1234,0.82,1.44,1
1770809584.348451,18,56,0.8055,624,1.37,0.67,1
1770809584.3484674,19,67,0.8959,582,1.42,0.29,1
1770809584.3950408,1,0,0.8825,1236,1.38,1.43,1
1770809584.3950844,18,56,0.836,626,0.6,0.67,1
1770809584.395101,19,67,0.8769,584,0.64,0.29,1
1770809584.3952107,1,0,0.8825,1238,0,1.43,1
1770809584,18,56,0.836,628,0,0.67,1
1770809584.3952444,19,67,0.8769,586,0,0.29,1
1770809584.4412673,1,0,0.8873,1240,1.25,1.44,1
1770809584.4413097,18,56,0.7588,630,2.41,0.69,1
1770809584.4413269,19,67,0.8358,588,0.23,0.29,1
1770809584.493948,1,0,0.8715,1242,1.14,1.43,1
1770809584.493999,18,56,0.7317,632,1.19,0.68,1
1770809584.4940212,19,67,0.8572,590,0.58,0.28,1
1770809584.4941597,1,0,0.8715,1244,0,1.43,1
1770809584.4941826,18,56,0.7317,634,0,0.68,1
1770809584.4942017,19,67,0.8572,592,0,0.28,1
1770809584.5419743,1,0,0.8773,1246,2.61,1.42,1
1770809584.5420191,18,56,0.8491,636,1.11,0.67,1
1770809584.5420363,19,67,0.7902,594,1.4,0.28,1
1770809585,1,0,0.8852,1248,1.72,1.44,1
1770809584.5942743,18,56,0.7256,638,2.64,0.7,1
1770809584.594292,19,67,0.8813,596,0.84,0.28,1
1770809584.5944016,1,0,0.8852,1250,0,1.44,1
1770809584.5944204,18,56,0.7256,640,0,0.7,1
1770809584.5944352,19,67,0.8813,598,0,0.28,1
1770809584.6446054,1,0,0.8881,1252,1.59,1.43,1
1770809584.6446466,18,56,0.8104,642,0.77,0.7,1
1770809584.644663,19,67,0.8833,600,0.63,0.28,1
1770809584.6962554,1,0,0.8984,1254,0.27,1.44,1
1770809584.6962974,18,56,0.8283,644,0.33,0.7,1
1770809584.696314,19,67,0.8944,602,0.35,0.29,1
1770809584.6964254,1,0,0.8984,1256,0,1.44,1
1770809584.6964445,18,56,0.8283,646,0,0.7,1
1770809584.696458,19,67,0.8944,604,0,0.29,1
1770809584.7453592,1,0,0.8727,1258,0.56,1.43,1
1770809584.7454033,18,56,0.8314,648,1.02,0.69,1
1770809584.7454207,19,67,0.868,606,0.56,0.29,1
1770809584.792156,1,0,0.8868,1260,3.02,1.44,1
1770809584.7921982,18,56,0.8379,650,2.34,0.68,1
1770809584.792215,19,67,0.8972,608,0.45,0.29,1
1770809584.792325,1,0,0.8868,1262,0,1.44,1
1770809584.792344,18,56,0.8379,652,0,0.68,1
1770809584.7923577,19,67,0.8972,610,0,0.29,1
1770809584.8458984,1,0,0.886,1264,0.72,1.43,1
1770809584.845952,18,56,0.8364,654,0.7,0.68,1
1770809584.8459742,19,67,0.8637,612,0.54,0.29,1
1770809584.8972042,1,0,0.8881,1266,1.04,1.43,1
1770809584.8972468,18,56,0.7774,656,1.34,0.68,1
1770809584.8972638,19,67,0.8309,614,0.96,0.29,1
1770809584.8973737,1,0,0.8881,1268,0,1.43,1
1770809584.8973968,18,56,0.7774,658,0,0.68,1
1770809584.897418,19,67,0.8309,616,0,0.29,1
1770809585,1,0,0.8904,1270,1.46,1.43,1
1770809584.9488692,18,56,0.7409,660,2.66,0.7,1
1770809584.948891,19,67,0.8501,618,1.16,0.28,1
1770809585.0054195,1,0,0.8884,1272,1.52,1.43,1
1770809585.0054646,18,56,0.7985,662,0.82,0.69,1
1770809585.0054815,19,67,0.8112,620,0.26,0.29,1
1770809585.0055983,1,0,0.8884,1274,0,1.43,1
1770809585.005618,18,56,0.7985,664,0,0.69,1
1770809585.0056324,19,67,0.8112,622,0,0.29,1
1770809585.054059,1,0,0.8858,1276,0.75,1.43,1
1770809585.0541017,18,56,0.7799,666,1.4,0.7,1
1770809585.0541174,19,67,0.8561,624,1.04,0.28,1
1770809585.1053762,1,0,0.8864,1278,1.24,1.44,1
1770809585.1054196,18,56,0.7973,668,4.04,0.66,1
1770809585.105436,19,67,0.8434,626,1.47,0.29,1
1770809585.1055503,1,0,0.8864,1280,0,1.44,1
1770809585.1055696,18,56,0.7973,670,0,0.66,1
1770809585.105584,19,67,0.8434,628,0,0.29,1
1770809585.1550162,1,0,0.8831,1282,1.54,1.43,1
1770809585.155058,18,56,0.7141,672,0.64,0.67,1
1770809585.1550744,19,67,0.7856,630,2.52,0.29,1
1770809585.2028575,1,0,0.8694,1284,0.4,1.44,1
1770809585.2028997,18,56,0.8338,674,0.28,0.68,1
1770809585.2029164,19,67,0.8328,632,1.01,0.29,1
1770809585.2030263,1,0,0.8694,1286,0,1.44,1
1770809585.2030451,18,56,0.8338,676,0,0.68,1
1770809585.2030597,19,67,0.8328,634,0,0.29,1
1770809585.2507975,1,0,0.8801,1288,2.08,1.44,1
1770809585.250841,18,56,0.8443,678,1.06,0.68,1
1770809585.2508578,19,67,0.8204,636,0.45,0.29,1
1770809585.2995086,1,0,0.8801,1290,0.8,1.44,1
1770809585.299552,18,56,0.8443,680,0.41,0.69,1
1770809585.299569,19,67,0.8204,638,0.16,0.29,1
1770809585,1,0,0.8801,1292,0,1.44,1
1770809585.2996986,18,56,0.8443,682,0,0.69,1
1770809585.299713,19,67,0.8204,640,0,0.29,1
1770809585.3463368,1,0,0.8711,1294,0.77,1.43,1
1770809585.3463771,18,56,0.8446,684,0.78,0.7,1
1770809585.346394,19,67,0.8745,642,0.99,0.28,1
1770809585.4084983,1,0,0.8878,1296,0.27,1.43,1
1770809585.4085393,18,56,0.8386,686,1.45,0.68,1
1770809585.408555,19,67,0.7189,644,2.16,0.28,1
1770809585.4086616,1,0,0.8878,1298,0,1.43,1
1770809585.408681,18,56,0.8386,688,0,0.68,1
1770809585.4086952,19,67,0.7189,646,0,0.28,1
1770809585.4552915,1,0,0.8796,1300,0.65,1.44,1
1770809585.4553418,18,56,0.8075,690,1.4,0.7,1
1770809585.4553628,19,67,0.8277,648,0.97,0.27,1
1770809585.5088186,1,0,0.8945,1302,1.27,1.43,1
1770809585.5088704,18,56,0.7378,692,0.7,0.7,1
1770809585.508892,19,67,0.8617,650,2.35,0.28,1
1770809586,1,0,0.8945,1304,0,1.43,1
1770809585.5090537,18,56,0.7378,694,0,0.7,1
1770809585.5090728,19,67,0.8617,652,0,0.28,1
1770809585.5561783,1,0,0.8916,1306,1.15,1.42,1
1770809585.5562198,18,56,0.7693,696,1.18,0.69,1
1770809585.5562367,19,67,0.8736,654,0.14,0.28,1
1770809585.6083982,1,0,0.8917,1308,1.51,1.43,1
1770809585.608454,18,56,0.7907,698,0.88,0.68,1
1770809585.6084762,19,67,0.7864,656,3.03,0.28,1
1770809585.608616,1,0,0.8917,1310,0,1.43,1
1770809585.6086402,18,56,0.7907,700,0,0.68,1
1770809585.6086593,19,67,0.7864,658,0,0.28,1
1770809585.6592467,1,0,0.8869,1312,0.72,1.43,1
1770809585.6592994,18,56,0.767,702,0.95,0.68,1
1770809585.6593215,19,67,0.8418,660,1.63,0.28,1
1770809585.709362,1,0,0.8623,1314,0.84,1.43,1
1770809585.7094054,18,56,0.8396,704,1.04,0.7,1
1770809585.709423,19,67,0.8738,662,1.93,0.29,1
1770809585.7095342,1,0,0.8623,1316,0,1.43,1
1770809585.709553,18,56,0.8396,706,0,0.7,1
1770809585.709567,19,67,0.8738,664,0,0.29,1
1770809586,1,0,0.8822,1318,0.21,1.43,1
1770809585.7548523,18,56,0.7749,708,0.66,0.7,1
1770809585.7548783,19,67,0.883,666,0.61,0.29,1
1770809585.8043842,1,0,0.8997,1320,2.2,1.44,1
1770809585.804426,18,56,0.8146,710,0.58,0.69,1
1770809585.8044422,19,67,0.8646,668,0.12,0.28,1
1770809585.804553,1,0,0.8997,1322,0,1.44,1
1770809585.8045716,18,56,0.8146,712,0,0.69,1
1770809585.8045862,19,67,0.8646,670,0,0.28,1
1770809585.8528526,1,0,0.8814,1324,1.71,1.43,1
1770809585.852895,18,56,0.7905,714,0.43,0.69,1
1770809585.852912,19,67,0.8409,672,4.19,0.27,1
1770809585.8995683,1,0,0.8831,1326,0.41,1.44,1
1770809585.8996117,18,56,0.8311,716,0.28,0.69,1
1770809585.8996277,19,67,0.8085,674,0.89,0.28,1
1770809585.8997371,1,0,0.8831,1328,0,1.44,1
1770809585.899756,18,56,0.8311,718,0,0.69,1
1770809585.8997705,19,67,0.8085,676,0,0.28,1
1770809585.944309,1,0,0.9059,1330,0.94,1.44,1
1770809585.9443512,18,56,0.7603,720,0.31,0.7,1
1770809585.9443676,19,67,0.7975,678,0.7,0.28,1
1770809585.9939735,1,0,0.8707,1332,1.01,1.43,1
1770809585.994026,18,56,0.8598,722,1.29,0.69,1
1770809585.9940472,19,67,0.8601,680,0.22,0.28,1
1770809585.994185,1,0,0.8707,1334,0,1.43,1
1770809585.9942086,18,56,0.8598,724,0,0.69,1
1770809585.9942276,19,67,0.8601,682,0,0.28,1
1770809586.0453668,1,0,0.8769,1336,0.94,1.43,1
1770809586.0454082,18,56,0.7971,726,1.16,0.69,1
1770809586.0454247,19,67,0.7641,684,0.33,0.28,1
1770809586.0969543,1,0,0.8826,1338,1.78,1.44,1
1770809586.096999,18,56,0.7304,728,1.01,0.69,1
1770809586.0970156,19,67,0.8296,686,1.33,0.29,1
1770809586.0971267,1,0,0.8826,1340,0,1.44,1
1770809586.0971456,18,56,0.7304,730,0,0.69,1
1770809586,19,67,0.8296,688,0,0.29,1
1770809586.148012,1,0,0.8826,1342,0.67,1.45,1
1770809586.1480544,18,56,0.7304,732,0.38,0.7,1
1770809586.1480708,19,67,0.8296,690,0.51,0.29,1
1770809586.1990108,1,0,0.8775,1344,1.89,1.43,1
1770809586.1990545,18,56,0.7461,734,0.62,0.69,1
1770809586.1990714,19,67,0.8819,692,0.94,0.29,1
1770809586.1991827,1,0,0.8775,1346,0,1.43,1
1770809586.1992023,18,56,0.7461,736,0,0.69,1
1770809586.1992166,19,67,0.8819,694,0,0.29,1
1770809586.248024,1,0,0.8914,1348,3.21,1.44,1
1770809586.2480662,18,56,0.7937,738,2.17,0.68,1
1770809586.2480829,19,67,0.8474,696,0.61,0.29,1
1770809586.2970457,1,0,0.8794,1350,2.31,1.44,1
1770809586.2970889,18,56,0.6855,740,0.98,0.66,1
1770809586.297106,19,67,0.862,698,0.93,0.29,1
1770809586.297223,1,0,0.8794,1352,0,1.44,1
1770809586.2972426,18,56,0.6855,742,0,0.66,1
1770809586.2972572,19,67,0.862,700,0,0.29,1
1770809586.348097,1,0,0.8836,1354,1.32,1.44,1
1770809586.3481495,18,56,0.7117,744,2.16,0.66,1
1770809586.3481705,19,67,0.8322,702,1.02,0.29,1
1770809586.4010208,1,0,0.8849,1356,0.31,1.43,1
1770809586.4010606,18,56,0.7973,746,4.88,0.7,1
1770809586.4010775,19,67,0.8928,704,0.7,0.3,1
1770809586.4011884,1,0,0.8849,1358,0,1.43,1
1770809586.4012074,18,56,0.7973,748,0,0.7,1
1770809586.401222,19,67,0.8928,706,0,0.3,1
1770809586.4514546,1,0,0.8801,1360,0.83,1.43,1
1770809586.4514966,18,56,0.7881,750,0.45,0.69,1
1770809586.4515135,19,67,0.8866,708,0.57,0.3,1
1770809586.500033,1,0,0.8762,1362,0.76,1.43,1
1770809586.500077,18,56,0.8365,752,1.67,0.71,1
1770809586.5000937,19,67,0.8553,710,1.36,0.3,1
1770809586.5002048,1,0,0.8762,1364,0,1.43,1
1770809586.5002236,18,56,0.8365,754,0,0.71,1
1770809586.5002377,19,67,0.8553,712,0,0.3,1
1770809586.5479465,1,0,0.8853,1366,0.97,1.43,1
1770809586.547997,18,56,0.7675,756,1.46,0.69,1
1770809586.5480187,19,67,0.7575,714,2.19,0.29,1
1770809586.6107645,1,0,0.8737,1368,2.77,1.42,1
1770809586.6108062,18,56,0.8207,758,0.44,0.69,1
1770809586.610823,19,67,0.7996,716,1.58,0.3,1
1770809586.6109326,1,0,0.8737,1370,0,1.42,1
1770809586.6109524,18,56,0.8207,760,0,0.69,1
1770809586.610967,19,67,0.7996,718,0,0.3,1
1770809586.6649635,1,0,0.8705,1372,4.15,1.43,1
1770809586.6650164,18,56,0.8118,762,2.77,0.66,1
1770809586.665038,19,67,0.8656,720,0.1,0.3,1
1770809586.717168,1,0,0.8778,1374,0.99,1.42,1
1770809586.7172177,18,56,0.7511,764,0.67,0.67,1
1770809586.717239,19,67,0.8396,722,0.28,0.29,1
1770809586.7173789,1,0,0.8778,1376,0,1.42,1
1770809586.7174022,18,56,0.7511,766,0,0.67,1
1770809586.7174215,19,67,0.8396,724,0,0.29,1
1770809586.763948,1,0,0.8908,1378,0.81,1.43,1
1770809586.7639902,18,56,0.8294,768,1.77,0.69,1
1770809586.7640076,19,67,0.8104,726,1.1,0.3,1
1770809586.8108916,1,0,0.87,1380,0.34,1.42,1
1770809586.8109355,18,56,0.8426,770,2.68,0.72,1
1770809586.8109534,19,67,0.8865,728,0.23,0.3,1
1770809586.8110645,1,0,0.87,1382,0,1.42,1
1770809586.8110838,18,56,0.8426,772,0,0.72,1
1770809586.811098,19,67,0.8865,730,0,0.3,1
1770809586.8643663,1,0,0.876,1384,0.55,1.43,1
1770809586.8644202,18,56,0.8071,774,1.68,0.73,1
1770809586.8644426,19,67,0.8387,732,0.16,0.29,1
1770809586.914987,1,0,0.8886,1386,1.53,1.43,1
1770809586.9150372,18,56,0.8426,776,3.68,0.7,1
1770809586.9150596,19,67,0.8628,734,0.53,0.29,1
1770809586.9151988,1,0,0.8886,1388,0,1.43,1
1770809586.915223,18,56,0.8426,778,0,0.7,1
1770809586.915242,19,67,0.8628,736,0,0.29,1
1770809586.9609206,1,0,0.8886,1390,0.59,1.43,1
1770809586.9609642,18,56,0.8426,780,1.33,0.69,1
1770809586.9609804,19,67,0.8628,738,0.2,0.29,1
1770809587.0087636,1,0,0.8872,1392,1.63,1.43,1
1770809587.0088148,18,56,0.823,782,0.62,0.68,1
1770809587.0088372,19,67,0.8945,740,0.15,0.3,1
1770809587.0089774,1,0,0.8872,1394,0,1.43,1
1770809587.0090013,18,56,0.823,784,0,0.68,1
1770809587.0090203,19,67,0.8945,742,0,0.3,1
1770809587.0578055,1,0,0.8693,1396,0.83,1.43,1
1770809587.0578496,18,56,0.8603,786,1.23,0.68,1
1770809587.0578666,19,67,0.8808,744,0.36,0.3,1
1770809587.103856,1,0,0.8682,1398,1.1,1.43,1
1770809587.1038978,18,56,0.846,788,2.77,0.7,1
1770809587.103915,19,67,0.7478,746,2.87,0.29,1
1770809587.1040258,1,0,0.8682,1400,0,1.43,1
1770809587.1040452,18,56,0.846,790,0,0.7,1
1770809587.1040597,19,67,0.7478,748,0,0.29,1
1770809587.1505122,1,0,0.8887,1402,1,1.44,1
1770809587.1505704,18,56,0.8168,792,0.54,0.7,1
1770809587.1505978,19,67,0.833,750,0.66,0.29,1
1770809587.1976738,1,0,0.8807,1404,2.35,1.43,1
1770809587.197715,18,56,0.7667,794,0.4,0.7,1
1770809587.1977332,19,67,0.9051,752,0.42,0.28,1
1770809587.197844,1,0,0.8807,1406,0,1.43,1
1770809587.1978629,18,56,0.7667,796,0,0.7,1
1770809587.197878,19,67,0.9051,754,0,0.28,1
1770809587.2491848,1,0,0.8658,1408,0.8,1.43,1
1770809587.2492275,18,56,0.7268,798,0.6,0.68,1
1770809587.2492442,19,67,0.7815,756,1.07,0.28,1
1770809587.2969084,1,0,0.8859,1410,0.68,1.44,1
1770809587.2969508,18,56,0.8324,800,1.82,0.7,1
1770809587.2969675,19,67,0.8214,758,0.49,0.29,1
1770809587.2970765,1,0,0.8859,1412,0,1.44,1
1770809587.2970955,18,56,0.8324,802,0,0.7,1
1770809587.2971094,19,67,0.8214,760,0,0.29,1
1770809587.347601,1,0,0.8802,1414,0.36,1.44,1
1770809587.3476515,18,56,0.8465,804,2.68,0.69,1
1770809587.3476737,19,67,0.77,762,1.36,0.29,1
1770809587.4029343,1,0,0.8769,1416,3.47,1.42,1
1770809587.402984,18,56,0.8004,806,1.72,0.7,1
1770809587.4030068,19,67,0.7572,764,5.02,0.29,1
1770809587.4031472,1,0,0.8769,1418,0,1.42,1
1770809587.4031725,18,56,0.8004,808,0,0.7,1
1770809587.4031923,19,67,0.7572,766,0,0.29,1
1770809587.4481375,1,0,0.8769,1420,1.29,1.42,1
1770809587.4481878,18,56,0.8004,810,0.8,0.71,1
1770809587.4482088,19,67,0.7572,768,1.79,0.29,1
1770809587.4990814,1,0,0.8876,1422,1.03,1.42,1
1770809587.4991336,18,56,0.8503,812,0.22,0.71,1
1770809587.5499914,1,0,0.9133,1424,4.14,1.44,1
1770809587.5500348,18,56,0.7962,814,2.08,0.69,1
1770809587.600536,1,0,0.9159,1426,0.57,1.45,1
1770809587.600597,18,56,0.8174,816,0.67,0.69,1
1770809587.652238,1,0,0.9085,1428,2.13,1.44,1
1770809587.6522796,18,56,0.8601,818,0.66,0.68,1
1770809587.706218,1,0,0.9169,1430,0.84,1.44,1
1770809587.706272,18,56,0.8498,820,0.67,0.69,1
1770809587.7549324,1,0,0.9158,1432,1.59,1.45,1
1770809587.7549734,18,56,0.8529,822,2.17,0.7,1
1770809587.8047383,1,0,0.9199,1434,0.66,1.45,1
1770809587.8047934,18,56,0.8076,824,0.33,0.7,1
1770809587.8596578,1,0,0.9236,1436,1.03,1.45,1
1770809587.8597095,18,56,0.8092,826,0.18,0.7,1
1770809587.9108229,1,0,0.9193,1438,1.56,1.46,1
1770809587.9108722,18,56,0.8469,828,1.08,0.72,1
1770809587.9637911,1,0,0.8975,1440,3.33,1.48,1
1770809587.9638376,18,56,0.8234,830,0.62,0.72,1
1770809588.0151014,1,0,0.8991,1442,1.64,1.46,1
1770809588.0151443,18,56,0.827,832,2.68,0.69,1
1770809588.065652,1,0,0.8958,1444,0.93,1.47,1
1770809588.065693,18,56,0.8197,834,2.37,0.71,1
1770809588.1130884,1,0,0.8996,1446,0.67,1.47,1
1770809588.113152,18,56,0.756,836,1.92,0.73,1
1770809588.1680894,1,0,0.903,1448,1.52,1.47,1
1770809588.1681347,18,56,0.8263,838,3.32,0.72,1
1770809588.2260413,1,0,0.9025,1450,2.14,1.45,1
1770809588.2260911,18,56,0.7532,840,3.55,0.67,1
1770809588.2758665,1,0,0.8842,1452,0.64,1.45,1
1770809588.2759066,18,56,0.8373,842,4.22,0.71,1
1770809588.3259935,1,0,0.8909,1454,1.82,1.46,1
1770809588.3260543,18,56,0.8258,844,0.51,0.7,1
1770809588.380397,1,0,0.8684,1456,2.85,1.45,1
1770809588.3804402,18,56,0.8779,846,1.42,0.7,1
1770809588.4341972,1,0,0.8544,1458,1.51,1.45,1
1770809588.434247,18,56,0.7921,848,0.44,0.69,1
1770809588.488548,1,0,0.8887,1460,1.17,1.45,1
1770809588.488599,18,56,0.8934,850,2.44,0.73,1
1770809588.5393364,1,0,0.8911,1462,0.94,1.45,1
1770809588.539378,18,56,0.8367,852,0.95,0.72,1
1770809588.5895414,1,0,0.8784,1464,1.72,1.46,1
1770809588.5895925,18,56,0.8384,854,0.7,0.72,1
1770809588.6411052,1,0,0.8907,1466,1.32,1.45,1
1770809588.6411483,18,56,0.8126,856,0.54,0.71,1
1770809588.696102,1,0,0.8901,1468,0.7,1.46,1
1770809588.6961546,18,56,0.7216,858,2.3,0.68,1
1770809588.746777,1,0,0.8847,1470,1.83,1.45,1
1770809588.7468204,18,56,0.8827,860,1.83,0.7,1
1770809588.801034,1,0,0.885,1472,1,1.45,1
1770809588.8010852,18,56,0.8015,862,0.33,0.7,1
1770809588.858881,1,0,0.8679,1474,0.47,1.46,1
1770809588.858936,18,56,0.8487,864,0.25,0.7,1
1770809588.9146974,1,0,0.8884,1476,1.2,1.45,1
1770809588.9147484,18,56,0.8606,866,0.14,0.71,1
1770809588.964377,1,0,0.9,1478,0.46,1.44,1
1770809588.9644198,18,56,0.8546,868,1.3,0.7,1
1770809589.0141814,1,0,0.8832,1480,1.55,1.44,1
1770809589.014234,18,56,0.7621,870,1.34,0.68,1
1770809589.0694182,1,0,0.8686,1482,0.74,1.44,1
1770809589.0694623,18,56,0.8224,872,1.93,0.7,1
1770809589.1229382,1,0,0.8914,1484,3.19,1.47,1
1770809589.122982,18,56,0.8105,874,3.55,0.68,1
1770809589.1737363,1,0,0.8839,1486,1.04,1.47,1
1770809589.1737795,18,56,0.8079,876,0.73,0.68,1
1770809589.230155,1,0,0.8877,1488,0.81,1.47,1
1770809589.2301989,18,56,0.8503,878,1.9,0.69,1
1770809589.2791374,1,0,0.883,1490,0.67,1.48,1
1770809589.2792268,18,56,0.7252,880,4.11,0.67,1
1770809589.3282566,1,0,0.885,1492,0.96,1.47,1
1770809589.3282986,18,56,0.8061,882,1.82,0.69,1
1770809589.3778813,1,0,0.8911,1494,0.68,1.47,1
1770809589.3779306,18,56,0.6884,884,2.57,0.69,1
1770809589.4288106,1,0,0.869,1496,0.13,1.47,1
1770809589.4288547,18,56,0.5661,886,1.44,0.67,1
1770809589.4823089,1,0,0.8624,1498,4.06,1.45,1
1770809589.4823587,18,56,0.6319,888,1.9,0.68,1
1770809589.539475,1,0,0.8651,1500,1.25,1.45,1
1770809589.5395262,18,56,0.8137,890,2.41,0.68,1
1770809589.5939438,1,0,0.8619,1502,2.47,1.46,1
1770809589.5939956,18,56,0.7449,892,1.6,0.69,1
1770809589.644915,1,0,0.834,1504,2.74,1.48,1
1770809589.6449575,18,56,0.8443,894,1.13,0.69,1
1770809589.644974,28,67,0.6656,0,0,0.31,1
1770809589.6450858,1,0,0.834,1506,0,1.48,1
1770809589.6451051,18,56,0.8443,896,0,0.69,1
1770809589.6451194,28,67,0.6656,2,0,0.31,1
1770809589.6991308,1,0,0.8591,1508,1.73,1.5,1
1770809589.6991744,18,56,0.731,898,1.1,0.71,1
1770809589.6991916,28,67,0.8666,4,15.38,0.31,1
1770809589.749315,1,0,0.8954,1510,4.05,1.48,1
1770809589.7493572,18,56,0.7977,900,1.73,0.69,1
1770809589.749374,28,67,0.7697,6,28.64,0.29,1
1770809589.7494867,1,0,0.8954,1512,0,1.48,1
1770809589.7495053,18,56,0.7977,902,0,0.69,1
1770809589.7495198,28,67,0.7697,8,0,0.29,1
1770809589.8033178,1,0,0.8787,1514,2.02,1.48,1
1770809589.8033695,18,56,0.6794,904,1.34,0.68,1
1770809589.8033912,28,67,0.7622,10,12.74,0.27,1
1770809589.851479,1,0,0.8811,1516,1.48,1.47,1
1770809589.851521,18,56,0.7654,906,0.25,0.69,1
1770809589.8515382,28,67,0.777,12,6.39,0.27,1
1770809589.8516502,1,0,0.8811,1518,0,1.47,1
1770809590,18,56,0.7654,908,0,0.69,1
1770809589.8516843,28,67,0.777,14,0,0.27,1
1770809589.8998656,1,0,0.8856,1520,0.67,1.47,1
1770809589.8999217,18,56,0.8315,910,0.48,0.69,1
1770809589.899943,28,67,0.7781,16,2.18,0.27,1
1770809589.9542017,1,0,0.8883,1522,0.05,1.47,1
1770809589.954259,18,56,0.8222,912,0.61,0.69,1
1770809589.9542816,28,67,0.7095,18,1.51,0.28,1
1770809590,1,0,0.8883,1524,0,1.47,1
1770809589.9544542,18,56,0.8222,914,0,0.69,1
1770809589.9544735,28,67,0.7095,20,0,0.28,1
1770809590.0050368,1,0,0.8716,1526,0.71,1.48,1
1770809590.0050893,18,56,0.8327,916,1.54,0.71,1
1770809590.0051107,28,67,0.7803,22,6.39,0.25,1
1770809590.0583303,1,0,0.8779,1528,3.57,1.47,1
1770809590.0583816,18,56,0.8642,918,1.44,0.72,1
1770809590.0584023,28,67,0.743,24,2.52,0.25,1
1770809590.0585446,1,0,0.8779,1530,0,1.47,1
1770809590.0585687,18,56,0.8642,920,0,0.72,1
1770809590.0585885,28,67,0.743,26,0,0.25,1
1770809590.1073344,1,0,0.8733,1532,1.24,1.47,1
1770809590.1073847,18,56,0.5064,922,3.3,0.69,1
1770809590.107406,28,67,0.8014,28,1.48,0.26,1
1770809590.1619377,1,0,0.8733,1534,0.24,1.46,1
1770809590.1619897,18,56,0.828,924,1.3,0.7,1
1770809590.162011,28,67,0.7987,30,0.46,0.27,1
1770809590.1621516,1,0,0.8733,1536,0,1.46,1
1770809590.1621754,18,56,0.828,926,0,0.7,1
1770809590.162195,28,67,0.7987,32,0,0.27,1
1770809590.2169025,1,0,0.8609,1538,2.34,1.48,1
1770809590.216965,18,56,0.8172,928,0.3,0.7,1
1770809590.2169952,28,67,0.7344,34,1.41,0.27,1
1770809590.272839,1,0,0.8809,1540,0.88,1.49,1
1770809590,18,56,0.8234,930,0.16,0.7,1
1770809590.2728963,28,67,0.7016,36,1.73,0.26,1
1770809590.273006,1,0,0.8809,1542,0,1.49,1
1770809590.2730253,18,56,0.8234,932,0,0.7,1
1770809590.2730396,28,67,0.7016,38,0,0.26,1
1770809590.321236,1,0,0.872,1544,0.62,1.49,1
1770809590.3212776,18,56,0.8516,934,0.28,0.69,1
1770809590.3212938,28,67,0.7633,40,1.26,0.27,1
1770809590.371776,1,0,0.8687,1546,3.06,1.48,1
1770809590.371819,18,56,0.8214,936,1.64,0.67,1
1770809590.3718357,28,67,0.7144,42,0.52,0.29,1
1770809590.3719454,1,0,0.8687,1548,0,1.48,1
1770809590.3719645,18,56,0.8214,938,0,0.67,1
1770809590.3719788,28,67,0.7144,44,0,0.29,1
1770809590.4263115,1,0,0.8605,1550,0.85,1.47,1
1770809590.4263625,18,56,0.8035,940,0.98,0.67,1
1770809590.426384,28,67,0.8109,46,1.46,0.29,1
1770809590.4784722,1,0,0.8597,1552,2.88,1.47,1
1770809590.4785154,18,56,0.324,942,1.17,0.66,1
1770809590.4785316,28,67,0.7378,48,0.94,0.29,1
1770809590.4786508,1,0,0.8597,1554,0,1.47,1
1770809590.478671,18,56,0.324,944,0,0.66,1
1770809590.4786851,28,67,0.7378,50,0,0.29,1
1770809590.5252066,1,0,0.8769,1556,1.36,1.48,1
1770809590.525248,18,56,0.859,946,2.96,0.7,1
1770809590.5252657,28,67,0.8117,52,0.3,0.27,1
1770809590.570663,1,0,0.8474,1558,2.33,1.47,1
1770809590.570705,18,56,0.8223,948,2.3,0.72,1
1770809590.570721,28,67,0.8645,54,1.89,0.27,1
1770809590.5708334,1,0,0.8474,1560,0,1.47,1
1770809590.5708528,18,56,0.8223,950,0,0.72,1
1770809590.5708673,28,67,0.8645,56,0,0.27,1
1770809590.6208694,1,0,0.8436,1562,2.96,1.49,1
1770809590.620922,18,56,0.7658,952,2.15,0.7,1
1770809590.620943,28,67,0.7945,58,1.69,0.27,1
1770809590.6690383,1,0,0.8652,1564,1.78,1.5,1
1770809591,18,56,0.8293,954,1.17,0.69,1
1770809590.6691122,28,67,0.7926,60,0.21,0.28,1
1770809590.6692517,1,0,0.8652,1566,0,1.5,1
1770809590.6692748,18,56,0.8293,956,0,0.69,1
1770809590.6692936,28,67,0.7926,62,0,0.28,1
1770809590.7173023,1,0,0.8686,1568,3.03,1.48,1
1770809590.7173443,18,56,0.7206,958,1.22,0.71,1
1770809590.7173612,28,67,0.6821,64,0.31,0.28,1
1770809590.7642634,1,0,0.8646,1570,1.32,1.47,1
1770809590.7643054,18,56,0.7561,960,1.56,0.71,1
1770809590.7643223,28,67,0.7112,66,0.58,0.27,1
1770809590.764434,1,0,0.8646,1572,0,1.47,1
1770809590.7644536,18,56,0.7561,962,0,0.71,1
1770809590.7644677,28,67,0.7112,68,0,0.27,1
1770809590.813373,1,0,0.8728,1574,0.3,1.47,1
1770809590.8134272,18,56,0.7978,964,1.29,0.7,1
1770809590.8134496,28,67,0.6574,70,0.84,0.26,1
1770809590.861415,1,0,0.8669,1576,1.68,1.48,1
1770809590.8614564,18,56,0.8992,966,0.84,0.71,1
1770809590.861473,28,67,0.706,72,0.5,0.28,1
1770809590.861585,1,0,0.8669,1578,0,1.48,1
1770809590.8616035,18,56,0.8992,968,0,0.71,1
1770809590.861617,28,67,0.706,74,0,0.28,1
1770809590.914796,1,0,0.8672,1580,1.76,1.48,1
1770809590.9148388,18,56,0.8205,970,1.88,0.7,1
1770809590.914857,28,67,0.7045,76,0.72,0.27,1
1770809590.9631343,1,0,0.8696,1582,0.37,1.48,1
1770809590.9631774,18,56,0.8435,972,2.39,0.72,1
1770809590.9631944,28,67,0.7296,78,2.22,0.28,1
1770809590.9633076,1,0,0.8696,1584,0,1.48,1
1770809590.9633272,18,56,0.8435,974,0,0.72,1
1770809590.9633417,28,67,0.7296,80,0,0.28,1
1770809591,1,0,0.8657,1586,0.61,1.47,1
1770809591.015423,18,56,0.8031,976,1.93,0.69,1
1770809591.0154448,28,67,0.71,82,2.77,0.28,1
1770809591.0656354,1,0,0.8503,1588,0.59,1.48,1
1770809591.065679,18,56,0.7913,978,0.77,0.7,1
1770809591.0656958,28,67,0.6034,84,1.46,0.28,1
1770809591.0658057,1,0,0.8503,1590,0,1.48,1
1770809591.0658245,18,56,0.7913,980,0,0.7,1
1770809591.0658386,28,67,0.6034,86,0,0.28,1
1770809591.1161664,1,0,0.8785,1592,1.78,1.48,1
1770809591.1162076,18,56,0.8479,982,0.34,0.7,1
1770809591.1162243,28,67,0.6907,88,0.49,0.27,1
1770809591.1643028,1,0,0.8709,1594,0.98,1.47,1
1770809591.1643589,18,56,0.8159,984,0.91,0.71,1
1770809591.1643815,28,67,0.6456,90,0.59,0.26,1
1770809591.1645212,1,0,0.8709,1596,0,1.47,1
1770809591.1645453,18,56,0.8159,986,0,0.71,1
1770809591.1645648,28,67,0.6456,92,0,0.26,1
1770809591.2132015,1,0,0.8724,1598,0.22,1.48,1
1770809591.2132435,18,56,0.8195,988,1.33,0.72,1
1770809591.213261,28,67,0.6855,94,1.55,0.26,1
1770809591.2591434,1,0,0.8489,1600,1.43,1.47,1
1770809591.2591891,18,56,0.7816,990,1.4,0.7,1
1770809591.259206,28,67,0.8301,96,0.49,0.27,1
1770809591.259316,1,0,0.8489,1602,0,1.47,1
1770809591.2593348,18,56,0.7816,992,0,0.7,1
1770809591.259349,28,67,0.8301,98,0,0.27,1
1770809591.3093054,1,0,0.8698,1604,0.37,1.48,1
1770809591.3093486,18,56,0.594,994,1.06,0.69,1
1770809591.3093655,28,67,0.8511,100,1.44,0.28,1
1770809591.3588152,1,0,0.869,1606,0.29,1.48,1
1770809591.3588574,18,56,0.8461,996,1.61,0.72,1
1770809591.3588743,28,67,0.734,102,0.57,0.27,1
1770809591.3589876,1,0,0.869,1608,0,1.48,1
1770809591.359007,18,56,0.8461,998,0,0.72,1
1770809591.3590217,28,67,0.734,104,0,0.27,1
1770809591.4121883,1,0,0.8849,1610,0.55,1.47,1
1770809591.4122398,18,56,0.81,1000,0.59,0.72,1
1770809591.412262,28,67,0.6881,106,1.12,0.28,1
1770809591.4629436,1,0,0.8823,1612,0.36,1.47,1
1770809591.4629838,18,56,0.8119,1002,2.93,0.7,1
1770809591.463001,28,67,0.7166,108,1.45,0.28,1
1770809591.4631133,1,0,0.8823,1614,0,1.47,1
1770809591.4631324,18,56,0.8119,1004,0,0.7,1
1770809591.463146,28,67,0.7166,110,0,0.28,1
1770809591.511894,1,0,0.8758,1616,2.66,1.46,1
1770809591.5119357,18,56,0.8343,1006,1.95,0.71,1
1770809591.5119529,28,67,0.7728,112,0.84,0.28,1
1770809591.564811,1,0,0.8684,1618,1.84,1.46,1
1770809591.5648549,18,56,0.8321,1008,0.47,0.7,1
1770809591.5648713,28,67,0.8518,114,1.43,0.3,1
1770809591.564982,1,0,0.8684,1620,0,1.46,1
1770809591.5650015,18,56,0.8321,1010,0,0.7,1
1770809591.565016,28,67,0.8518,116,0,0.3,1
1770809591.6189578,1,0,0.8726,1622,3.1,1.49,1
1770809591.6190088,18,56,0.6855,1012,3.76,0.67,1
1770809591.6190307,28,67,0.7291,118,0.8,0.28,1
1770809591.6682007,1,0,0.8695,1624,1.55,1.49,1
1770809591.6682436,18,56,0.7353,1014,2.71,0.69,1
1770809591.6682606,28,67,0.8619,120,1.09,0.29,1
1770809591.6683693,1,0,0.8695,1626,0,1.49,1
1770809591.668388,18,56,0.7353,1016,0,0.69,1
1770809591.668402,28,67,0.8619,122,0,0.29,1
1770809591.7207456,1,0,0.8699,1628,3.1,1.47,1
1770809591.7207968,18,56,0.835,1018,0.34,0.7,1
1770809591.7208197,28,67,0.7085,124,0.84,0.29,1
1770809591.7709358,1,0,0.8477,1630,0.27,1.46,1
1770809591.7709854,18,56,0.8129,1020,0.72,0.7,1
1770809591.7710078,28,67,0.8877,126,0.83,0.3,1
1770809591.771146,1,0,0.8477,1632,0,1.46,1
1770809591.7711706,18,56,0.8129,1022,0,0.7,1
1770809591.7711902,28,67,0.8877,128,0,0.3,1
1770809591.8243694,1,0,0.8588,1634,1.29,1.46,1
1770809591.8244195,18,56,0.7571,1024,1.99,0.68,1
1770809591.8244426,28,67,0.831,130,0.88,0.31,1
1770809591.8725505,1,0,0.8705,1636,1.22,1.47,1
1770809591.8726082,18,56,0.6766,1026,0.61,0.68,1
1770809591.8726318,28,67,0.7757,132,0.52,0.3,1
1770809591.872779,1,0,0.8705,1638,0,1.47,1
1770809591.8728027,18,56,0.6766,1028,0,0.68,1
1770809591.872822,28,67,0.7757,134,0,0.3,1
1770809591.918282,1,0,0.8742,1640,0.55,1.46,1
1770809591.9183357,18,56,0.7727,1030,0.56,0.68,1
1770809591.9183578,28,67,0.8178,136,0.53,0.3,1
1770809592,1,0,0.8649,1642,2.3,1.46,1
1770809591.9686122,18,56,0.8112,1032,0.17,0.68,1
1770809591.968629,28,67,0.7769,138,0.87,0.29,1
1770809591.968741,1,0,0.8649,1644,0,1.46,1
1770809591.9687598,18,56,0.8112,1034,0,0.68,1
1770809591.9687734,28,67,0.7769,140,0,0.29,1
1770809592.0165038,1,0,0.8684,1646,0.77,1.46,1
1770809592.0165536,18,56,0.8279,1036,2.49,0.71,1
1770809592.016575,28,67,0.8643,142,1.02,0.3,1
1770809592.061102,1,0,0.856,1648,4.03,1.47,1
1770809592.0611525,18,56,0.5997,1038,0.39,0.7,1
1770809592.061175,28,67,0.8653,144,0.37,0.31,1
1770809592.0613143,1,0,0.856,1650,0,1.47,1
1770809592.0613382,18,56,0.5997,1040,0,0.7,1
1770809592.0613563,28,67,0.8653,146,0,0.31,1
1770809592.1100645,1,0,0.8761,1652,2.91,1.47,1
1770809592.110121,18,56,0.7783,1042,0.69,0.71,1
1770809592.1101472,28,67,0.8571,148,2.54,0.3,1
1770809592.156258,1,0,0.8758,1654,1.15,1.47,1
1770809592.156301,18,56,0.8236,1044,0.18,0.71,1
1770809592.1563172,28,67,0.886,150,0.89,0.3,1
1770809592.156427,1,0,0.8758,1656,0,1.47,1
1770809592.1564455,18,56,0.8236,1046,0,0.71,1
1770809592.1564596,28,67,0.886,152,0,0.3,1
1770809592.2048142,1,0,0.8642,1658,0.92,1.45,1
1770809592.2048564,18,56,0.8182,1048,2.48,0.68,1
1770809592.2048728,28,67,0.8087,154,0.1,0.3,1
1770809592.2571833,1,0,0.858,1660,2.95,1.47,1
1770809592.257226,18,56,0.7713,1050,1.44,0.7,1
1770809592.2572424,28,67,0.8964,156,0.99,0.31,1
1770809592.257353,1,0,0.858,1662,0,1.47,1
1770809592.2573714,18,56,0.7713,1052,0,0.7,1
1770809592.2573855,28,67,0.8964,158,0,0.31,1
1770809592.3133948,1,0,0.8688,1664,1.19,1.47,1
1770809592.3134482,18,56,0.795,1054,1.08,0.68,1
1770809592.3134696,28,67,0.9075,160,1.07,0.31,1
1770809592.3631122,1,0,0.8686,1666,2.78,1.45,1
1770809592.363155,18,56,0.8498,1056,2.11,0.71,1
1770809592.3631716,28,67,0.8712,162,0.97,0.32,1
1770809592.3632846,1,0,0.8686,1668,0,1.45,1
1770809592.3633037,18,56,0.8498,1058,0,0.71,1
1770809592.363318,28,67,0.8712,164,0,0.32,1
1770809592.4125843,1,0,0.8727,1670,0.68,1.45,1
1770809592.412626,18,56,0.8541,1060,1.82,0.72,1
1770809592.4126418,28,67,0.8842,166,2.92,0.32,1
1770809592.4602678,1,0,0.8786,1672,1.02,1.46,1
1770809592.4603093,18,56,0.8382,1062,0.92,0.72,1
1770809592.4603257,28,67,0.8401,168,2,0.32,1
1770809592.4604352,1,0,0.8786,1674,0,1.46,1
1770809592.460454,18,56,0.8382,1064,0,0.72,1
1770809592.4604683,28,67,0.8401,170,0,0.32,1
1770809592.5139554,1,0,0.87,1676,0.5,1.46,1
1770809592.514005,18,56,0.8288,1066,0.91,0.71,1
1770809592.514022,28,67,0.774,172,3.86,0.32,1
1770809593,1,0,0.8636,1678,1.05,1.46,1
1770809592.569039,18,56,0.8452,1068,3.07,0.68,1
1770809592.5690615,28,67,0.5746,174,20.22,0.39,1
1770809592.5692036,1,0,0.8636,1680,0,1.46,1
1770809592.5692277,18,56,0.8452,1070,0,0.68,1
1770809592.5692468,28,67,0.5746,176,0,0.39,1
1770809592.620547,1,0,0.8543,1682,0.72,1.47,1
1770809592.6205888,18,56,0.8091,1072,1.67,0.7,1
1770809592.670616,1,0,0.891,1684,1.92,1.46,1
1770809592.670667,18,56,0.8629,1074,1.46,0.72,1
1770809593,1,0,0.8895,1686,1.35,1.47,1
1770809592.7251627,18,56,0.8262,1076,1.4,0.69,1
1770809592.7767732,1,0,0.8879,1688,2.67,1.45,1
1770809592.776823,18,56,0.8146,1078,0.2,0.69,1
1770809592.8307228,1,0,0.8734,1690,2.9,1.47,1
1770809592.8307672,18,56,0.8324,1080,0.5,0.69,1
1770809592.8810694,1,0,0.8704,1692,2,1.45,1
1770809592.8811195,18,56,0.7498,1082,0.1,0.68,1
1770809592.9349742,1,0,0.8985,1694,1.67,1.46,1
1770809592.935015,18,56,0.7758,1084,1.01,0.7,1
1770809592.9911194,1,0,0.888,1696,1.4,1.46,1
1770809592.9911711,18,56,0.875,1086,0.98,0.69,1
1770809593.0439026,1,0,0.8892,1698,3.15,1.44,1
1770809593.0439527,18,56,0.8548,1088,0.54,0.7,1
1770809593.0912695,1,0,0.8803,1700,1.92,1.46,1
1770809593,18,56,0.7667,1090,0.14,0.7,1
1770809593.1415198,1,0,0.8884,1702,0.91,1.47,1
1770809593.1415627,18,56,0.8384,1092,0.61,0.69,1
1770809593.1950564,1,0,0.873,1704,2.75,1.44,1
1770809593,18,56,0.8301,1094,1.14,0.71,1
1770809593.2468884,1,0,0.8781,1706,1.15,1.43,1
1770809593.2469332,18,56,0.8043,1096,0.77,0.71,1
1770809593.2987068,1,0,0.8808,1708,2.16,1.45,1
1770809593.2987475,18,56,0.8256,1098,1.45,0.69,1
1770809593.349239,1,0,0.8907,1710,1.88,1.44,1
1770809593.349282,18,56,0.8543,1100,2.45,0.72,1
1770809593.4020588,1,0,0.892,1712,2.71,1.46,1
1770809593.4021096,18,56,0.796,1102,1.6,0.69,1
1770809593.4480274,1,0,0.8821,1714,1.83,1.44,1
1770809593.4480698,18,56,0.8567,1104,0.56,0.7,1
1770809593.4971983,1,0,0.8926,1716,2.43,1.46,1
1770809593.4972775,18,56,0.7886,1106,0.91,0.68,1
1770809593.550735,1,0,0.8882,1718,1.6,1.45,1
1770809593.550786,18,56,0.8053,1108,2.18,0.71,1
1770809593.599762,1,0,0.8966,1720,1.59,1.46,1
1770809593.5998046,18,56,0.8517,1110,2.22,0.69,1
1770809593.6509435,1,0,0.8805,1722,2.85,1.44,1
1770809593.650986,18,56,0.7743,1112,0.93,0.68,1
1770809593.7025025,1,0,0.9086,1724,1.89,1.46,1
1770809593.7025447,18,56,0.8285,1114,1.41,0.69,1
1770809593.7534378,1,0,0.8845,1726,1.18,1.46,1
1770809593.753481,18,56,0.8572,1116,1.53,0.72,1
1770809593.802185,1,0,0.8769,1728,1.34,1.47,1
1770809593.8022287,18,56,0.8391,1118,1.18,0.71,1
1770809593.850958,1,0,0.8682,1730,2.86,1.45,1
1770809593.8510013,18,56,0.8236,1120,0.26,0.7,1
1770809593.9031005,1,0,0.8762,1732,0.76,1.44,1
1770809593.903151,18,56,0.8443,1122,0.16,0.71,1
1770809593.9542224,1,0,0.8906,1734,0.43,1.44,1
1770809593.9542713,18,56,0.8496,1124,0.66,0.71,1
1770809594.0081005,1,0,0.8922,1736,1.26,1.44,1
1770809594.0081515,18,56,0.8193,1126,0.6,0.7,1
1770809594.0645144,1,0,0.8936,1738,4.39,1.48,1
1770809594.0645666,18,56,0.7949,1128,1.49,0.68,1
1770809594.1132815,1,0,0.8862,1740,4.13,1.47,1
1770809594.113334,18,56,0.867,1130,2.23,0.71,1
1770809594.1604452,1,0,0.8989,1742,0.66,1.46,1
1770809594.160489,18,56,0.7984,1132,1.69,0.69,1
1770809594.2115033,1,0,0.8893,1744,1.34,1.46,1
1770809594.211546,18,56,0.8587,1134,3.14,0.71,1
1770809594.2651017,1,0,0.8946,1746,0.93,1.46,1
1770809594.2651522,18,56,0.8126,1136,1.06,0.7,1
1770809594.3141022,1,0,0.9032,1748,0.31,1.46,1
1770809594,18,56,0.8305,1138,0.83,0.71,1
1770809594.3702807,1,0,0.8839,1750,0.92,1.47,1
1770809594.3703313,18,56,0.8277,1140,0.8,0.69,1
1770809594,1,0,0.9042,1752,4,1.49,1
1770809594.4211402,18,56,0.8219,1142,0.4,0.69,1
1770809594.4714506,1,0,0.8958,1754,3.24,1.47,1
1770809594.4714935,18,56,0.7867,1144,0.94,0.68,1
1770809594.521307,1,0,0.9095,1756,0.33,1.47,1
1770809594.521351,18,56,0.8513,1146,1.16,0.69,1
1770809594.567895,1,0,0.9012,1758,0.24,1.47,1
1770809594.5679443,18,56,0.8135,1148,1.57,0.68,1
1770809594.6169755,1,0,0.8795,1760,1.1,1.46,1
1770809594.617017,18,56,0.8118,1150,0.15,0.69,1
1770809594.6638017,1,0,0.897,1762,0.28,1.46,1
1770809594.6638446,18,56,0.8079,1152,1.43,0.7,1
1770809594.7189443,1,0,0.887,1764,0.16,1.46,1
1770809594.7189877,18,56,0.8318,1154,1.41,0.68,1
1770809594.766581,1,0,0.8873,1766,0.77,1.46,1
1770809594.7666264,18,56,0.8157,1156,0.53,0.68,1
1770809594.819081,1,0,0.8812,1768,1.07,1.46,1
1770809594.8191314,18,56,0.7959,1158,0.5,0.68,1
1770809594.8678017,1,0,0.8878,1770,2.56,1.47,1
1770809594.8678498,18,56,0.7897,1160,0.96,0.68,1
1770809594.916391,1,0,0.8998,1772,0.08,1.47,1
1770809594.9164362,18,56,0.8024,1162,0.62,0.67,1
1770809594.9617634,1,0,0.8908,1774,0.75,1.47,1
1770809594.9618068,18,56,0.8599,1164,1.77,0.69,1
1770809595.0119908,1,0,0.8833,1776,1.93,1.48,1
1770809595.0120318,18,56,0.8572,1166,0.48,0.69,1
1770809595.0661018,1,0,0.8672,1778,2.22,1.46,1
1770809595.0661454,18,56,0.8737,1168,1.52,0.71,1
1770809595.1173117,1,0,0.8275,1780,1.9,1.44,1
1770809595.117362,18,56,0.8385,1170,2.53,0.68,1
1770809595.1746054,1,0,0.8892,1782,1.75,1.46,1
1770809595.1746578,18,56,0.8514,1172,0.21,0.68,1
1770809595.225406,1,0,0.8782,1784,0.77,1.47,1
1770809595.225447,18,56,0.8503,1174,0.36,0.69,1
1770809595.225464,41,67,0.6697,0,0,0.27,1
1770809595.279967,1,0,0.8716,1786,0.55,1.47,1
1770809595.2800105,18,56,0.8282,1176,1.05,0.7,1
1770809595.2800274,41,67,0.721,2,8.54,0.27,1
1770809595.2801418,1,0,0.8716,1788,0,1.47,1
1770809595.2801611,18,56,0.8282,1178,0,0.7,1
1770809595.2801757,41,67,0.721,4,0,0.27,1
1770809595.3310146,1,0,0.8672,1790,0.2,1.47,1
1770809595.3310587,18,56,0.8314,1180,1.15,0.7,1
1770809595.331075,41,67,0.6767,6,5.2,0.28,1
1770809595.3805096,1,0,0.8757,1792,1.74,1.46,1
1770809595.380551,18,56,0.8474,1182,1.45,0.71,1
1770809595.3805685,41,67,0.681,8,3.44,0.29,1
1770809595.3806794,1,0,0.8757,1794,0,1.46,1
1770809595.380699,18,56,0.8474,1184,0,0.71,1
1770809595.3807132,41,67,0.681,10,0,0.29,-1
1770809595.4322414,1,0,0.8698,1796,0.7,1.46,1
1770809595.4322827,18,56,0.8565,1186,0.22,0.71,1
1770809595.4322996,41,67,0.7642,12,1.41,0.29,-1
1770809595.4818509,1,0,0.8779,1798,1.87,1.47,1
1770809595.4819026,18,56,0.8584,1188,0.35,0.71,1
1770809595.481925,41,67,0.728,14,1.5,0.31,-1
1770809595.4820662,1,0,0.8779,1800,0,1.47,1
1770809595.4820902,18,56,0.8584,1190,0,0.71,1
1770809595.4821117,41,67,0.728,16,0,0.31,1
1770809596,1,0,0.866,1802,2.1,1.46,1
1770809595.5327623,18,56,0.8404,1192,0.72,0.72,1
1770809595.5327792,41,67,0.7807,18,0.86,0.31,1
1770809595.583144,1,0,0.8601,1804,2.41,1.47,1
1770809595.5831928,18,56,0.7959,1194,3.18,0.69,1
1770809595.5832157,41,67,0.7489,20,1.44,0.32,1
1770809595.5833569,1,0,0.8601,1806,0,1.47,1
1770809595.5833807,18,56,0.7959,1196,0,0.69,1
1770809596,41,67,0.7489,22,0,0.32,1
1770809595.6329298,1,0,0.8556,1808,1.66,1.46,1
1770809595.632979,18,56,0.8068,1198,0.64,0.7,1
1770809595.6330006,41,67,0.7955,24,0.53,0.32,1
1770809595.681253,1,0,0.8673,1810,0.88,1.47,1
1770809595.681296,18,56,0.7983,1200,2.06,0.71,1
1770809595.681312,41,67,0.6835,26,0.8,0.33,1
1770809595.681422,1,0,0.8673,1812,0,1.47,1
1770809595.6814406,18,56,0.7983,1202,0,0.71,1
1770809595.6814542,41,67,0.6835,28,0,0.33,1
1770809595.7277453,1,0,0.8625,1814,0.96,1.46,1
1770809595.7277884,18,56,0.8225,1204,1.24,0.69,1
1770809595.727805,41,67,0.7794,30,1.26,0.31,1
1770809595.7780771,1,0,0.8529,1816,0.49,1.47,1
1770809595.7781312,18,56,0.8469,1206,0.92,0.69,1
1770809595.7781537,41,67,0.8014,32,2.57,0.3,1
1770809595.7782922,1,0,0.8529,1818,0,1.47,1
1770809595.7783158,18,56,0.8469,1208,0,0.69,1
1770809595.7783346,41,67,0.8014,34,0,0.3,1
1770809595.8288836,1,0,0.8652,1820,1.47,1.47,1
1770809595.828925,18,56,0.8352,1210,0.52,0.68,1
1770809595.8289416,41,67,0.6481,36,1.21,0.3,1
1770809595.8763044,1,0,0.8753,1822,1.6,1.46,1
1770809595.876346,18,56,0.808,1212,1.82,0.7,1
1770809595.876363,41,67,0.6933,38,1.5,0.3,1
1770809595.8764744,1,0,0.8753,1824,0,1.46,1
1770809595.8764932,18,56,0.808,1214,0,0.7,1
1770809595.8765082,41,67,0.6933,40,0,0.3,1
1770809595.9250076,1,0,0.8758,1826,0.85,1.45,1
1770809595.925048,18,56,0.7938,1216,2.54,0.67,1
1770809595.925064,41,67,0.6532,42,0.28,0.31,1
1770809595.9727995,1,0,0.8603,1828,0.37,1.45,1
1770809595.9728446,18,56,0.8387,1218,0.51,0.67,1
1770809595.9728642,41,67,0.7286,44,1.99,0.32,1
1770809595.9729805,1,0,0.8603,1830,0,1.45,1
1770809595.9730008,18,56,0.8387,1220,0,0.67,1
1770809595.9730167,41,67,0.7286,46,0,0.32,1
1770809596.0245123,1,0,0.8771,1832,1.35,1.47,1
1770809596.024554,18,56,0.8756,1222,0.8,0.69,1
1770809596.0245702,41,67,0.6196,48,1.16,0.32,1
1770809596.075554,1,0,0.8693,1834,2.39,1.46,1
1770809596.0755973,18,56,0.8571,1224,0.92,0.67,1
1770809596.0756135,41,67,0.6714,50,2.95,0.3,1
1770809596.0757256,1,0,0.8693,1836,0,1.46,1
1770809596.075745,18,56,0.8571,1226,0,0.67,1
1770809596.0757587,41,67,0.6714,52,0,0.3,1
1770809596.125353,1,0,0.8833,1838,1.3,1.46,1
1770809596.1253965,18,56,0.8731,1228,1.27,0.69,1
1770809596.125412,41,67,0.7495,54,2.76,0.3,1
1770809596.1774771,1,0,0.8693,1840,5.23,1.48,1
1770809596.1775296,18,56,0.7616,1230,0.33,0.68,1
1770809596.177549,41,67,0.7739,56,1.72,0.3,1
1770809596.1776705,1,0,0.8693,1842,0,1.48,1
1770809596.1776896,18,56,0.7616,1232,0,0.68,1
1770809596.1777036,41,67,0.7739,58,0,0.3,1
1770809596.2263677,1,0,0.8666,1844,4.95,1.45,1
1770809596.226409,18,56,0.8089,1234,0.71,0.69,1
1770809596.2264256,41,67,0.6541,60,1.44,0.3,1
1770809596.2791488,1,0,0.8859,1846,0.93,1.46,1
1770809596.279201,18,56,0.7479,1236,2.42,0.68,1
1770809596.2792232,41,67,0.7313,62,1.34,0.3,1
1770809596.2793653,1,0,0.8859,1848,0,1.46,1
1770809596,18,56,0.7479,1238,0,0.68,1
1770809596,41,67,0.7313,64,0,0.3,1
1770809596.329378,1,0,0.8859,1850,0.35,1.47,1
1770809596.329429,18,56,0.7479,1240,0.9,0.67,1
1770809596.329451,41,67,0.7313,66,0.47,0.3,1
1770809596.381679,1,0,0.8815,1852,1.36,1.46,1
1770809596.381734,18,56,0.8659,1242,2.44,0.69,1
1770809596.3817558,41,67,0.6738,68,0.64,0.3,1
1770809596.3818977,1,0,0.8815,1854,0,1.46,1
1770809596.3819225,18,56,0.8659,1244,0,0.69,1
1770809596.3819413,41,67,0.6738,70,0,0.3,1
1770809596.436953,1,0,0.875,1856,1.98,1.45,1
1770809596.4369972,18,56,0.8497,1246,2.23,0.71,1
1770809596.4370148,41,67,0.7555,72,1.74,0.29,1
1770809596.484993,1,0,0.8898,1858,1.77,1.47,1
1770809596.4850457,18,56,0.7593,1248,3.8,0.68,1
1770809596.4850638,41,67,0.7443,74,0.84,0.31,1
1770809596.485176,1,0,0.8898,1860,0,1.47,1
1770809596.485196,18,56,0.7593,1250,0,0.68,1
1770809596.4852102,41,67,0.7443,76,0,0.31,1
1770809596.5344906,1,0,0.8947,1862,2.79,1.45,1
1770809596.534532,18,56,0.8474,1252,0.68,0.68,1
1770809596.534549,41,67,0.7426,78,0.94,0.3,1
1770809596.5810146,1,0,0.8867,1864,2.03,1.47,1
1770809596.581058,18,56,0.8536,1254,1.45,0.7,1
1770809596.5810747,41,67,0.6918,80,0.37,0.3,1
1770809596.5811868,1,0,0.8867,1866,0,1.47,1
1770809596.5812058,18,56,0.8536,1256,0,0.7,1
1770809597,41,67,0.6918,82,0,0.3,1
1770809596.629277,1,0,0.8773,1868,0.94,1.47,1
1770809597,18,56,0.8672,1258,1.05,0.68,1
1770809596.6293368,41,67,0.7498,84,1.32,0.3,1
1770809596.6794188,1,0,0.8739,1870,2.1,1.46,1
1770809596.6794624,18,56,0.8283,1260,1.31,0.66,1
1770809596.6794791,41,67,0.7326,86,0.54,0.29,1
1770809596.6795917,1,0,0.8739,1872,0,1.46,1
1770809596.6796105,18,56,0.8283,1262,0,0.66,1
1770809596.6796248,41,67,0.7326,88,0,0.29,1
1770809596.732857,1,0,0.872,1874,1.36,1.47,1
1770809596.7329018,18,56,0.8087,1264,0.95,0.67,1
1770809596.7329187,41,67,0.5841,90,1.33,0.3,1
1770809596.7836275,1,0,0.8772,1876,0.83,1.46,1
1770809596.7836783,18,56,0.7257,1266,2.38,0.68,1
1770809596.7837007,41,67,0.7461,92,0.36,0.3,1
1770809597,1,0,0.8772,1878,0,1.46,1
1770809596.7838638,18,56,0.7257,1268,0,0.68,1
1770809596.7838838,41,67,0.7461,94,0,0.3,1
1770809596.8319645,1,0,0.876,1880,0.75,1.47,1
1770809596.8320043,18,56,0.8435,1270,0.99,0.67,1
1770809596.8320217,41,67,0.783,96,0.49,0.31,1
1770809596.8832088,1,0,0.8827,1882,1.42,1.45,1
1770809596.883259,18,56,0.7964,1272,2.41,0.7,1
1770809596.8832812,41,67,0.6727,98,0.55,0.31,1
1770809596.883421,1,0,0.8827,1884,0,1.45,1
1770809596.8834443,18,56,0.7964,1274,0,0.7,1
1770809596.883464,41,67,0.6727,100,0,0.31,1
1770809596.937199,1,0,0.8707,1886,3.21,1.47,1
1770809596.937249,18,56,0.8408,1276,0.48,0.71,1
1770809596.9372718,41,67,0.7529,102,1.17,0.3,1
1770809596.9860508,1,0,0.8693,1888,3.48,1.45,1
1770809596.986094,18,56,0.823,1278,1.72,0.69,1
1770809596.986111,41,67,0.7322,104,1.19,0.29,1
1770809596.9862237,1,0,0.8693,1890,0,1.45,1
1770809596.9862423,18,56,0.823,1280,0,0.69,1
1770809596.9862564,41,67,0.7322,106,0,0.29,1
1770809597.0367038,1,0,0.8699,1892,2.52,1.47,1
1770809597.036745,18,56,0.8386,1282,2.47,0.71,1
1770809597.0367618,41,67,0.5502,108,0.95,0.29,1
1770809597.0897894,1,0,0.8795,1894,0.58,1.46,1
1770809597.0898306,18,56,0.7494,1284,2.82,0.69,1
1770809597.0898478,41,67,0.6394,110,0.8,0.3,1
1770809597.0899596,1,0,0.8795,1896,0,1.46,1
1770809597.089979,18,56,0.7494,1286,0,0.69,1
1770809597.0899932,41,67,0.6394,112,0,0.3,1
1770809597.1397274,1,0,0.8827,1898,0.63,1.48,1
1770809597.1397717,18,56,0.8192,1288,1.65,0.7,1
1770809597.1397889,41,67,0.6593,114,0.99,0.3,1
1770809597.194638,1,0,0.8823,1900,2.16,1.47,1
1770809597.194685,18,56,0.8254,1290,0.28,0.7,1
1770809597.194702,41,67,0.7253,116,0.24,0.3,1
1770809597.1948156,1,0,0.8823,1902,0,1.47,1
1770809597.194835,18,56,0.8254,1292,0,0.7,1
1770809597.194849,41,67,0.7253,118,0,0.3,1
1770809597.242796,1,0,0.8766,1904,1.78,1.46,1
1770809597.2428389,18,56,0.7755,1294,1.22,0.71,1
1770809597.2428553,41,67,0.6851,120,0.42,0.29,1
1770809597.2963808,1,0,0.8789,1906,2.83,1.47,1
1770809597.2964418,18,56,0.8196,1296,0.58,0.71,1
1770809597.296463,41,67,0.6426,122,1.54,0.3,1
1770809597.296629,1,0,0.8789,1908,0,1.47,1
1770809597.2966588,18,56,0.8196,1298,0,0.71,1
1770809597.2966774,41,67,0.6426,124,0,0.3,1
1770809597.345188,1,0,0.8751,1910,4.53,1.5,1
1770809597.3452282,18,56,0.7817,1300,2.52,0.68,1
1770809597.3452444,41,67,0.6533,126,0.8,0.3,1
1770809597.393242,1,0,0.8836,1912,4.16,1.48,1
1770809597.3932836,18,56,0.8218,1302,0.54,0.69,1
1770809597.3933003,41,67,0.6485,128,0.84,0.3,1
1770809597.3934247,1,0,0.8836,1914,0,1.48,1
1770809597.393455,18,56,0.8218,1304,0,0.69,1
1770809597.393474,41,67,0.6485,130,0,0.3,1
1770809597.4461565,1,0,0.8591,1916,2.18,1.46,1
1770809597.4462082,18,56,0.8083,1306,0.46,0.69,1
1770809597.4462302,41,67,0.6286,132,1.51,0.3,1
1770809597.5000758,1,0,0.8734,1918,4.94,1.48,1
1770809597.5001173,18,56,0.8693,1308,2.36,0.72,1
1770809597.500134,41,67,0.6637,134,0.34,0.29,1
1770809597.5002468,1,0,0.8734,1920,0,1.48,1
1770809597.5002675,18,56,0.8693,1310,0,0.72,1
1770809597.500282,41,67,0.6637,136,0,0.29,1
1770809597.5528662,1,0,0.8682,1922,2.68,1.5,1
1770809597.552909,18,56,0.7323,1312,3.29,0.69,1
1770809597.5529246,41,67,0.6332,138,0.42,0.29,1
1770809597.6016886,1,0,0.884,1924,3.49,1.49,1
1770809597.6017346,18,56,0.8029,1314,0.19,0.68,1
1770809597.601751,41,67,0.7765,140,0.13,0.28,1
1770809597.6018658,1,0,0.884,1926,0,1.49,1
1770809597.6018844,18,56,0.8029,1316,0,0.68,1
1770809597.601899,41,67,0.7765,142,0,0.28,1
1770809597.6518574,1,0,0.8759,1928,2.23,1.47,1
1770809597.651908,18,56,0.637,1318,0.36,0.68,1
1770809597.6519296,41,67,0.6656,144,0.92,0.28,1
1770809597.704236,1,0,0.8711,1930,1.85,1.46,1
1770809597.704287,18,56,0.8459,1320,3.12,0.71,1
1770809598,41,67,0.6959,146,0.53,0.29,1
1770809597.7044516,1,0,0.8711,1932,0,1.46,1
1770809597.7044754,18,56,0.8459,1322,0,0.71,1
1770809597.7044952,41,67,0.6959,148,0,0.29,1
1770809597.7589004,1,0,0.8798,1934,0.3,1.45,1
1770809597.7589524,18,56,0.767,1324,0.33,0.71,1
1770809597.758975,41,67,0.6255,150,2.31,0.29,1
1770809597.8081474,1,0,0.8857,1936,1.02,1.44,1
1770809598,18,56,0.8819,1326,0.58,0.71,1
1770809597.808207,41,67,0.5619,152,2.62,0.3,1
1770809597.808319,1,0,0.8857,1938,0,1.44,1
1770809597.8083382,18,56,0.8819,1328,0,0.71,1
1770809597.808352,41,67,0.5619,154,0,0.3,1
1770809597.853049,1,0,0.8903,1940,0.95,1.44,1
1770809597.853089,18,56,0.8397,1330,0.11,0.71,1
1770809597.8531065,41,67,0.6294,156,0.34,0.3,1
1770809597.903271,1,0,0.8891,1942,0.9,1.45,1
1770809597.9033158,18,56,0.8034,1332,2.2,0.68,1
1770809597.9033322,41,67,0.6415,158,1.48,0.31,1
1770809597.903461,1,0,0.8891,1944,0,1.45,1
1770809597.903483,18,56,0.8034,1334,0,0.68,1
1770809597.9034972,41,67,0.6415,160,0,0.31,1
1770809597.957262,1,0,0.882,1946,0.79,1.44,1
1770809597.9573157,18,56,0.7828,1336,1.42,0.68,1
1770809597.9573376,41,67,0.5847,162,1.21,0.33,1
1770809598.0130403,1,0,0.8724,1948,0.43,1.45,1
1770809598.0130937,18,56,0.795,1338,0.88,0.69,1
1770809598.0131154,41,67,0.6637,164,1.67,0.34,1
1770809598.013256,1,0,0.8724,1950,0,1.45,1
1770809598.0132794,18,56,0.795,1340,0,0.69,1
1770809598.0132987,41,67,0.6637,166,0,0.34,1
1770809598.068647,1,0,0.8778,1952,0.76,1.44,1
1770809598.0686991,18,56,0.775,1342,3.03,0.67,1
1770809598.0687208,41,67,0.6281,168,1.23,0.34,1
1770809598.1226068,1,0,0.8859,1954,2.01,1.46,1
1770809598.1226492,18,56,0.8302,1344,1.48,0.69,1
1770809598.122666,41,67,0.4442,170,1.14,0.33,1
1770809598.122775,1,0,0.8859,1956,0,1.46,1
1770809598.1227937,18,56,0.8302,1346,0,0.69,1
1770809598.1228082,41,67,0.4442,172,0,0.33,1
1770809598.1777277,1,0,0.8862,1958,1.54,1.47,1
1770809598.1777785,18,56,0.7943,1348,1.41,0.68,1
1770809598.1778002,41,67,0.5945,174,0.4,0.35,1
1770809598.227497,1,0,0.9013,1960,1.93,1.45,1
1770809598.227538,18,56,0.8132,1350,1.79,0.69,1
1770809598.227555,41,67,0.3697,176,1.7,0.35,1
1770809598.2276664,1,0,0.9013,1962,0,1.45,1
1770809598.2276857,18,56,0.8132,1352,0,0.69,1
1770809598.2276995,41,67,0.3697,178,0,0.35,1
1770809598.2792635,1,0,0.8978,1964,0.95,1.46,1
1770809598.279313,18,56,0.804,1354,0.25,0.69,1
1770809598.2793355,41,67,0.6604,180,0.24,0.36,1
1770809598.3287742,1,0,0.9003,1966,0.98,1.47,1
1770809598.3288162,18,56,0.8115,1356,1.23,0.69,1
1770809598.3288326,41,67,0.54,182,1.11,0.37,1
1770809598.328943,1,0,0.9003,1968,0,1.47,1
1770809598.3289652,18,56,0.8115,1358,0,0.69,1
1770809598.3289795,41,67,0.54,184,0,0.37,1
1770809598.383483,1,0,0.8917,1970,1.43,1.48,1
1770809598.3835337,18,56,0.8227,1360,1.73,0.69,1
1770809598.3835554,41,67,0.6936,186,0.89,0.38,1
1770809598.4402564,1,0,0.8819,1972,1.97,1.46,1
1770809598.4403095,18,56,0.788,1362,1.64,0.68,1
1770809598.4403312,41,67,0.6726,188,0.61,0.43,1
1770809598.4404762,1,0,0.8819,1974,0,1.46,1
1770809598.4405005,18,56,0.788,1364,0,0.68,1
1770809598.4405203,41,67,0.6726,190,0,0.43,1
1770809598.4948287,1,0,0.8897,1976,1.14,1.46,1
1770809598.4948783,18,56,0.7665,1366,0.57,0.69,1
1770809598,41,67,0.6563,192,2.66,0.42,1
1770809599,1,0,0.8988,1978,1.18,1.45,1
1770809598.5429134,18,56,0.8073,1368,0.77,0.68,1
1770809599,41,67,0.6782,194,1.27,0.43,1
1770809598.5430417,1,0,0.8988,1980,0,1.45,1
1770809598.5430603,18,56,0.8073,1370,0,0.68,1
1770809598.543075,41,67,0.6782,196,0,0.43,1
1770809598.594184,1,0,0.8957,1982,0.84,1.45,1
1770809598.5942397,18,56,0.6379,1372,2.39,0.66,1
1770809598.5942616,41,67,0.486,198,3.85,0.5,1
1770809598.645783,1,0,0.8899,1984,0.91,1.46,1
1770809598.645825,18,56,0.5745,1374,1.45,0.66,1
1770809598.6458414,41,67,0.6159,200,1.71,0.5,1
1770809598.645954,1,0,0.8899,1986,0,1.46,1
1770809598.6459732,18,56,0.5745,1376,0,0.66,1
1770809598.6459873,41,67,0.6159,202,0,0.5,1
1770809598.6974444,1,0,0.8994,1988,0.82,1.46,1
1770809598.6974869,18,56,0.7796,1378,2.25,0.69,1
1770809598.697503,41,67,0.5999,204,0.95,0.47,1
1770809598.7506812,1,0,0.905,1990,0.58,1.46,1
1770809598.7507272,18,56,0.8371,1380,0.69,0.7,1
1770809598.750744,41,67,0.6749,206,0.81,0.44,1
1770809598.7508578,1,0,0.905,1992,0,1.46,1
1770809598.750877,18,56,0.8371,1382,0,0.7,1
1770809598.7508914,41,67,0.6749,208,0,0.44,1
1770809599,1,0,0.9115,1994,0.16,1.46,1
1770809598.8042626,18,56,0.7956,1384,0.34,0.7,1
1770809598.8042853,41,67,0.5328,210,1.13,0.48,1
1770809598.8570015,1,0,0.9115,1996,0.08,1.46,1
1770809598.8570435,18,56,0.7956,1386,0.15,0.7,1
1770809598.8570604,41,67,0.5328,212,0.45,0.49,1
1770809598.8570747,59,67,0.4261,0,0,0.5,1
1770809598.8570888,60,39,0.3271,0,0,0.31,0
1770809598.8571994,1,0,0.9115,1998,0,1.46,1
1770809598.8572185,18,56,0.7956,1388,0,0.7,1
1770809598.8572328,41,67,0.5328,214,0,0.49,1
1770809598.8572462,59,67,0.4261,2,0,0.5,1
1770809598.8572593,60,39,0.3271,2,0,0.31,0
1770809598.857363,1,0,0.9115,2000,0,1.46,1
1770809598.8573806,18,56,0.7956,1390,0,0.7,1
1770809598.8573942,41,67,0.5328,216,0,0.49,1
1770809598.8574078,59,67,0.4261,4,0,0.5,1
1770809598.8574214,60,39,0.3271,4,0,0.31,0
1770809598.9092257,1,0,0.8963,2002,0.51,1.45,1
1770809598.909277,18,56,0.824,1392,1.18,0.71,1
1770809598.9092996,41,67,0.5529,218,3.29,0.48,1
1770809599,59,67,0.457,6,2.18,0.52,1
1770809599,60,39,0.137,6,0.27,0.29,0
1770809598.9094722,1,0,0.8963,2004,0,1.45,1
1770809598.9094958,18,56,0.824,1394,0,0.71,1
1770809598.9095144,41,67,0.5529,220,0,0.48,1
1770809598.9095335,59,67,0.457,8,0,0.52,1
1770809598.9095516,60,39,0.137,8,0,0.29,0
1770809598.9635394,1,0,0.908,2006,1.63,1.45,1
1770809598.963583,18,56,0.8304,1396,0.99,0.7,1
1770809598.9636004,41,67,0.4912,222,0.23,0.47,1
1770809598.9636157,59,67,0.3818,10,1.77,0.55,1
1770809598.9636295,60,39,0.173,10,0.32,0.32,0
1770809598.963742,1,0,0.908,2008,0,1.45,1
1770809598.9637604,18,56,0.8304,1398,0,0.7,1
1770809598.9637747,41,67,0.4912,224,0,0.47,1
1770809598.9637885,59,67,0.3818,12,0,0.55,1
1770809598.9638011,60,39,0.173,12,0,0.32,0
1770809598.963905,1,0,0.908,2010,0,1.45,1
1770809598.9639232,18,56,0.8304,1400,0,0.7,1
1770809598.9639373,41,67,0.4912,226,0,0.47,1
1770809598.963951,59,67,0.3818,14,0,0.55,1
1770809598.9639647,60,39,0.173,14,0,0.32,0
1770809599.0163517,1,0,0.896,2012,0.98,1.45,1
1770809599.0164008,18,56,0.7999,1402,2.27,0.69,1
1770809599.016423,41,67,0.5154,228,2.34,0.46,1
1770809599.0164435,59,67,0.4371,16,2.17,0.54,1
1770809599.0164633,60,39,0.239,16,0.47,0.3,0
1770809599.0165987,1,0,0.896,2014,0,1.45,1
1770809599.0166228,18,56,0.7999,1404,0,0.69,1
1770809599.0166423,41,67,0.5154,230,0,0.46,1
1770809599.016661,59,67,0.4371,18,0,0.54,1
1770809599.0166798,60,39,0.239,18,0,0.3,0
1770809599.074372,1,0,0.9052,2016,0.61,1.45,1
1770809599.0744238,18,56,0.8403,1406,1.17,0.67,1
1770809599.0744455,41,67,0.5865,232,0.97,0.49,1
1770809599.074466,59,67,0.3032,20,0.71,0.54,1
1770809599.074485,60,39,0.1764,20,0.32,0.32,0
1770809599.0746243,1,0,0.9052,2018,0,1.45,1
1770809599.0746484,18,56,0.8403,1408,0,0.67,1
1770809599.0746677,41,67,0.5865,234,0,0.49,1
1770809599.0746863,59,67,0.3032,22,0,0.54,1
1770809599.0747044,60,39,0.1764,22,0,0.32,0
1770809599.0750089,1,0,0.9052,2020,0,1.45,1
1770809599.0750475,18,56,0.8403,1410,0,0.67,1
1770809599.0750642,41,67,0.5865,236,0,0.49,1
1770809599.0750782,59,67,0.3032,24,0,0.54,1
1770809599.0750914,60,39,0.1764,24,0,0.32,0
1770809599.128097,1,0,0.8973,2022,3.07,1.47,1
1770809599.1281474,18,56,0.6085,1412,1.22,0.68,1
1770809599.1281695,41,67,0.5953,238,1.07,0.47,1
1770809599.1281905,59,67,0.2272,26,0.7,0.51,1
1770809599.1283247,1,0,0.8973,2024,0,1.47,1
1770809599.1283495,18,56,0.6085,1414,0,0.68,1
1770809599.1283689,41,67,0.5953,240,0,0.47,1
1770809599.1283877,59,67,0.2272,28,0,0.51,1
1770809599.1804607,1,0,0.8915,2026,2.39,1.45,1
1770809599.1805058,18,56,0.6185,1416,0.22,0.68,1
1770809599.1805224,41,67,0.5456,242,2.12,0.47,1
1770809599.180538,59,67,0.2326,30,2.22,0.56,1
1770809599.180643,1,0,0.8915,2028,0,1.45,1
1770809599.180662,18,56,0.6185,1418,0,0.68,1
1770809599.180676,41,67,0.5456,244,0,0.47,1
1770809599.1806896,59,67,0.2326,32,0,0.56,1
1770809599.2377222,1,0,0.9014,2030,1.57,1.45,1
1770809599.2377777,18,56,0.7868,1420,0.35,0.68,1
1770809599,41,67,0.5494,246,1.96,0.49,1
1770809599.2378204,59,67,0.3046,34,2.32,0.56,1
1770809599.2379556,1,0,0.9014,2032,0,1.45,1
1770809599.2379794,18,56,0.7868,1422,0,0.68,1
1770809599.2379985,41,67,0.5494,248,0,0.49,1
1770809599.238017,59,67,0.3046,36,0,0.56,1
1770809599.2895746,1,0,0.8899,2034,0.91,1.44,1
1770809599.289616,18,56,0.8027,1424,0.66,0.68,1
1770809599.2896326,41,67,0.5364,250,1.03,0.49,1
1770809599.289647,59,67,0.2928,38,0.81,0.55,1
1770809599.2897532,1,0,0.8899,2036,0,1.44,1
1770809599.2897713,18,56,0.8027,1426,0,0.68,1
1770809599.2897851,41,67,0.5364,252,0,0.49,1
1770809599.2897987,59,67,0.2928,40,0,0.55,1
1770809599.336298,1,0,0.8946,2038,1.49,1.45,1
1770809599.3363404,18,56,0.8264,1428,1.38,0.68,1
1770809599.3363574,41,67,0.4989,254,1.79,0.49,1
1770809599.336373,59,67,0.3965,42,1.13,0.55,1
1770809599.3364775,1,0,0.8946,2040,0,1.45,1
1770809599.3364966,18,56,0.8264,1430,0,0.68,1
1770809599.336511,41,67,0.4989,256,0,0.49,1
1770809599.3365242,59,67,0.3965,44,0,0.55,1
1770809599.3861623,1,0,0.8911,2042,2.99,1.47,1
1770809599.3862033,18,56,0.851,1432,1.05,0.69,1
1770809599.3862195,41,67,0.3832,258,0.6,0.48,1
1770809599.3862343,59,67,0.2616,46,0.92,0.55,1
1770809599.3863378,1,0,0.8911,2044,0,1.47,1
1770809599.3863566,18,56,0.851,1434,0,0.69,1
1770809599.3863704,41,67,0.3832,260,0,0.48,1
1770809599.3863835,59,67,0.2616,48,0,0.55,1
1770809599.4406965,1,0,0.9099,2046,2.83,1.46,1
1770809599.4407375,18,56,0.8032,1436,0.92,0.69,1
1770809599.440754,41,67,0.623,262,0.88,0.48,1
1770809599,59,67,0.3061,50,1.95,0.53,1
1770809599.440875,1,0,0.9099,2048,0,1.46,1
1770809599.4408937,18,56,0.8032,1438,0,0.69,1
1770809599.4409082,41,67,0.623,264,0,0.48,1
1770809599.4409218,59,67,0.3061,52,0,0.53,1
1770809599.4967911,1,0,0.89,2050,0.99,1.47,1
1770809599.4968412,18,56,0.8126,1440,1.91,0.68,1
1770809599.4968636,41,67,0.461,266,1.54,0.48,1
1770809599.496884,59,67,0.3952,54,2.62,0.56,1
1770809599.497019,1,0,0.89,2052,0,1.47,1
1770809599.4970422,18,56,0.8126,1442,0,0.68,1
1770809599.4970615,41,67,0.461,268,0,0.48,1
1770809599.497081,59,67,0.3952,56,0,0.56,1
1770809599.5503612,1,0,0.9048,2054,1.21,1.47,1
1770809599.5504117,18,56,0.7958,1444,0.64,0.67,1
1770809599.5504346,41,67,0.5738,270,0.28,0.47,1
1770809599.5504544,59,67,0.4208,58,1.13,0.53,1
1770809599.550588,1,0,0.9048,2056,0,1.47,1
1770809599.550612,18,56,0.7958,1446,0,0.67,1
1770809599.5506315,41,67,0.5738,272,0,0.47,1
1770809599.5506496,59,67,0.4208,60,0,0.53,1
1770809599.5994904,1,0,0.8964,2058,1.75,1.46,1
1770809599.5995326,18,56,0.8014,1448,0.48,0.67,1
1770809599.5995488,41,67,0.4722,274,3.11,0.45,1
1770809599.5995638,59,67,0.3017,62,1.32,0.51,1
1770809599.5996685,1,0,0.8964,2060,0,1.46,1
1770809599.599687,18,56,0.8014,1450,0,0.67,1
1770809599.5997014,41,67,0.4722,276,0,0.45,1
1770809599.599715,59,67,0.3017,64,0,0.51,1
1770809599.6484132,1,0,0.8937,2062,1.44,1.46,1
1770809599.6484578,18,56,0.8567,1452,1.94,0.69,1
1770809599.6484742,41,67,0.6658,278,1.55,0.48,1
1770809599.648489,59,67,0.438,66,1.6,0.53,1
1770809599.648594,1,0,0.8937,2064,0,1.46,1
1770809599.6486125,18,56,0.8567,1454,0,0.69,1
1770809599.6486268,41,67,0.6658,280,0,0.48,1
1770809599.6486404,59,67,0.438,68,0,0.53,1
1770809599.701435,1,0,0.8966,2066,1.7,1.45,1
1770809599.7014782,18,56,0.8674,1456,1.28,0.7,1
1770809599.7014954,41,67,0.6087,282,1.68,0.48,1
1770809599.7015104,59,67,0.4809,70,1.1,0.53,1
1770809599.701616,1,0,0.8966,2068,0,1.45,1
1770809599.7016351,18,56,0.8674,1458,0,0.7,1
1770809599.701649,41,67,0.6087,284,0,0.48,1
1770809599.7016623,59,67,0.4809,72,0,0.53,1
1770809600,1,0,0.8871,2070,2.26,1.46,1
1770809599.751001,18,56,0.7924,1460,0.56,0.69,1
1770809599.7510176,41,67,0.5381,286,1.93,0.49,1
1770809599.7510324,59,67,0.335,74,1.65,0.55,1
1770809600,1,0,0.8871,2072,0,1.46,1
1770809599.7511587,18,56,0.7924,1462,0,0.69,1
1770809599.7511728,41,67,0.5381,288,0,0.49,1
1770809599.7511864,59,67,0.335,76,0,0.55,1
1770809599.8129897,1,0,0.9017,2074,0.39,1.46,1
1770809599.8130395,18,56,0.8151,1464,0.54,0.7,1
1770809599.8130612,41,67,0.4865,290,1.28,0.46,1
1770809599.813081,59,67,0.3274,78,2.67,0.52,1
1770809599.813217,1,0,0.9017,2076,0,1.46,1
1770809599.8132403,18,56,0.8151,1466,0,0.7,1
1770809599.8132606,41,67,0.4865,292,0,0.46,1
1770809599.8132794,59,67,0.3274,80,0,0.52,1
1770809599.867555,1,0,0.8923,2078,0.97,1.47,1
1770809599.8676054,18,56,0.8153,1468,1.83,0.69,1
1770809599.867628,41,67,0.5455,294,1.44,0.47,1
1770809599.8676484,59,67,0.4108,82,2.6,0.53,1
1770809599.867813,1,0,0.8923,2080,0,1.47,1
1770809599.8678403,18,56,0.8153,1470,0,0.69,1
1770809599.8678627,41,67,0.5455,296,0,0.47,1
1770809599.8678782,59,67,0.4108,84,0,0.53,1
1770809599.922254,1,0,0.8836,2082,1.64,1.46,1
1770809599.922305,18,56,0.8224,1472,1.82,0.71,1
1770809599.9223263,41,67,0.5036,298,0.15,0.47,1
1770809599.9223473,59,67,0.4196,86,5.94,0.49,1
1770809599.922481,1,0,0.8836,2084,0,1.46,1
1770809599.922505,18,56,0.8224,1474,0,0.71,1
1770809599.9225235,41,67,0.5036,300,0,0.47,1
1770809599.922542,59,67,0.4196,88,0,0.49,1
1770809599.9765077,1,0,0.9006,2086,2.73,1.48,1
1770809599.9765503,18,56,0.8128,1476,0.87,0.7,1
1770809599.976567,41,67,0.3941,302,2.09,0.47,1
1770809599.976581,59,67,0.3172,90,3.84,0.49,1
1770809599.9766884,1,0,0.9006,2088,0,1.48,1
1770809599.976707,18,56,0.8128,1478,0,0.7,1
1770809599.9767208,41,67,0.3941,304,0,0.47,1
1770809599.9767344,59,67,0.3172,92,0,0.49,1
1770809600.0286558,1,0,0.8701,2090,0.95,1.47,1
1770809600.0286968,18,56,0.8436,1480,0.42,0.7,1
1770809600.0287137,41,67,0.5484,306,0.62,0.47,1
1770809600.028728,59,67,0.1943,94,1.52,0.45,0
1770809600.028836,1,0,0.8701,2092,0,1.47,1
1770809600.0288556,18,56,0.8436,1482,0,0.7,1
1770809600,41,67,0.5484,308,0,0.47,1
1770809600.0288837,59,67,0.1943,96,0,0.45,0
1770809600.0823953,1,0,0.885,2094,3.09,1.48,1
1770809600.0824466,18,56,0.7773,1484,1.75,0.71,1
1770809600.0824687,41,67,0.4189,310,0.42,0.47,1
1770809600.0824895,59,67,0.1655,98,8.8,0.49,0
1770809600.082626,1,0,0.885,2096,0,1.48,1
1770809600,18,56,0.7773,1486,0,0.71,1
1770809600.0826707,41,67,0.4189,312,0,0.47,1
1770809600,59,67,0.1655,100,0,0.49,0
1770809600.1390889,1,0,0.8839,2098,4.84,1.46,1
1770809600.1391425,18,56,0.7767,1488,2.59,0.7,1
1770809600.1391635,41,67,0.5715,314,0.61,0.51,1
1770809600.139185,59,67,0.2233,102,4.04,0.51,1
1770809600.139318,1,0,0.8839,2100,0,1.46,1
1770809600.1393416,18,56,0.7767,1490,0,0.7,1
1770809600.1393604,41,67,0.5715,316,0,0.51,1
1770809600.1393793,59,67,0.2233,104,0,0.51,1
1770809600.193096,1,0,0.8947,2102,0.73,1.46,1
1770809600.193137,18,56,0.7831,1492,1.51,0.68,1
1770809600.1931531,41,67,0.6047,318,0.67,0.48,1
1770809600.1931677,59,67,0.1371,106,1.58,0.52,0
1770809600.1932726,1,0,0.8947,2104,0,1.46,1
1770809600.193292,18,56,0.7831,1494,0,0.68,1
1770809600.1933062,41,67,0.6047,320,0,0.48,1
1770809600.193319,59,67,0.1371,108,0,0.52,0
1770809600.245918,1,0,0.899,2106,0.83,1.46,1
1770809600.245968,18,56,0.7552,1496,2.3,0.71,1
1770809600,41,67,0.5789,322,0.78,0.47,1
1770809600.2460103,59,67,0.1272,110,2.44,0.51,0
1770809600.2461443,1,0,0.899,2108,0,1.46,1
1770809600.246168,18,56,0.7552,1498,0,0.71,1
1770809600.2461874,41,67,0.5789,324,0,0.47,1
1770809600.2462063,59,67,0.1272,112,0,0.51,0
1770809600.300782,1,0,0.8874,2110,1.43,1.46,1
1770809600.3008287,18,56,0.843,1500,1.57,0.69,1
1770809600.300846,41,67,0.6241,326,0.52,0.47,1
1770809600.3505204,1,0,0.8929,2112,0.58,1.47,1
1770809600.3505778,18,56,0.7741,1502,0.95,0.7,1
1770809600.3506055,41,67,0.6051,328,0.69,0.53,1
1770809600.3506277,59,67,0.262,116,3.82,0.51,1
1770809600.3507557,1,0,0.8929,2114,0,1.47,1
1770809600.3507752,18,56,0.7741,1504,0,0.7,1
1770809600.3507895,41,67,0.6051,330,0,0.53,1
1770809600.350803,59,67,0.262,118,0,0.51,1
1770809600.4008794,1,0,0.8868,2116,0.75,1.47,1
1770809600.4009204,18,56,0.7548,1506,1.22,0.68,1
1770809600.4009373,41,67,0.5327,332,0.89,0.5,1
1770809600.4009523,59,67,0.1244,120,0.1,0.51,0
1770809600.4010608,1,0,0.8868,2118,0,1.47,1
1770809600.4010797,18,56,0.7548,1508,0,0.68,1
1770809600.401094,41,67,0.5327,334,0,0.5,1
1770809600.4011073,59,67,0.1244,122,0,0.51,0
1770809600.4551036,1,0,0.8794,2120,5.43,1.49,1
1770809600.4551609,18,56,0.8277,1510,1.34,0.69,1
1770809600.4551845,41,67,0.7046,336,1,0.52,1
1770809600.455205,59,67,0.2156,124,0.57,0.5,1
1770809600.4552245,60,39,0.3154,124,0.34,0.3,1
1770809600.455368,1,0,0.8794,2122,0,1.49,1
1770809600.455392,18,56,0.8277,1512,0,0.69,1
1770809600.4554105,41,67,0.7046,338,0,0.52,1
1770809600.4554288,59,67,0.2156,126,0,0.5,1
1770809600.455448,60,39,0.3154,126,0,0.3,1
1770809600.4556203,1,0,0.8794,2124,0,1.49,1
1770809600.4556534,18,56,0.8277,1514,0,0.69,1
1770809600.4556727,41,67,0.7046,340,0,0.52,1
1770809600.4556916,59,67,0.2156,128,0,0.5,1
1770809600.4557102,60,39,0.3154,128,0,0.3,1
1770809600.513818,1,0,0.8934,2126,2.73,1.48,1
1770809600.5138676,18,56,0.8344,1516,0.74,0.69,1
1770809600.5138888,41,67,0.604,342,1.61,0.46,1
1770809600.513909,59,67,0.1124,130,1.87,0.5,0
1770809600.5139284,60,39,0.1375,130,0.39,0.29,0
1770809600.5140643,1,0,0.8934,2128,0,1.48,1
1770809600.514088,18,56,0.8344,1518,0,0.69,1
1770809600.5141084,41,67,0.604,344,0,0.46,1
1770809600.5141275,59,67,0.1124,132,0,0.5,0
1770809600.514146,60,39,0.1375,132,0,0.29,0
1770809600.5708315,1,0,0.8868,2130,0.79,1.47,1
1770809600.5708818,18,56,0.794,1520,0.98,0.69,1
1770809600.5709038,41,67,0.5425,346,0.98,0.44,1
1770809600.5709248,60,39,0.1033,134,0.47,0.32,0
1770809600.5710633,1,0,0.8868,2132,0,1.47,1
1770809600.5710871,18,56,0.794,1522,0,0.69,1
1770809600.5711062,41,67,0.5425,348,0,0.44,1
1770809600.571125,60,39,0.1033,136,0,0.32,0
1770809600.6206744,1,0,0.8837,2134,1.54,1.48,1
1770809600.6207178,18,56,0.7365,1524,1.09,0.68,1
1770809600.6207347,41,67,0.6222,350,1.38,0.44,1
1770809600.6207504,60,39,0.249,138,0.55,0.31,1
1770809600.6208618,1,0,0.8837,2136,0,1.48,1
1770809600.6208808,18,56,0.7365,1526,0,0.68,1
1770809600.620895,41,67,0.6222,352,0,0.44,1
1770809600.6209087,60,39,0.249,140,0,0.31,1
1770809600.6701891,1,0,0.8973,2138,2.41,1.46,1
1770809600.6702402,18,56,0.8203,1528,2.12,0.7,1
1770809600.6702616,41,67,0.5567,354,0.31,0.46,1
1770809600.6704023,1,0,0.8973,2140,0,1.46,1
1770809600.6704266,18,56,0.8203,1530,0,0.7,1
1770809600.670446,41,67,0.5567,356,0,0.46,1
1770809600.722197,1,0,0.8889,2142,1.69,1.45,1
1770809600.7222495,18,56,0.8303,1532,0.23,0.71,1
1770809600.7222724,41,67,0.6444,358,1.17,0.46,1
1770809600.7738702,1,0,0.8879,2144,2.01,1.46,1
1770809600.7739155,18,56,0.863,1534,0.49,0.7,1
1770809600.7739332,41,67,0.5835,360,1.36,0.48,1
1770809600.7740436,1,0,0.8879,2146,0,1.46,1
1770809600.7740622,18,56,0.863,1536,0,0.7,1
1770809600.7740755,41,67,0.5835,362,0,0.48,1
1770809600.8253138,1,0,0.8733,2148,0.57,1.46,1
1770809600.8253655,18,56,0.751,1538,2.25,0.68,1
1770809600.8253872,41,67,0.567,364,0.18,0.47,1
1770809600.880242,1,0,0.8956,2150,0.82,1.47,1
1770809600.8802931,18,56,0.8624,1540,0.09,0.69,1
1770809600.8803155,41,67,0.6383,366,0.53,0.46,1
1770809600.8804562,1,0,0.8956,2152,0,1.47,1
1770809601,18,56,0.8624,1542,0,0.69,1
1770809600.8804986,41,67,0.6383,368,0,0.46,1
1770809600.9355578,1,0,0.8903,2154,1.86,1.46,1
1770809601,18,56,0.8294,1544,1.39,0.69,1
1770809600.9356325,41,67,0.6542,370,1.25,0.48,1
1770809600.9826884,1,0,0.8903,2156,0.7,1.45,1
1770809600.9827292,18,56,0.8294,1546,0.54,0.7,1
1770809600.982746,41,67,0.6542,372,0.45,0.48,1
1770809600.9828568,1,0,0.8903,2158,0,1.45,1
1770809600.983244,18,56,0.8294,1548,0,0.7,1
1770809600.9832754,41,67,0.6542,374,0,0.48,1
1770809601.0332513,1,0,0.8842,2160,1.67,1.45,1
1770809601.033295,18,56,0.7821,1550,0.56,0.7,1
1770809601.0333111,41,67,0.5921,376,1.07,0.48,1
1770809601.0787766,1,0,0.8978,2162,2.4,1.48,1
1770809601.0788193,18,56,0.7546,1552,0.84,0.71,1
1770809601.078836,41,67,0.6431,378,0.49,0.45,1
1770809601.078948,1,0,0.8978,2164,0,1.48,1
1770809601.078967,18,56,0.7546,1554,0,0.71,1
1770809601.0789816,41,67,0.6431,380,0,0.45,1
1770809601.1321514,1,0,0.8945,2166,2.74,1.46,1
1770809601.1322052,18,56,0.862,1556,0.11,0.71,1
1770809601.1322272,41,67,0.6401,382,0.48,0.47,1
1770809601.186157,1,0,0.8933,2168,1.52,1.46,1
1770809601.1862135,18,56,0.8434,1558,1.6,0.7,1
1770809601.186236,41,67,0.709,384,4.07,0.42,1
1770809601.1863756,1,0,0.8933,2170,0,1.46,1
1770809601,18,56,0.8434,1560,0,0.7,1
1770809601.1864195,41,67,0.709,386,0,0.42,1
1770809601.2396178,1,0,0.8919,2172,1.04,1.48,1
1770809601.2396684,18,56,0.802,1562,0.93,0.69,1
1770809601.2396848,41,67,0.589,388,0.6,0.39,1
1770809601.2953727,1,0,0.9003,2174,1.53,1.46,1
1770809601.295426,18,56,0.8574,1564,1.1,0.71,1
1770809601.2954478,41,67,0.5698,390,0.45,0.37,1
1770809601.2955885,1,0,0.9003,2176,0,1.46,1
1770809601.295612,18,56,0.8574,1566,0,0.71,1
1770809601.2956316,41,67,0.5698,392,0,0.37,1
1770809601.3475702,1,0,0.8991,2178,1.09,1.47,1
1770809601.3476212,18,56,0.7718,1568,1.01,0.7,1
1770809601.3476434,41,67,0.6307,394,0.77,0.37,1
1770809601.4023936,1,0,0.8936,2180,2.93,1.44,1
1770809601.402448,18,56,0.8518,1570,1.86,0.72,1
1770809601.4024708,41,67,0.6028,396,0.84,0.33,1
1770809601.402614,1,0,0.8936,2182,0,1.44,1
1770809601.4026382,18,56,0.8518,1572,0,0.72,1
1770809601.402658,41,67,0.6028,398,0,0.33,1
1770809601.454929,1,0,0.8835,2184,1.8,1.44,1
1770809601.4550068,18,56,0.8768,1574,0.93,0.71,1
1770809601.4550247,41,67,0.5255,400,7.9,0.32,1
1770809601.5116389,1,0,0.8778,2186,1.3,1.45,1
1770809602,18,56,0.8632,1576,0.74,0.7,1
1770809601.5116963,41,67,0.4268,402,6.12,0.29,1
1770809601.511809,1,0,0.8778,2188,0,1.45,1
1770809601.5118282,18,56,0.8632,1578,0,0.7,1
1770809601.511843,41,67,0.4268,404,0,0.29,1
1770809601.568478,1,0,0.8644,2190,1.02,1.44,1
1770809601.5685284,18,56,0.8129,1580,1.3,0.7,1
1770809601.5685506,41,67,0.6565,406,5.97,0.26,1
1770809601.6235116,1,0,0.8621,2192,0.83,1.44,1
1770809601.6235635,18,56,0.8463,1582,1.21,0.72,1
1770809601.6235857,41,67,0.6914,408,4.27,0.26,1
1770809601.6237302,1,0,0.8621,2194,0,1.44,1
1770809601.6237545,18,56,0.8463,1584,0,0.72,1
1770809601.623773,41,67,0.6914,410,0,0.26,1
1770809601.677133,1,0,0.8655,2196,6.19,1.45,1
1770809601.677186,18,56,0.8161,1586,0.35,0.72,1
1770809601.725532,1,0,0.8716,2198,1.6,1.48,1
1770809601.7255745,18,56,0.8137,1588,0.27,0.72,1
1770809601.7255907,63,67,0.4149,0,0,0.23,1
1770809601.7788572,1,0,0.8491,2200,4.43,1.45,1
1770809601.7789085,18,56,0.8421,1590,0.31,0.72,1
1770809601.7789302,63,67,0.1258,2,2.17,0.24,0
1770809601.7790706,1,0,0.8491,2202,0,1.45,1
1770809601.7790956,18,56,0.8421,1592,0,0.72,1
1770809601.7791152,63,67,0.1258,4,0,0.24,0
1770809601.8309343,1,0,0.8812,2204,6.99,1.45,1
1770809601.8309784,18,56,0.8047,1594,2.4,0.69,1
1770809601.8309946,63,67,0.27,6,1.67,0.24,1
1770809601.8782475,1,0,0.8596,2206,1.47,1.48,1
1770809601.8783655,18,56,0.6639,1596,1.88,0.72,1
1770809601.8783922,63,67,0.1104,8,10.28,0.28,0
1770809601.8785455,1,0,0.8596,2208,0,1.48,1
1770809601.8785655,18,56,0.6639,1598,0,0.72,1
1770809601.8785822,63,67,0.1104,10,0,0.28,0
1770809601.929536,1,0,0.868,2210,3.44,1.48,1
1770809601.9295807,18,56,0.7385,1600,5.31,0.67,1
1770809601.9863498,1,0,0.85,2212,3.64,1.48,1
1770809601.986401,18,56,0.8328,1602,0.42,0.67,1
1770809602.041068,1,0,0.8554,2214,3.71,1.49,1
1770809602.0411184,18,56,0.8377,1604,4.18,0.7,1
1770809602.0914006,1,0,0.8665,2216,3.5,1.48,1
1770809602.0914512,18,56,0.8702,1606,1.45,0.7,1
1770809602.1446395,1,0,0.8726,2218,2.22,1.49,1
1770809602.1446822,18,56,0.8569,1608,0.3,0.7,1
1770809602,1,0,0.8677,2220,3.17,1.5,1
1770809602.1962316,18,56,0.8296,1610,0.42,0.69,1
1770809602.249401,1,0,0.8734,2222,2.28,1.49,1
1770809602.2494535,18,56,0.8325,1612,0.11,0.7,1
1770809602.3053987,1,0,0.8687,2224,0.55,1.5,1
1770809602.3054495,18,56,0.8232,1614,1.98,0.67,1
1770809602.354512,1,0,0.8551,2226,0.83,1.49,1
1770809602,18,56,0.7817,1616,1.55,0.69,1
1770809602.4056196,1,0,0.8634,2228,1.3,1.5,1
1770809602.405671,18,56,0.7857,1618,1.5,0.68,1
1770809602.457116,1,0,0.8663,2230,3.61,1.49,1
1770809602.4571598,18,56,0.898,1620,3.35,0.71,1
1770809602.5082338,1,0,0.8609,2232,3.49,1.48,1
1770809602.5082836,18,56,0.8256,1622,0.75,0.71,1
1770809602.5643108,1,0,0.8649,2234,1.4,1.48,1
1770809602.564365,18,56,0.8617,1624,1.18,0.72,1
1770809602.6133654,1,0,0.8508,2236,1.62,1.47,1
1770809602.6134186,18,56,0.7323,1626,2.45,0.69,1
1770809602.6680088,1,0,0.8579,2238,1.96,1.49,1
1770809602.6680515,18,56,0.7822,1628,4.12,0.65,1
1770809602.719677,1,0,0.8566,2240,2.95,1.49,1
1770809602.7197282,18,56,0.6498,1630,2.08,0.66,1
1770809602.774417,1,0,0.8761,2242,1.51,1.5,1
1770809602.7744691,18,56,0.789,1632,1.87,0.69,1
1770809602.824361,1,0,0.8644,2244,0.72,1.49,1
1770809602.8244038,18,56,0.7716,1634,0.41,0.7,1
1770809602.8734286,1,0,0.8726,2246,1.33,1.5,1
1770809602.8734715,18,56,0.7145,1636,1.53,0.7,1
1770809602.9260535,1,0,0.8746,2248,2.4,1.49,1
1770809602.9260936,18,56,0.8298,1638,0.54,0.7,1
1770809602.9754102,1,0,0.8669,2250,1.27,1.5,1
1770809602.975453,18,56,0.8018,1640,1,0.69,1
1770809603.023786,1,0,0.8617,2252,1.26,1.49,1
1770809603.023837,18,56,0.8208,1642,1.09,0.7,1
1770809603.0725648,1,0,0.8592,2254,1.92,1.49,1
1770809603.0726056,18,56,0.8118,1644,0.78,0.71,1
1770809603.1178794,1,0,0.8753,2256,2.54,1.51,1
1770809603.1179218,18,56,0.8281,1646,0.83,0.7,1
1770809603.1686852,1,0,0.8564,2258,1.37,1.52,1
1770809603.1687293,18,56,0.8114,1648,2.03,0.68,1
1770809603.2228105,1,0,0.8619,2260,2.1,1.5,1
1770809603.2228634,18,56,0.7278,1650,0.85,0.68,1
1770809603.269056,1,0,0.871,2262,2.54,1.5,1
1770809603,18,56,0.7436,1652,0.55,0.68,1
1770809603.3181531,1,0,0.8602,2264,4.19,1.49,1
1770809603.3181949,18,56,0.8245,1654,2.26,0.66,1
1770809603.3648143,1,0,0.8687,2266,0.58,1.48,1
1770809603.3648558,18,56,0.7353,1656,2.51,0.67,1
1770809603.4109654,1,0,0.8586,2268,0.59,1.48,1
1770809603.4110067,18,56,0.8786,1658,1.09,0.69,1
1770809603.456229,1,0,0.8678,2270,0.66,1.47,1
1770809603.4562745,18,56,0.848,1660,1.86,0.7,1
1770809603.5006692,1,0,0.865,2272,0.76,1.48,1
1770809603.500759,18,56,0.6325,1662,2.22,0.68,1
1770809603.550494,1,0,0.8742,2274,2.61,1.47,1
1770809603.550547,18,56,0.8162,1664,0.71,0.68,1
1770809603.6002576,1,0,0.8721,2276,0.2,1.46,1
1770809603.6003096,18,56,0.8412,1666,2.1,0.71,1
1770809603.6461377,1,0,0.8753,2278,1.85,1.47,1
1770809603.6461844,18,56,0.8092,1668,1.22,0.69,1
1770809603.6916654,1,0,0.866,2280,0.57,1.47,1
1770809604,18,56,0.7068,1670,3.18,0.66,1
1770809603.7424958,1,0,0.8787,2282,1.69,1.46,1
1770809603.742549,18,56,0.8343,1672,1.35,0.68,1
1770809603.7924545,1,0,0.889,2284,3.01,1.45,1
1770809603.7925134,18,56,0.8228,1674,0.96,0.68,1
1770809603.8457186,1,0,0.8659,2286,1.2,1.44,1
1770809603.8457692,18,56,0.7602,1676,1.46,0.69,1
1770809603.8941288,1,0,0.8811,2288,0.5,1.44,1
1770809603.894174,18,56,0.8191,1678,0.82,0.69,1
1770809603.9411938,1,0,0.8887,2290,1.48,1.45,1
1770809603.9412353,18,56,0.7532,1680,0.95,0.7,1
1770809603.9942236,1,0,0.8839,2292,1.88,1.45,1
1770809603.9942784,18,56,0.8466,1682,0.72,0.7,1
1770809604.0453212,1,0,0.8795,2294,4.64,1.48,1
1770809604.0453627,18,56,0.8388,1684,1.21,0.69,1
1770809604.0978863,1,0,0.8747,2296,3.77,1.47,1
1770809604.097927,18,56,0.8255,1686,0.42,0.69,1
1770809604.151466,1,0,0.8921,2298,1.79,1.46,1
1770809604.1515176,18,56,0.7117,1688,0.63,0.68,1
1770809604.2051826,1,0,0.8783,2300,1.43,1.45,1
1770809604.2052228,18,56,0.8251,1690,0.83,0.69,1
1770809604.2545528,1,0,0.8971,2302,1.33,1.44,1
1770809604.2545967,18,56,0.7419,1692,0.21,0.7,1
1770809604.3072205,1,0,0.8992,2304,2.07,1.46,1
1770809604.3072717,18,56,0.7993,1694,0.35,0.7,1
1770809604.3644395,1,0,0.8727,2306,1.62,1.44,1
1770809604.3644938,18,56,0.8776,1696,2.08,0.72,1
1770809604,1,0,0.8806,2308,2.06,1.45,1
1770809604.4177165,18,56,0.8252,1698,2.09,0.69,1
1770809604.4703555,1,0,0.898,2310,0.38,1.45,1
1770809604.4704006,18,56,0.845,1700,2.04,0.71,1
1770809604.5193045,1,0,0.8707,2312,0.75,1.45,1
1770809604.5193467,18,56,0.8496,1702,1.48,0.73,1
1770809604.5739474,1,0,0.8828,2314,3.55,1.47,1
1770809604.5740027,18,56,0.8052,1704,1.39,0.71,1
1770809604.6276982,1,0,0.8664,2316,1.78,1.49,1
1770809604.627742,18,56,0.7513,1706,0.31,0.71,1
1770809604.6790447,1,0,0.8886,2318,2.29,1.48,1
1770809604.679097,18,56,0.7659,1708,1.15,0.69,1
1770809604.727684,1,0,0.8829,2320,0.18,1.48,1
1770809604.7277267,18,56,0.7305,1710,1.2,0.7,1
1770809604.7780511,1,0,0.8783,2322,2.85,1.46,1
1770809604.778094,18,56,0.7807,1712,1.03,0.71,1
1770809604.832506,1,0,0.8903,2324,0.9,1.45,1
1770809604.832549,18,56,0.8808,1714,0.38,0.71,1
1770809604.8861947,1,0,0.8823,2326,2.24,1.44,1
1770809604.8862364,18,56,0.8009,1716,0.69,0.72,1
1770809604.9425588,1,0,0.8899,2328,0.98,1.44,1
1770809604.942613,18,56,0.8414,1718,0.71,0.72,1
1770809604.9909637,1,0,0.8988,2330,0.1,1.43,1
1770809604.9910076,18,56,0.8405,1720,0.97,0.71,1
1770809605.0444956,1,0,0.8999,2332,0.87,1.44,1
1770809605.0445366,18,56,0.804,1722,0.27,0.71,1
1770809605.0962625,1,0,0.8872,2334,1.04,1.44,1
1770809605.096315,18,56,0.8614,1724,0.13,0.71,1
1770809605.149129,1,0,0.891,2336,1.53,1.44,1
1770809605.149172,18,56,0.7445,1726,2.56,0.69,1
1770809605.199092,1,0,0.8906,2338,0.21,1.44,1
1770809605.199134,18,56,0.7685,1728,0.79,0.68,1
1770809605.2534623,1,0,0.8955,2340,2.45,1.46,1
1770809605.2535038,18,56,0.8535,1730,1.32,0.7,1
1770809605.310325,1,0,0.8855,2342,2.08,1.45,1
1770809605.3103771,18,56,0.8206,1732,1.37,0.69,1
1770809605.3646455,1,0,0.885,2344,1.44,1.44,1
1770809605.3646889,18,56,0.8527,1734,1.35,0.69,1
1770809605.4172504,1,0,0.8939,2346,2.37,1.46,1
1770809605.4172957,18,56,0.8055,1736,1.75,0.68,1
1770809605.464539,1,0,0.8857,2348,1.43,1.45,1
1770809605.464581,18,56,0.8508,1738,0.56,0.69,1
1770809605.5103576,1,0,0.894,2350,1.38,1.44,1
1770809606,18,56,0.6864,1740,0.65,0.68,1
1770809605.565747,1,0,0.9027,2352,1.83,1.46,1
1770809605.5658004,18,56,0.6702,1742,0.82,0.67,1
1770809605.6219044,1,0,0.8917,2354,1.61,1.46,1
1770809605.621956,18,56,0.7884,1744,4.13,0.71,1
1770809605.6746943,1,0,0.8935,2356,1.43,1.45,1
1770809605.674745,18,56,0.7667,1746,3.7,0.68,1
1770809605.726388,1,0,0.8864,2358,0.11,1.45,1
1770809605.726439,18,56,0.6329,1748,0.13,0.68,1
1770809605.7739916,1,0,0.8799,2360,1.02,1.45,1
1770809605.7740357,18,56,0.8311,1750,1.09,0.66,1
1770809605.8252144,1,0,0.877,2362,0.58,1.45,1
1770809605.825257,18,56,0.809,1752,3.71,0.71,1
1770809605.8783605,1,0,0.8771,2364,2.53,1.46,1
1770809605.8784027,18,56,0.8314,1754,2.3,0.67,1
1770809605.9291885,1,0,0.891,2366,1.42,1.47,1
1770809605.929232,18,56,0.7734,1756,0.79,0.67,1
1770809605.981805,1,0,0.886,2368,0.91,1.46,1
1770809605.981855,18,56,0.7769,1758,1.18,0.67,1
1770809606.0332396,1,0,0.8671,2370,0.53,1.46,1
1770809606.0332916,18,56,0.8692,1760,0.59,0.68,1
1770809606.0836084,1,0,0.8738,2372,0.97,1.46,1
1770809606.083662,18,56,0.8636,1762,1.24,0.69,1
1770809606.132687,1,0,0.8881,2374,2.25,1.46,1
1770809606.132729,18,56,0.785,1764,2.17,0.68,1
1770809606.1846027,1,0,0.8925,2376,1.4,1.46,1
1770809606.184649,18,56,0.801,1766,1.16,0.7,1
1770809606.2438006,1,0,0.888,2378,2.06,1.47,1
1770809606.2438614,18,56,0.7473,1768,1.24,0.68,1
1770809606.3029876,1,0,0.8954,2380,0.71,1.49,1
1770809606.3030443,18,56,0.7893,1770,1.85,0.69,1
1770809606.3523517,1,0,0.8957,2382,1.92,1.49,1
1770809606.3523943,18,56,0.7452,1772,0.58,0.69,1
1770809606.4002764,1,0,0.8922,2384,2.89,1.48,1
1770809606,18,56,0.8112,1774,1.48,0.7,1
1770809606.4532511,1,0,0.9,2386,1.79,1.46,1
1770809606.4533029,18,56,0.8111,1776,0.71,0.7,1
1770809606.503863,1,0,0.8945,2388,1.94,1.48,1
1770809606.503907,18,56,0.7951,1778,5.08,0.66,1
1770809606.553835,1,0,0.8893,2390,1.45,1.48,1
1770809606.5538776,18,56,0.8395,1780,0.29,0.66,1
1770809606.609043,1,0,0.8844,2392,1.81,1.48,1
1770809606.609106,18,56,0.6631,1782,1.8,0.64,1
1770809606.661763,1,0,0.892,2394,2.51,1.48,1
1770809606.661811,18,56,0.8146,1784,6.59,0.7,1
1770809606.710992,1,0,0.8875,2396,1.61,1.48,1
1770809606.7110353,18,56,0.7583,1786,0.14,0.7,1
1770809606.7639248,1,0,0.8912,2398,1.32,1.47,1
1770809606.7639651,18,56,0.7019,1788,6.18,0.64,1
1770809606.8135872,1,0,0.8944,2400,0.4,1.47,1
1770809606.8136363,18,56,0.8037,1790,1.73,0.63,1
1770809606.8674593,1,0,0.8941,2402,2.64,1.47,1
1770809606.867509,18,56,0.7672,1792,3.34,0.66,1
1770809606.916928,1,0,0.8955,2404,0.21,1.47,1
1770809606.9169805,18,56,0.7631,1794,0.65,0.66,1
1770809606.9707694,1,0,0.8915,2406,0.24,1.47,1
1770809606.9708197,18,56,0.7222,1796,1.93,0.64,1
1770809607.0224495,1,0,0.9072,2408,2.24,1.46,1
1770809607.0224917,18,56,0.7584,1798,2.38,0.65,1
1770809607.078524,1,0,0.9036,2410,0.47,1.47,1
1770809607.078576,18,56,0.6757,1800,3.1,0.66,1
1770809607.1271155,1,0,0.8936,2412,0.8,1.47,1
1770809607.127157,18,56,0.7801,1802,2.12,0.69,1
1770809607.173993,1,0,0.9077,2414,1,1.46,1
1770809607.1740365,18,56,0.7722,1804,1.7,0.68,1
1770809607.224869,1,0,0.8982,2416,1.05,1.47,1
1770809607,18,56,0.7151,1806,1.2,0.67,1
1770809607.2790434,1,0,0.899,2418,1.44,1.48,1
1770809607.2790928,18,56,0.5908,1808,4.61,0.62,1
1770809607.3274848,1,0,0.9018,2420,0.05,1.48,1
1770809607.3275373,18,56,0.7707,1810,1.45,0.62,1
1770809607.3771071,1,0,0.9079,2422,1.08,1.47,1
1770809607.3771484,18,56,0.729,1812,4.53,0.65,1
1770809607.4258382,1,0,0.9032,2424,0.55,1.47,1
1770809607.4258797,18,56,0.7082,1814,1.62,0.67,1
1770809607.4772673,1,0,0.9093,2426,2.81,1.46,1
1770809607.4773178,18,56,0.7608,1816,1.74,0.68,1
1770809607.5253427,1,0,0.9146,2428,2.12,1.47,1
1770809607.525384,18,56,0.7803,1818,1.71,0.66,1
1770809607.5743866,1,0,0.9023,2430,1.16,1.48,1
1770809607.5744398,18,56,0.7612,1820,0.73,0.67,1
1770809607.6279263,1,0,0.9052,2432,0.92,1.47,1
1770809607.6279702,18,56,0.6993,1822,1.91,0.65,1
1770809607.677641,1,0,0.911,2434,0.17,1.47,1
1770809607.677685,18,56,0.7508,1824,3.06,0.63,1
1770809608,1,0,0.9033,2436,0.64,1.47,1
1770809607.7318196,18,56,0.7454,1826,3.02,0.65,1
1770809607.784548,1,0,0.9013,2438,0.39,1.47,1
1770809607.7846034,18,56,0.7197,1828,2.96,0.64,1
1770809607.8321276,1,0,0.9075,2440,0.37,1.47,1
1770809607.8321753,18,56,0.8084,1830,1.09,0.62,1
1770809607.883546,1,0,0.9035,2442,1.08,1.47,1
1770809607.8835971,18,56,0.7596,1832,3.93,0.65,1
1770809607.9332695,1,0,0.9067,2444,0.94,1.47,1
1770809607.9333107,18,56,0.736,1834,2.26,0.68,1
1770809607.9838116,1,0,0.9019,2446,0.82,1.47,1
1770809607.9838536,18,56,0.7977,1836,3.9,0.65,1
1770809608.0311544,1,0,0.901,2448,0.31,1.47,1
1770809608.0311968,18,56,0.7122,1838,0.84,0.65,1
1770809608.0777798,1,0,0.8971,2450,0.7,1.47,1
1770809608.0778213,18,56,0.7316,1840,2.23,0.62,1
1770809608.126793,1,0,0.9027,2452,0.87,1.47,1
1770809608.1268346,18,56,0.7958,1842,3.28,0.66,1
1770809608.179086,1,0,0.9073,2454,0.51,1.47,1
1770809608.1791286,18,56,0.7374,1844,4.4,0.62,1
1770809608.2278042,1,0,0.8941,2456,1.18,1.47,1
1770809608.2278466,18,56,0.7759,1846,1.24,0.62,1
1770809608.2780252,1,0,0.902,2458,0.64,1.47,1
1770809608.2780674,18,56,0.7793,1848,2.76,0.65,1
1770809608.326626,1,0,0.8844,2460,2.05,1.48,1
1770809608.3266692,18,56,0.7237,1850,0.58,0.65,1
1770809608.3818426,1,0,0.8937,2462,1.54,1.48,1
1770809608.3818922,18,56,0.7951,1852,1.46,0.63,1
1770809608.4298658,1,0,0.8785,2464,1.12,1.47,1
1770809608.4299066,18,56,0.3204,1854,2.32,0.62,1
1770809608.4808135,1,0,0.8839,2466,0.35,1.47,1
1770809608.4808557,18,56,0.8068,1856,1.53,0.64,1
1770809608.5329046,1,0,0.8936,2468,3.47,1.45,1
1770809608.5329473,18,56,0.7843,1858,4.72,0.67,1
1770809608.5882576,1,0,0.8897,2470,1.65,1.46,1
1770809608.5883076,18,56,0.8123,1860,1.84,0.68,1
1770809608.6384397,1,0,0.8868,2472,3.23,1.49,1
1770809608.6384833,18,56,0.8133,1862,2.03,0.67,1
1770809608.6936493,1,0,0.8749,2474,1.16,1.48,1
1770809608.6936984,18,56,0.7257,1864,1.62,0.66,1
1770809608.7454405,1,0,0.8648,2476,3.06,1.46,1
1770809608.7454894,18,56,0.7597,1866,3.12,0.69,1
1770809608.8021429,1,0,0.8679,2478,1.35,1.45,1
1770809608.8021994,18,56,0.7097,1868,0.96,0.68,1
1770809608.8559945,1,0,0.8585,2480,1.96,1.45,1
1770809608.8560417,18,56,0.8526,1870,1.2,0.69,1
1770809608.904636,1,0,0.8569,2482,0.18,1.45,1
1770809608.904687,18,56,0.8032,1872,1.86,0.71,1
1770809608.9523628,1,0,0.8647,2484,0.92,1.44,1
1770809608.9524066,18,56,0.8498,1874,0.83,0.7,1
1770809609.0046926,1,0,0.8769,2486,2.5,1.45,1
1770809609.004743,18,56,0.8303,1876,0.58,0.69,1
1770809609.0573318,1,0,0.873,2488,0.58,1.46,1
1770809609.0573976,18,56,0.8603,1878,1.22,0.68,1
1770809609.1073377,1,0,0.8818,2490,1.6,1.46,1
1770809609.1073802,18,56,0.8175,1880,1.23,0.69,1
1770809609.1610308,1,0,0.8785,2492,1.6,1.46,1
1770809609.1610804,18,56,0.8102,1882,0.36,0.69,1
1770809609.216446,1,0,0.8711,2494,0.66,1.46,1
1770809609.216497,18,56,0.7777,1884,0.92,0.7,1
1770809609.2644808,1,0,0.8537,2496,1.79,1.47,1
1770809609.2645304,18,56,0.8717,1886,1.41,0.72,1
1770809609.3135583,1,0,0.887,2498,2.66,1.5,1
1770809609.3136022,18,56,0.8005,1888,0.16,0.72,1
1770809609.3631728,1,0,0.8557,2500,1.34,1.49,1
1770809609.3632166,18,56,0.7631,1890,1.03,0.71,1
1770809609.4130342,1,0,0.8796,2502,3.08,1.46,1
1770809609.4130783,18,56,0.8274,1892,1.64,0.72,1
1770809609.4631414,1,0,0.8936,2504,1.74,1.48,1
1770809609.4631915,18,56,0.7648,1894,1.97,0.69,1
1770809609.5155048,1,0,0.8846,2506,0.76,1.48,1
1770809609.5155566,18,56,0.822,1896,0.9,0.7,1
1770809609.5666618,1,0,0.8745,2508,4.66,1.49,1
1770809609.5667126,18,56,0.7886,1898,0.77,0.71,1
1770809609.6149411,1,0,0.878,2510,2.55,1.49,1
1770809609.6149898,18,56,0.8147,1900,0.32,0.7,1
1770809609.6676526,1,0,0.8759,2512,2.11,1.48,1
1770809609.667702,18,56,0.7691,1902,2.96,0.68,1
1770809609.7149088,1,0,0.8917,2514,0.92,1.48,1
1770809609.7149494,18,56,0.783,1904,1.62,0.7,1
1770809609.7633686,1,0,0.8896,2516,0.45,1.48,1
1770809609.763411,18,56,0.8203,1906,0.2,0.69,1
1770809609.8112478,1,0,0.889,2518,0.37,1.47,1
1770809609.8112912,18,56,0.8011,1908,1.82,0.71,1
1770809609.862923,1,0,0.8573,2520,1.88,1.46,1
1770809609.8629737,18,56,0.8384,1910,1.66,0.7,1
1770809609.9082236,1,0,0.8573,2522,0.72,1.46,1
1770809609.908267,18,56,0.8384,1912,0.71,0.7,1
1770809609.9550774,1,0,0.8801,2524,0.49,1.46,1
1770809609.9551182,18,56,0.7966,1914,0.28,0.69,1
1770809610.0026393,1,0,0.8901,2526,0.97,1.46,1
1770809610.002689,18,56,0.8246,1916,1.21,0.71,1
1770809610.0520697,1,0,0.8822,2528,0.83,1.45,1
1770809610.0521128,18,56,0.8212,1918,1.68,0.69,1
1770809610.0995443,1,0,0.8874,2530,1.31,1.47,1
1770809610.0995922,18,56,0.8449,1920,0.87,0.7,1
1770809610.1459773,1,0,0.8865,2532,0.49,1.46,1
1770809610.1460214,18,56,0.8292,1922,0.68,0.69,1
1770809610.1925042,1,0,0.8662,2534,0.6,1.47,1
1770809610.1925468,18,56,0.6728,1924,4.95,0.64,1
1770809610.2453902,1,0,0.8923,2536,0.7,1.47,1
1770809610.245446,18,56,0.7586,1926,1.87,0.66,1
1770809610.2955923,1,0,0.8983,2538,2.48,1.49,1
1770809610.2956424,18,56,0.8141,1928,2.11,0.68,1
1770809610,1,0,0.8891,2540,0.12,1.49,1
1770809610.3460925,18,56,0.8145,1930,2.19,0.68,1
1770809610,1,0,0.8851,2542,2.3,1.5,1
1770809610.397532,18,56,0.7714,1932,1.69,0.71,1
1770809610.4440706,1,0,0.8841,2544,1,1.5,1
1770809610.4441135,18,56,0.7855,1934,1.5,0.72,1
1770809610.496484,1,0,0.8797,2546,0.67,1.5,1
1770809610.4965432,18,56,0.6662,1936,5.04,0.67,1
1770809610.5467346,1,0,0.8883,2548,0.66,1.49,1
1770809610.5467758,18,56,0.818,1938,2.52,0.7,1
1770809610.6191795,1,0,0.8902,2550,1.7,1.5,1
1770809610.6192214,18,56,0.8642,1940,0.85,0.7,1
1770809610.667125,1,0,0.874,2552,1.54,1.5,1
1770809610.667168,18,56,0.8039,1942,0.62,0.71,1
1770809610.7180157,1,0,0.874,2554,0.59,1.49,1
1770809610.7180753,18,56,0.8039,1944,0.23,0.71,1
1770809610.7706432,1,0,0.8738,2556,0.73,1.5,1
1770809610.7706952,18,56,0.8517,1946,1.31,0.7,1
1770809610.8204503,1,0,0.8993,2558,0.26,1.49,1
1770809610.8204942,18,56,0.8273,1948,1.95,0.71,1
1770809610.8711114,1,0,0.8869,2560,1.34,1.5,1
1770809610.871161,18,56,0.7419,1950,1.91,0.69,1
1770809610.918407,1,0,0.8803,2562,0.88,1.51,1
1770809610.9184582,18,56,0.8449,1952,2.48,0.73,1
1770809610.9720974,1,0,0.885,2564,0.06,1.51,1
1770809610.9721477,18,56,0.8542,1954,0.51,0.72,1
1770809611.0243585,1,0,0.8796,2566,0.8,1.51,1
1770809611.0244005,18,56,0.8011,1956,5.03,0.67,1
1770809611.0720613,1,0,0.881,2568,1.67,1.5,1
1770809611.0721054,18,56,0.6759,1958,2.07,0.7,1
1770809611.125025,1,0,0.8777,2570,0.91,1.49,1
1770809611.125075,18,56,0.7438,1960,2.95,0.71,1
1770809611.179758,1,0,0.9043,2572,1.43,1.5,1
1770809611.1798024,18,56,0.7994,1962,0.36,0.71,1
1770809611.2289865,1,0,0.9023,2574,1.85,1.49,1
1770809611.2290354,18,56,0.8214,1964,0.74,0.72,1
1770809611.2802787,1,0,0.8916,2576,0.59,1.49,1
1770809611.280332,18,56,0.7623,1966,2.2,0.71,1
1770809611.3282783,1,0,0.8823,2578,1.49,1.48,1
1770809611,18,56,0.8376,1968,0.87,0.71,1
1770809611.3787904,1,0,0.8844,2580,1.31,1.47,1
1770809611.3788316,18,56,0.8272,1970,1.53,0.7,1
1770809611.4327664,1,0,0.9043,2582,0.4,1.47,1
1770809611.4328158,18,56,0.8172,1972,0.75,0.69,1
1770809611.484875,1,0,0.8897,2584,0.55,1.46,1
1770809611.484917,18,56,0.8164,1974,2.88,0.67,1
1770809611.541757,1,0,0.8999,2586,1.1,1.47,1
1770809611.541802,18,56,0.5831,1976,1.83,0.65,1
1770809611.588814,1,0,0.8999,2588,0.56,1.48,1
1770809611.5888555,18,56,0.5831,1978,0.59,0.65,1
1770809611.6391642,1,0,0.9051,2590,0.6,1.47,1
1770809611.639208,18,56,0.71,1980,2.42,0.67,1
1770809611.6934335,1,0,0.8873,2592,5.88,1.51,1
1770809611.693477,18,56,0.8098,1982,0.66,0.68,1
1770809611.7458262,1,0,0.8807,2594,3.04,1.49,1
1770809611.745876,18,56,0.8086,1984,1.78,0.69,1
1770809611.7986398,1,0,0.8968,2596,1.3,1.49,1
1770809611.798684,18,56,0.782,1986,0.67,0.69,1
1770809611.8525066,1,0,0.8819,2598,3.27,1.51,1
1770809611.8525553,18,56,0.728,1988,1.39,0.67,1
1770809611.9053998,1,0,0.8989,2600,4.54,1.54,1
1770809611.9054508,18,56,0.6889,1990,1.25,0.66,1
1770809611.9586575,1,0,0.9186,2602,4.65,1.57,1
1770809611.9586985,18,56,0.6597,1992,1.59,0.66,1
1770809612.0108483,1,0,0.9153,2604,2.59,1.54,1
1770809612.0109007,18,56,0.8142,1994,2.08,0.67,1
1770809612.0641398,1,0,0.922,2606,4.01,1.57,1
1770809612.064181,18,56,0.756,1996,1.51,0.68,1
1770809612.109939,1,0,0.9139,2608,3.33,1.56,1
1770809612.1099854,18,56,0.7335,1998,1.89,0.66,1
1770809612.1601012,1,0,0.916,2610,1.3,1.57,1
1770809612.1601443,18,56,0.7513,2000,0.42,0.67,1
1770809612.210091,1,0,0.9183,2612,1.12,1.56,1
1770809612.2101407,18,56,0.7764,2002,1.03,0.66,1
1770809612.264398,1,0,0.9154,2614,2.58,1.56,1
1770809612.2644477,18,56,0.6751,2004,1.57,0.66,1
1770809612.3139777,1,0,0.9128,2616,2.45,1.55,1
1770809612.3140278,18,56,0.8483,2006,1.98,0.68,1
1770809612.3690114,1,0,0.9174,2618,1.96,1.55,1
1770809612.369063,18,56,0.7911,2008,1.11,0.7,1
1770809612.4172125,1,0,0.9174,2620,0.72,1.54,1
1770809612.417262,18,56,0.7911,2010,0.36,0.7,1
1770809612.4656415,1,0,0.9198,2622,1.43,1.55,1
1770809612.4656878,18,56,0.8309,2012,0.23,0.71,1
1770809612.5194926,1,0,0.9131,2624,1.24,1.56,1
1770809612.5195444,18,56,0.8298,2014,0.9,0.69,1
1770809612.573858,1,0,0.9132,2626,0.19,1.55,1
1770809612.5738993,18,56,0.794,2016,0.64,0.69,1
1770809612.6278987,1,0,0.8986,2628,0.76,1.56,1
1770809612.6279423,18,56,0.7051,2018,0.41,0.69,1
1770809612.6767063,1,0,0.8961,2630,0.28,1.56,1
1770809612.6767476,18,56,0.809,2020,0.6,0.69,1
1770809612.7247925,1,0,0.9072,2632,1.05,1.56,1
1770809612.7248335,18,56,0.8041,2022,1.96,0.72,1
1770809612.776844,1,0,0.9286,2634,2.94,1.57,1
1770809612.776888,18,56,0.7751,2024,1.74,0.72,1
1770809612.8301578,1,0,0.9363,2636,0.87,1.58,1
1770809612.8302004,18,56,0.7296,2026,2.08,0.74,1
1770809612.877029,1,0,0.9291,2638,0.46,1.58,1
1770809612.8770783,18,56,0.7519,2028,0.24,0.75,1
1770809612.931044,1,0,0.9376,2640,0.21,1.58,1
1770809612.9310966,18,56,0.6881,2030,0.92,0.76,1
1770809612.9789276,1,0,0.938,2642,0.24,1.58,1
1770809612.9789686,18,56,0.5562,2032,0.38,0.76,1
1770809613.0285995,1,0,0.9262,2644,0.15,1.59,1
1770809613.0286534,18,56,0.7122,2034,0.39,0.76,1
1770809613.0773191,1,0,0.9077,2646,0.69,1.58,1
1770809613.0773618,18,56,0.521,2036,0.72,0.76,1
1770809613.1240752,1,0,0.9224,2648,1.2,1.58,1
1770809613.124127,18,56,0.686,2038,0.21,0.76,1
1770809613.172101,1,0,0.9285,2650,0.8,1.58,1
1770809613.1721509,18,56,0.5582,2040,0.54,0.77,1
1770809613.2254715,1,0,0.9389,2652,1.26,1.59,1
1770809613.2255142,18,56,0.6653,2042,0.5,0.76,1
1770809613.273237,1,0,0.9389,2654,0.38,1.59,1
1770809613,18,56,0.6653,2044,0.02,0.76,1
1770809613,1,0,0.9338,2656,0.16,1.59,1
1770809613.3256607,18,56,0.7368,2046,0.62,0.76,1
1770809613.3729742,1,0,0.9244,2658,0.18,1.59,1
1770809613.373016,18,56,0.6545,2048,0.26,0.75,1
1770809613.4258096,1,0,0.9264,2660,0.35,1.58,1
1770809613.4258668,18,56,0.6724,2050,0.65,0.75,1
1770809613.4752774,1,0,0.9247,2662,3.56,1.57,1
1770809613.4753194,18,56,0.7925,2052,1.54,0.74,1
1770809613.5252187,1,0,0.9172,2664,0.31,1.57,1
1770809613.5252695,18,56,0.8042,2054,2.63,0.73,1
1770809613.572394,1,0,0.9096,2666,0.52,1.57,1
1770809613.5724363,18,56,0.7422,2056,1.77,0.71,1
1770809613.6253889,1,0,0.9043,2668,1.57,1.56,1
1770809613.6254385,18,56,0.7823,2058,0.61,0.71,1
1770809613.6774628,1,0,0.8989,2670,1.14,1.55,1
1770809613.6775126,18,56,0.7484,2060,3.74,0.67,1
1770809613.733217,1,0,0.893,2672,6.7,1.5,1
1770809613.7332678,18,56,0.756,2062,1.14,0.66,1
1770809613.7808976,1,0,0.8843,2674,7.15,1.48,1
1770809613.7809396,18,56,0.8256,2064,3,0.64,1
1770809613.835572,1,0,0.8916,2676,3.53,1.46,1
1770809613.8356233,18,56,0.7202,2066,0.31,0.63,1
1770809613.882165,1,0,0.8929,2678,0.76,1.46,1
1770809613.8822153,18,56,0.7911,2068,1.09,0.65,1
1770809613.9336262,1,0,0.8927,2680,1.21,1.47,1
1770809613.9336767,18,56,0.821,2070,0.21,0.65,1
1770809614,1,0,0.8956,2682,0.04,1.47,1
1770809614,18,56,0.8656,2072,3.11,0.68,1
1770809614.0363877,1,0,0.885,2684,0.58,1.46,1
1770809614.0364316,18,56,0.6423,2074,3.72,0.64,1
1770809614.1403518,1,0,0.7524,2686,21.71,1.58,1
1770809614.244224,1,0,0.7403,2688,7.09,1.61,1
1770809614.354201,1,0,0.9255,2690,1.43,1.62,1
1770809614.3542583,79,67,0.9511,0,0,0.63,1
1770809614.406464,1,0,0.9245,2692,1.75,1.62,1
1770809614.4065156,79,67,0.9415,2,5.46,0.64,1
1770809614.4524443,1,0,0.9114,2694,0.23,1.62,1
1770809614.4524848,79,67,0.963,4,2.51,0.64,1
1770809614.501311,1,0,0.9156,2696,0.41,1.62,1
1770809614.501362,79,67,0.9521,6,1.53,0.63,1
1770809614.5545268,1,0,0.9046,2698,1.43,1.61,1
1770809614.5545764,79,67,0.9592,8,2.39,0.62,1
1770809614.615662,1,0,0.9177,2700,2.05,1.62,1
1770809614.6157136,79,67,0.9241,10,3.13,0.61,1
1770809614.664746,1,0,0.9246,2702,0.63,1.61,1
1770809614.6647892,79,67,0.8708,12,3.28,0.62,1
1770809614.7136586,1,0,0.9261,2704,1.36,1.62,1
1770809614.7137089,79,67,0.9519,14,2.12,0.62,1
1770809614.7623303,1,0,0.9258,2706,2.29,1.64,1
1770809614.7623749,79,67,0.9503,16,1.67,0.63,1
1770809614.8149247,1,0,0.9248,2708,1.02,1.63,1
1770809614.814972,79,67,0.9653,18,1.72,0.63,1
1770809614.8675656,1,0,0.9322,2710,0.63,1.62,1
1770809614.8676107,79,67,0.9479,20,0.95,0.63,1
1770809614.9146445,1,0,0.9321,2712,0.43,1.62,1
1770809614.9146962,79,67,0.9351,22,0.44,0.63,1
1770809614.964987,1,0,0.9321,2714,0.16,1.62,1
1770809614.965039,79,67,0.9351,24,0.16,0.63,1
1770809615.0191982,1,0,0.931,2716,2.05,1.61,1
1770809615.019247,79,67,0.9491,26,1.14,0.64,1
1770809615.0679755,1,0,0.9221,2718,1.34,1.62,1
1770809615.0680206,79,67,0.935,28,3.28,0.62,1
1770809615.1149676,1,0,0.9093,2720,1.69,1.62,1
1770809615.1150124,79,67,0.9476,30,2.09,0.62,1
1770809615.1644876,1,0,0.9125,2722,1.17,1.61,1
1770809615.164531,79,67,0.9592,32,1.7,0.62,1
1770809615.2102993,1,0,0.9171,2724,0.72,1.61,1
1770809615.2103422,79,67,0.9553,34,2.9,0.6,1
1770809615.2572172,1,0,0.9093,2726,0.49,1.62,1
1770809615.2572637,79,67,0.9747,36,0.61,0.6,1
1770809615.3098695,1,0,0.9077,2728,0.98,1.61,1
1770809615.3099115,79,67,0.9483,38,0.24,0.6,1
1770809615.3609562,1,0,0.9216,2730,0.83,1.61,1
1770809615.3610003,79,67,0.9692,40,0.46,0.6,1
1770809615.4050395,1,0,0.9216,2732,0.32,1.61,1
1770809615.4050908,79,67,0.9692,42,0.18,0.6,1
1770809615.450111,1,0,0.9152,2734,0.87,1.62,1
1770809615.4501536,79,67,0.955,44,0.76,0.6,1
1770809615.4988382,1,0,0.9077,2736,0.63,1.62,1
1770809615.498883,79,67,0.9723,46,1.08,0.6,1
1770809616,1,0,0.9179,2738,0.2,1.62,1
1770809615.5493667,79,67,0.9731,48,2.33,0.6,1
1770809615.598111,1,0,0.9222,2740,0.62,1.61,1
1770809615.5981543,79,67,0.9673,50,0.78,0.6,1
1770809615.6501782,1,0,0.9083,2742,0.53,1.61,1
1770809615.650229,79,67,0.9708,52,0.64,0.6,1
1770809615.702289,1,0,0.9232,2744,0.44,1.61,1
1770809615.7023342,79,67,0.9718,54,0.23,0.59,1
1770809615.7513404,1,0,0.9206,2746,0.28,1.61,1
1770809615.751392,79,67,0.9796,56,1.38,0.59,1
1770809615.805974,1,0,0.9185,2748,1.02,1.61,1
1770809615.806028,79,67,0.9635,58,0.98,0.6,1
1770809615.849871,1,0,0.9138,2750,0.38,1.6,1
1770809615.8499126,79,67,0.9659,60,0.64,0.6,1
1770809615.902285,1,0,0.9251,2752,0.53,1.61,1
1770809615.9023447,79,67,0.9715,62,0.72,0.6,1
1770809615.9571536,1,0,0.9159,2754,1.33,1.61,1
1770809615.9572208,79,67,0.967,64,0.32,0.6,1
1770809616.0145466,1,0,0.9211,2756,0.17,1.61,1
1770809616.014604,79,67,0.9738,66,0.18,0.6,1
1770809616.067404,1,0,0.914,2758,0.61,1.61,1
1770809616.0674546,79,67,0.9502,68,0.7,0.6,1
1770809616.114889,1,0,0.9131,2760,0.69,1.6,1
1770809616.1149333,79,67,0.9521,70,0.92,0.6,1
1770809616.1640034,1,0,0.9148,2762,0.61,1.61,1
1770809616.164048,79,67,0.9529,72,0.81,0.6,1
1770809616.2123504,1,0,0.9248,2764,0.69,1.61,1
1770809616.2123928,79,67,0.9652,74,0.55,0.6,1
1770809616.2659023,1,0,0.9238,2766,0.25,1.62,1
1770809616.2659545,79,67,0.9631,76,0.59,0.6,1
1770809616.321505,1,0,0.9154,2768,0.26,1.62,1
1770809616.3215585,79,67,0.9677,78,0.09,0.6,1
1770809616.3697655,1,0,0.9212,2770,0.31,1.61,1
1770809616.3698084,79,67,0.9556,80,0.22,0.6,1
1770809616.419965,1,0,0.9177,2772,0.87,1.61,1
1770809616.420016,79,67,0.9527,82,0.27,0.6,1
1770809616.470659,1,0,0.9155,2774,0.83,1.61,1
1770809616.470711,79,67,0.9695,84,0.45,0.61,1
1770809616.519073,1,0,0.9073,2776,0.88,1.61,1
1770809616.5191245,79,67,0.9543,86,0.65,0.61,1
1770809616.5718231,1,0,0.9157,2778,0.97,1.61,1
1770809616.5718763,79,67,0.9713,88,0.62,0.61,1
1770809616.6212018,1,0,0.9211,2780,0.71,1.61,1
1770809616.6212428,79,67,0.9551,90,0.88,0.61,1
1770809616.671895,1,0,0.9323,2782,0.81,1.61,1
1770809616.671946,79,67,0.9621,92,0.31,0.61,1
1770809616.725728,1,0,0.9237,2784,0.95,1.61,1
1770809616.7257757,79,67,0.9587,94,0.5,0.61,1
1770809616.7709448,1,0,0.9276,2786,0.85,1.61,1
1770809616.7709873,79,67,0.9646,96,0.68,0.61,1
1770809616.817805,1,0,0.9328,2788,0.61,1.61,1
1770809616.817852,79,67,0.9643,98,0.45,0.61,1
1770809616.870924,1,0,0.9287,2790,0.41,1.61,1
1770809617,79,67,0.9711,100,0.16,0.61,1
1770809616.9229186,1,0,0.9155,2792,0.84,1.61,1
1770809616.922969,79,67,0.9653,102,0.41,0.61,1
1770809616.976911,1,0,0.9237,2794,0.54,1.61,1
1770809616.9769542,79,67,0.9555,104,0.06,0.61,1
1770809617.026272,1,0,0.9232,2796,0.77,1.61,1
1770809617.0263157,79,67,0.9668,106,0.8,0.61,1
1770809617.074865,1,0,0.922,2798,0.89,1.61,1
1770809617.0749092,79,67,0.969,108,0.69,0.61,1
1770809617.1267345,1,0,0.9227,2800,1.25,1.61,1
1770809617.1267858,79,67,0.9686,110,0.24,0.6,1
1770809617.1778002,1,0,0.923,2802,0.23,1.61,1
1770809617.1778426,79,67,0.9612,112,0.4,0.6,1
1770809617.2262354,1,0,0.9081,2804,1,1.62,1
1770809617.2262805,79,67,0.9745,114,0.93,0.61,1
1770809617.2754087,1,0,0.9182,2806,2.75,1.62,1
1770809617.2754512,79,67,0.9501,116,5.71,0.61,1
1770809617.3250809,1,0,0.9206,2808,2.47,1.62,1
1770809617.3251224,79,67,0.9473,118,5.24,0.63,1
1770809617.3738513,1,0,0.9341,2810,0.71,1.63,1
1770809617.3739035,79,67,0.9743,120,4.45,0.63,1
1770809617.425558,1,0,0.9376,2812,0.14,1.63,1
1770809617.4256186,79,67,0.9475,122,7.34,0.63,1
1770809617.482988,1,0,0.8751,2814,1,1.62,1
1770809617.4830368,79,67,0.1675,124,12.25,0.65,0
1770809617.5355213,1,0,0.8767,2816,5.46,1.61,1
1770809617.646719,1,0,0.8858,2818,28.7,1.47,1
1770809617.646774,81,56,0.8102,0,0,0.65,1
1770809617.703243,1,0,0.8857,2820,6.09,1.44,1
1770809617.7032962,81,56,0.7859,2,3.1,0.68,1
1770809617.7549136,1,0,0.8794,2822,0.22,1.44,1
1770809617.754966,81,56,0.7589,4,3.93,0.72,1
1770809617.8059118,1,0,0.8814,2824,12.83,1.5,1
1770809617.805962,81,56,0.8409,6,2.02,0.7,1
1770809617.8529384,1,0,0.8896,2826,9.71,1.54,1
1770809617.8529804,81,56,0.8208,8,0.72,0.69,1
1770809617.9066868,1,0,0.8961,2828,2.95,1.57,1
1770809617.9067378,81,56,0.7203,10,1.61,0.68,1
1770809617.9559832,1,0,0.8915,2830,1.38,1.56,1
1770809617.9560268,81,56,0.802,12,2.05,0.7,1
1770809618.0103583,1,0,0.9072,2832,2.37,1.58,1
1770809618.0104094,81,56,0.8093,14,2.37,0.67,1
1770809618.0647974,1,0,0.9077,2834,0.65,1.58,1
1770809618,81,56,0.8528,16,1.25,0.69,1
1770809618.122522,1,0,0.9192,2836,0.97,1.59,1
1770809618.122574,81,56,0.7568,18,1.08,0.69,1
1770809618.1725917,1,0,0.9201,2838,0.38,1.59,1
1770809618.1726427,81,56,0.7599,20,0.56,0.69,1
1770809618.2239523,1,0,0.9207,2840,0.75,1.59,1
1770809618.223995,81,56,0.7913,22,0.21,0.69,1
1770809618.2705345,1,0,0.9334,2842,2.15,1.59,1
1770809618.2705915,81,56,0.6948,24,0.2,0.7,1
1770809618.3240566,1,0,0.9164,2844,1.36,1.59,1
1770809618.3240983,81,56,0.8074,26,1.66,0.71,1
1770809618.3767598,1,0,0.9193,2846,0.34,1.59,1
1770809618.376803,81,56,0.7683,28,0.84,0.71,1
1770809618.4268067,1,0,0.9287,2848,1.9,1.6,1
1770809618.4268491,81,56,0.6865,30,0.35,0.73,1
1770809618.4738965,1,0,0.9061,2850,0.28,1.6,1
1770809618.4739387,81,56,0.7623,32,0.28,0.73,1
1770809618.5214028,1,0,0.9157,2852,0.48,1.6,1
1770809618.5214467,81,56,0.8021,34,0.62,0.73,1
1770809618.5714476,1,0,0.9169,2854,0.32,1.6,1
1770809618.571489,81,56,0.6829,36,0.42,0.72,1
1770809618.623995,1,0,0.9215,2856,0.13,1.6,1
1770809618.6240382,81,56,0.7374,38,1.17,0.73,1
1770809618.6758673,1,0,0.9223,2858,0.55,1.6,1
1770809618.6759114,81,56,0.7522,40,1.06,0.73,1
1770809618.7300782,1,0,0.9332,2860,0.2,1.6,1
1770809618.7301316,81,56,0.8109,42,0.97,0.73,1
1770809618.7816937,1,0,0.9266,2862,0.18,1.6,1
1770809618.7817454,81,56,0.6601,44,0.48,0.72,1
1770809618.8292973,1,0,0.9247,2864,0.12,1.6,1
1770809618.8293526,81,56,0.7447,46,0.52,0.73,1
1770809618.876711,1,0,0.924,2866,0.51,1.6,1
1770809618.8767636,81,56,0.756,48,0.3,0.72,1
1770809618.9302526,1,0,0.9362,2868,0.16,1.6,1
1770809618.9303029,81,56,0.7421,50,0.55,0.72,1
1770809618.9871686,1,0,0.9243,2870,1.07,1.6,1
1770809618.9872189,81,56,0.7098,52,0.94,0.73,1
1770809619.0402236,1,0,0.9202,2872,0.64,1.6,1
1770809619.0402725,81,56,0.773,54,1.33,0.72,1
1770809619.0898883,1,0,0.9209,2874,0.64,1.6,1
1770809619.0899434,81,56,0.7588,56,0.22,0.73,1
1770809619.141594,1,0,0.9168,2876,0.2,1.6,1
1770809619.1416445,81,56,0.7211,58,0.47,0.72,1
1770809619.1976264,1,0,0.9166,2878,1.56,1.58,1
1770809619.1976786,81,56,0.6647,60,0.94,0.71,1
1770809619.2535026,1,0,0.9085,2880,4.75,1.56,1
1770809619.2535455,81,56,0.7704,62,1.62,0.7,1
1770809619.3048174,1,0,0.9143,2882,1.52,1.57,1
1770809619.3048608,81,56,0.6974,64,2.04,0.71,1
1770809619.3538032,1,0,0.9052,2884,5.28,1.54,1
1770809619.3538463,81,56,0.8162,66,2.88,0.69,1
1770809619.4015794,1,0,0.9008,2886,3.98,1.52,1
1770809619.4016204,81,56,0.8295,68,0.73,0.69,1
1770809619.4542608,1,0,0.8767,2888,7.95,1.47,1
1770809619.454311,81,56,0.8143,70,3.14,0.67,1
1770809619.502124,1,0,0.9034,2890,1.11,1.47,1
1770809619.5021696,81,56,0.816,72,0.54,0.67,1
1770809619.5505545,1,0,0.8888,2892,0.59,1.47,1
1770809619.5506177,81,56,0.7756,74,2.97,0.63,1
1770809619.6010723,1,0,0.8866,2894,2.55,1.45,1
1770809619.6011138,81,56,0.7685,76,4.83,0.67,1
1770809619.653303,1,0,0.8913,2896,4.31,1.47,1
1770809619.6533468,81,56,0.7148,78,3.12,0.66,1
1770809619.7026231,1,0,0.8988,2898,2.07,1.48,1
1770809619.7026672,81,56,0.7213,80,1.06,0.64,1
1770809619.7549393,1,0,0.9059,2900,2.45,1.5,1
1770809619.7549922,81,56,0.7919,82,1.64,0.66,1
1770809619.8109968,1,0,0.8949,2902,3.68,1.49,1
1770809619.8110478,81,56,0.6765,84,2.5,0.63,1
1770809619.8620107,1,0,0.903,2904,1.83,1.49,1
1770809619.862056,81,56,0.8391,86,2.86,0.67,1
1770809619.9147146,1,0,0.9045,2906,1.18,1.48,1
1770809619.9147637,81,56,0.69,88,2.52,0.68,1
1770809619.964428,1,0,0.9129,2908,0.66,1.48,1
1770809619.9644704,81,56,0.6206,90,3.71,0.65,1
1770809620.0185523,1,0,0.9092,2910,3.82,1.5,1
1770809620.0186076,81,56,0.7382,92,0.91,0.64,1
1770809620.0703032,1,0,0.8992,2912,0.76,1.5,1
1770809620.0703547,81,56,0.7376,94,1.89,0.65,1
1770809620.1249652,1,0,0.8998,2914,1.19,1.51,1
1770809620.1250162,81,56,0.4846,96,3.25,0.62,1
1770809620.175489,1,0,0.8979,2916,1.52,1.5,1
1770809620.1755338,81,56,0.7798,98,2.7,0.65,1
1770809620.2218568,1,0,0.9036,2918,1.81,1.5,1
1770809620.2219002,81,56,0.7676,100,0.51,0.65,1
1770809620.2707598,1,0,0.8994,2920,1.68,1.5,1
1770809620.2708137,81,56,0.8243,102,0.45,0.65,1
1770809620.3240716,1,0,0.9017,2922,2.81,1.49,1
1770809620.324124,81,56,0.8128,104,0.72,0.64,1
1770809620.3819108,1,0,0.8721,2924,47.29,1.24,1
1770809620.381963,81,56,0.7401,106,0.62,0.64,1
1770809620.4319754,1,0,0.7394,2926,28.17,1.4,1
1770809620.4320185,81,56,0.7469,108,0.6,0.65,1
1770809620.4877276,1,0,0.8828,2928,7.41,1.44,1
1770809620.487782,81,56,0.7467,110,2.24,0.67,1
1770809620.538326,1,0,0.8941,2930,7.97,1.46,1
1770809620.538368,81,56,0.7756,112,0.84,0.68,1
1770809620.5886908,1,0,0.901,2932,1.38,1.5,1
1770809620.5887334,81,56,0.6122,114,0.77,0.69,1
1770809620.639423,1,0,0.8485,2934,3.29,1.49,1
1770809620.639465,81,56,0.8151,116,1.66,0.7,1
1770809620.6965516,1,0,0.88,2936,7.92,1.44,1
1770809620.696596,81,56,0.783,118,5.69,0.64,1
1770809620.6966126,85,39,0.905,0,0,0.32,1
1770809620.6967251,1,0,0.88,2938,0,1.44,1
1770809620.6967444,81,56,0.783,120,0,0.64,1
1770809620.6967587,85,39,0.905,2,0,0.32,1
1770809620.7485893,1,0,0.8998,2940,5.06,1.45,1
1770809620.748633,81,56,0.6231,122,1.64,0.66,1
1770809620.7486491,85,39,0.9037,4,4.11,0.32,1
1770809620.7993329,1,0,0.8965,2942,2.31,1.44,1
1770809620.799376,81,56,0.7438,124,3.18,0.69,1
1770809620.799393,85,39,0.92,6,3.66,0.32,1
1770809620.7995036,1,0,0.8965,2944,0,1.44,1
1770809620.7995226,81,56,0.7438,126,0,0.69,1
1770809620.799537,85,39,0.92,8,0,0.32,1
1770809620.8554947,1,0,0.8771,2946,6.28,1.4,1
1770809620.8555465,81,56,0.6827,128,2.77,0.66,1
1770809620.8555677,85,39,0.9278,10,2.16,0.31,1
1770809620.8555875,86,40,0.3634,0,0,0.32,0
1770809620.8557258,1,0,0.8771,2948,0,1.4,1
1770809620.8557491,81,56,0.6827,130,0,0.66,1
1770809620.8557675,85,39,0.9278,12,0,0.31,1
1770809620.8557866,86,40,0.3634,2,0,0.32,0
1770809620.9104035,1,0,0.8007,2950,8.5,1.37,1
1770809620.910447,81,56,0.5961,132,1.77,0.66,1
1770809620.9104636,85,39,0.8838,14,4.86,0.31,1
1770809620.9104784,86,40,0.2062,4,4.36,0.31,0
1770809620.910744,1,0,0.8007,2952,0,1.37,1
1770809620.9107924,81,56,0.5961,134,0,0.66,1
1770809620.910814,85,39,0.8838,16,0,0.31,1
1770809620.9108331,86,40,0.2062,6,0,0.31,0
1770809620.9673493,1,0,0.8388,2954,6.03,1.33,1
1770809620.967393,81,56,0.5389,136,0.7,0.67,1
1770809620.9674098,85,39,0.8477,18,1.51,0.31,1
1770809620.9674249,86,40,0.1749,8,1.7,0.31,0
1770809620.9675353,1,0,0.8388,2956,0,1.33,1
1770809620.967554,81,56,0.5389,138,0,0.67,1
1770809620.9675684,85,39,0.8477,20,0,0.31,1
1770809620.9675815,86,40,0.1749,10,0,0.31,0
1770809621.023009,1,0,0.8234,2958,7.5,1.3,1
1770809621.0230494,81,56,0.7205,140,2.91,0.7,1
1770809621.0230663,85,39,0.8486,22,0.55,0.31,1
1770809621.0230818,86,40,0.156,12,0.1,0.31,0
1770809621.0231922,1,0,0.8234,2960,0,1.3,1
1770809621.023211,81,56,0.7205,142,0,0.7,1
1770809621.0232248,85,39,0.8486,24,0,0.31,1
1770809621.0232382,86,40,0.156,14,0,0.31,0
1770809621.0758114,1,0,0.8013,2962,0.9,1.29,1
1770809621.075864,81,56,0.8215,144,0.59,0.71,1
1770809621.0758853,85,39,0.8494,26,0.3,0.31,1
1770809621.0759058,86,40,0.1765,16,0.13,0.31,0
1770809621.076044,1,0,0.8013,2964,0,1.29,1
1770809621.0760677,81,56,0.8215,146,0,0.71,1
1770809621.0760868,85,39,0.8494,28,0,0.31,1
1770809621.076105,86,40,0.1765,18,0,0.31,0
1770809621.1322718,1,0,0.8131,2966,2.15,1.3,1
1770809621.1323235,81,56,0.7176,148,4.06,0.67,1
1770809621.1323457,85,39,0.8753,30,0.85,0.31,1
1770809621.132366,86,40,0.1625,20,0.43,0.31,0
1770809621.132505,1,0,0.8131,2968,0,1.3,1
1770809621.1325283,81,56,0.7176,150,0,0.67,1
1770809621.1325476,85,39,0.8753,32,0,0.31,1
1770809621.132566,86,40,0.1625,22,0,0.31,0
1770809621.1897554,1,0,0.8134,2970,22.19,1.4,1
1770809621.1898055,81,56,0.7259,152,3.72,0.71,1
1770809621.1898282,85,39,0.8515,34,0.38,0.31,1
1770809621.1898484,86,40,0.1558,24,1.13,0.32,0
1770809621.1899867,1,0,0.8134,2972,0,1.4,1
1770809621,81,56,0.7259,154,0,0.71,1
1770809621,85,39,0.8515,36,0,0.31,1
1770809621.1900487,86,40,0.1558,26,0,0.32,0
1770809621.238842,1,0,0.7799,2974,4.11,1.45,1
1770809621.2388835,81,56,0.7038,156,0.62,0.7,1
1770809621.238901,85,39,0.8645,38,0.64,0.31,1
1770809621.2389154,86,40,0.1249,28,0.54,0.32,0
1770809621.2390218,1,0,0.7799,2976,0,1.45,1
1770809621.2390404,81,56,0.7038,158,0,0.7,1
1770809621.2390535,85,39,0.8645,40,0,0.31,1
1770809621.2390668,86,40,0.1249,30,0,0.32,0
1770809621.287444,1,0,0.7906,2978,17.96,1.35,1
1770809621.287494,81,56,0.6291,160,1.64,0.72,1
1770809621.287515,85,39,0.8621,42,0.29,0.31,1
1770809621.2875342,86,40,0.1906,32,0.81,0.33,0
1770809621,1,0,0.7906,2980,0,1.35,1
1770809621.2876928,81,56,0.6291,162,0,0.72,1
1770809621.2877114,85,39,0.8621,44,0,0.31,1
1770809621.2877295,86,40,0.1906,34,0,0.33,0
1770809621.3378189,1,0,0.8189,2982,3.66,1.32,1
1770809621.3378615,81,56,0.7702,164,1.26,0.71,1
1770809621.3378797,85,39,0.8992,46,0.18,0.3,1
1770809621.337895,86,40,0.1283,36,1.68,0.32,0
1770809621.338004,1,0,0.8189,2984,0,1.32,1
1770809621.338023,81,56,0.7702,166,0,0.71,1
1770809621.338037,85,39,0.8992,48,0,0.3,1
1770809621.3380504,86,40,0.1283,38,0,0.32,0
1770809621.3858447,1,0,0.7975,2986,17.28,1.41,1
1770809621.3858883,81,56,0.739,168,2.85,0.7,1
1770809621.3859055,85,39,0.869,50,0.43,0.31,1
1770809621.3859208,86,40,0.1432,40,0.49,0.32,0
1770809621.3860304,1,0,0.7975,2988,0,1.41,1
1770809621.3860493,81,56,0.739,170,0,0.7,1
1770809621.3860636,85,39,0.869,52,0,0.31,1
1770809621.3860767,86,40,0.1432,42,0,0.32,0
1770809621.4374878,1,0,0.8094,2990,13.92,1.34,1
1770809621.4375305,81,56,0.6666,172,0.75,0.68,1
1770809621.4375465,85,39,0.875,54,0.85,0.3,1
1770809621.4375608,86,40,0.1151,44,1.93,0.31,0
1770809621.4376874,1,0,0.8094,2992,0,1.34,1
1770809621.437707,81,56,0.6666,174,0,0.68,1
1770809621.437725,85,39,0.875,56,0,0.3,1
1770809621.4377382,86,40,0.1151,46,0,0.31,0
1770809621.4861145,1,0,0.7985,2994,7.12,1.3,1
1770809621.4861546,81,56,0.6901,176,3.16,0.64,1
1770809621.530734,1,0,0.8065,2996,8.86,1.26,1
1770809621.5307758,81,56,0.5467,178,1.65,0.63,1
1770809621.530793,85,39,0.8746,60,0.18,0.3,1
1770809621.584154,1,0,0.7966,2998,7.8,1.3,1
1770809621.584198,81,56,0.6799,180,0.54,0.63,1
1770809621.5842147,85,39,0.8521,62,0.39,0.3,1
1770809621.5843267,1,0,0.7966,3000,0,1.3,1
1770809621.5843456,81,56,0.6799,182,0,0.63,1
1770809621.5843594,85,39,0.8521,64,0,0.3,1
1770809621.6343994,1,0,0.8197,3002,2.44,1.31,1
1770809621.634443,81,56,0.7598,184,3.91,0.68,1
1770809621.6344595,85,39,0.8523,66,0.62,0.3,1
1770809621.6878746,1,0,0.7876,3004,1.17,1.31,1
1770809621.6879244,81,56,0.6786,186,0.71,0.67,1
1770809621.6879458,85,39,0.8429,68,0.14,0.31,1
1770809621.6880872,1,0,0.7876,3006,0,1.31,1
1770809621.688111,81,56,0.6786,188,0,0.67,1
1770809621.6881304,85,39,0.8429,70,0,0.31,1
1770809621.741768,1,0,0.7897,3008,3.11,1.32,1
1770809621.7418094,81,56,0.7578,190,1.44,0.66,1
1770809621.7418263,85,39,0.863,72,1.56,0.31,1
1770809621.791648,1,0,0.8223,3010,6.89,1.36,1
1770809621.7916903,81,56,0.79,192,0.22,0.66,1
1770809621.791708,85,39,0.8252,74,0.64,0.31,1
1770809621.7918203,1,0,0.8223,3012,0,1.36,1
1770809622,81,56,0.79,194,0,0.66,1
1770809621.7918546,85,39,0.8252,76,0,0.31,1
1770809621.8451831,1,0,0.8268,3014,2.11,1.34,1
1770809621.8452342,81,56,0.7276,196,1.62,0.67,1
1770809621.8452566,85,39,0.8742,78,0.59,0.31,1
1770809621.8990736,1,0,0.7883,3016,0.25,1.35,1
1770809621.8991146,81,56,0.7599,198,0.15,0.67,1
1770809621.899131,85,39,0.8747,80,0.33,0.32,1
1770809621.8992417,1,0,0.7883,3018,0,1.35,1
1770809621.8992603,81,56,0.7599,200,0,0.67,1
1770809621.8992746,85,39,0.8747,82,0,0.32,1
1770809621.9492884,1,0,0.7876,3020,1.37,1.34,1
1770809621.949336,81,56,0.7231,202,0.47,0.67,1
1770809621.9493582,85,39,0.8891,84,0.86,0.32,1
1770809621.9979408,1,0,0.8163,3022,2.64,1.35,1
1770809621.9979825,81,56,0.7581,204,2.77,0.65,1
1770809621.9979997,85,39,0.8562,86,1.11,0.32,1
1770809621.9981096,1,0,0.8163,3024,0,1.35,1
1770809621.998129,81,56,0.7581,206,0,0.65,1
1770809621.9981434,85,39,0.8562,88,0,0.32,1
1770809622.049994,1,0,0.7999,3026,2.72,1.36,1
1770809622.050045,81,56,0.7899,208,2.03,0.67,1
1770809622.050067,85,39,0.8578,90,0.37,0.32,1
1770809622.1048274,1,0,0.8163,3028,0.7,1.37,1
1770809622.1048818,81,56,0.7986,210,1.66,0.67,1
1770809622.104904,85,39,0.828,92,0.45,0.32,1
1770809622.105044,1,0,0.8163,3030,0,1.37,1
1770809622.1050682,81,56,0.7986,212,0,0.67,1
1770809622.1050873,85,39,0.828,94,0,0.32,1
1770809622.155328,1,0,0.8036,3032,0.46,1.36,1
1770809622.1553726,81,56,0.8076,214,1.1,0.68,1
1770809622.155389,85,39,0.8396,96,0.28,0.32,1
1770809622.205592,1,0,0.8144,3034,2.3,1.34,1
1770809622.2056348,81,56,0.7934,216,0.28,0.68,1
1770809622.2056532,85,39,0.8569,98,0.23,0.32,1
1770809622.2057626,1,0,0.8144,3036,0,1.34,1
1770809622.2057812,81,56,0.7934,218,0,0.68,1
1770809622.2057953,85,39,0.8569,100,0,0.32,1
1770809622.252972,1,0,0.8029,3038,4.33,1.33,1
1770809622.2530146,81,56,0.7644,220,1.61,0.66,1
1770809622.2530313,85,39,0.8165,102,0.46,0.32,1
1770809622,1,0,0.7977,3040,1.16,1.32,1
1770809622.305931,81,56,0.7487,222,0.12,0.65,1
1770809622.305953,85,39,0.8372,104,0.7,0.32,1
1770809622.3060954,1,0,0.7977,3042,0,1.32,1
1770809622.3061194,81,56,0.7487,224,0,0.65,1
1770809622.3061385,85,39,0.8372,106,0,0.32,1
1770809622.3606825,1,0,0.8385,3044,4.45,1.3,1
1770809622.3607326,81,56,0.7187,226,2.17,0.63,1
1770809622.3607557,85,39,0.8682,108,0.14,0.32,1
1770809622.4156568,1,0,0.8234,3046,3.08,1.31,1
1770809622.415707,81,56,0.6776,228,3.05,0.66,1
1770809622,85,39,0.8348,110,0.31,0.32,1
1770809622.4158733,1,0,0.8234,3048,0,1.31,1
1770809622.4158976,81,56,0.6776,230,0,0.66,1
1770809622.4159164,85,39,0.8348,112,0,0.32,1
1770809622.4661047,1,0,0.8295,3050,0.64,1.3,1
1770809622.4661455,81,56,0.7676,232,0.96,0.66,1
1770809622.466162,85,39,0.8543,114,0.25,0.32,1
1770809622.515041,1,0,0.8351,3052,0.65,1.31,1
1770809622.5150914,81,56,0.5727,234,3.48,0.69,1
1770809622.515113,85,39,0.8537,116,21.52,0.38,1
1770809622.515253,1,0,0.8351,3054,0,1.31,1
1770809622.5152795,81,56,0.5727,236,0,0.69,1
1770809622.515299,85,39,0.8537,118,0,0.38,1
1770809622.5640814,1,0,0.8303,3056,4.19,1.29,1
1770809622.5641236,81,56,0.7808,238,1.6,0.68,1
1770809622.5641406,85,39,0.8441,120,14.07,0.33,1
1770809622.6141794,1,0,0.8412,3058,1.59,1.3,1
1770809622.614225,81,56,0.7348,240,0.88,0.67,1
1770809622.6142418,85,39,0.8202,122,18.42,0.38,1
1770809622.6143527,1,0,0.8412,3060,0,1.3,1
1770809622.6143725,81,56,0.7348,242,0,0.67,1
1770809622.6143868,85,39,0.8202,124,0,0.38,1
1770809622.662768,1,0,0.8437,3062,2.2,1.32,1
1770809622.6628213,81,56,0.7996,244,2.25,0.69,1
1770809622.6628473,85,39,0.8175,126,16.34,0.33,1
1770809622.7150102,1,0,0.8069,3064,1.38,1.33,1
1770809622.7150729,81,56,0.7133,246,0.92,0.7,1
1770809622.7150974,85,39,0.8369,128,5.17,0.32,1
1770809623,1,0,0.8069,3066,0,1.33,1
1770809622.7152607,81,56,0.7133,248,0,0.7,1
1770809622.715275,85,39,0.8369,130,0,0.32,1
1770809622.7659209,1,0,0.8439,3068,2.32,1.32,1
1770809622.7659626,81,56,0.8025,250,0.33,0.7,1
1770809622.7659798,85,39,0.855,132,1.66,0.32,1
1770809622.8164935,1,0,0.8126,3070,1.49,1.3,1
1770809622.8165436,81,56,0.8288,252,2.49,0.69,1
1770809622.8165655,85,39,0.8681,134,1.01,0.32,1
1770809622.816707,1,0,0.8126,3072,0,1.3,1
1770809622.816731,81,56,0.8288,254,0,0.69,1
1770809622.8167498,85,39,0.8681,136,0,0.32,1
1770809622.871415,1,0,0.8107,3074,18.12,1.39,1
1770809623,81,56,0.679,256,0.53,0.68,1
1770809622.871495,85,39,0.8552,138,0.48,0.31,1
1770809622.9224403,1,0,0.8272,3076,6.04,1.38,1
1770809622.922491,81,56,0.7597,258,3.19,0.65,1
1770809622.922513,85,39,0.8413,140,0.41,0.31,1
1770809622.9226544,1,0,0.8272,3078,0,1.38,1
1770809622.922678,81,56,0.7597,260,0,0.65,1
1770809622.9226973,85,39,0.8413,142,0,0.31,1
1770809622.973961,1,0,0.817,3080,8.43,1.33,1
1770809622.9740207,81,56,0.7119,262,0.2,0.66,1
1770809622.974051,85,39,0.8394,144,0.05,0.31,1
1770809623.0272832,1,0,0.8192,3082,0.33,1.34,1
1770809623.0273268,81,56,0.6503,264,0.61,0.64,1
1770809623.027345,85,39,0.7805,146,0.26,0.31,1
1770809623.027363,92,40,0.3783,0,0,0.32,1
1770809623.0274775,1,0,0.8192,3084,0,1.34,1
1770809623.027496,81,56,0.6503,266,0,0.64,1
1770809623.0275106,85,39,0.7805,148,0,0.31,1
1770809623.0275247,92,40,0.3783,2,0,0.32,1
1770809623.0730343,1,0,0.8131,3086,0.47,1.33,1
1770809623.0730782,81,56,0.7946,268,1.21,0.66,1
1770809623.073095,85,39,0.8032,150,0.16,0.31,1
1770809623.0731094,92,40,0.456,4,0.53,0.32,1
1770809623.0732188,1,0,0.8131,3088,0,1.33,1
1770809623.0732377,81,56,0.7946,270,0,0.66,1
1770809623.0732515,85,39,0.8032,152,0,0.31,1
1770809623.0732653,92,40,0.456,6,0,0.32,1
1770809623.1195483,1,0,0.8372,3090,10.99,1.4,1
1770809623.1195898,81,56,0.6338,272,2.1,0.64,1
1770809623.119606,85,39,0.7992,154,22.49,0.37,1
1770809623.119621,92,40,0.2843,8,0.52,0.32,1
1770809623.119732,1,0,0.8372,3092,0,1.4,1
1770809623.119751,81,56,0.6338,274,0,0.64,1
1770809623.1197648,85,39,0.7992,156,0,0.37,1
1770809623.1197784,92,40,0.2843,10,0,0.32,1
1770809623.1691966,1,0,0.8466,3094,8.15,1.35,1
1770809623.1692412,81,56,0.7813,276,4.71,0.68,1
1770809623.1692667,85,40,0.1719,158,17.44,0.34,0
1770809623.169291,92,39,0.8004,12,2.76,0.32,1
1770809623.169438,1,0,0.8466,3096,0,1.35,1
1770809623.1694608,81,56,0.7813,278,0,0.68,1
1770809623.1694756,85,40,0.1719,160,0,0.34,0
1770809623,92,39,0.8004,14,0,0.32,1
1770809623.2198615,1,0,0.8516,3098,4.11,1.32,1
1770809623.2199123,81,56,0.7838,280,3.78,0.65,1
1770809623.2199302,85,40,0.3593,162,5.55,0.32,1
1770809623.2199452,92,39,0.8314,16,1.26,0.31,1
1770809623.220057,1,0,0.8516,3100,0,1.32,1
1770809623.2200766,81,56,0.7838,282,0,0.65,1
1770809623.2200906,85,40,0.3593,164,0,0.32,1
1770809623.2201042,92,39,0.8314,18,0,0.31,1
1770809623.2745836,1,0,0.8188,3102,1.59,1.33,1
1770809623.2746358,81,56,0.7342,284,2.23,0.67,1
1770809623.2746575,85,40,0.3952,166,1.66,0.32,1
1770809623.2746778,92,39,0.8583,20,0.41,0.32,1
1770809623.274819,1,0,0.8188,3104,0,1.33,1
1770809623.2748425,81,56,0.7342,286,0,0.67,1
1770809623.274861,85,40,0.3952,168,0,0.32,1
1770809623,92,39,0.8583,22,0,0.32,1
1770809623.323691,1,0,0.8084,3106,18.02,1.42,1
1770809623.3237498,81,56,0.8003,288,1.55,0.65,1
1770809623.323784,85,40,0.4648,170,0.54,0.32,1
1770809623.323809,92,39,0.8758,24,0.73,0.32,-1
1770809623.323952,1,0,0.8084,3108,0,1.42,1
1770809623.3239727,81,56,0.8003,290,0,0.65,1
1770809623.3239872,85,40,0.4648,172,0,0.32,1
1770809623.3240008,92,39,0.8758,26,0,0.32,1
1770809623.3752954,1,0,0.844,3110,2.92,1.41,1
1770809623.3753483,81,56,0.7601,292,1.03,0.67,1
1770809623.3753698,85,40,0.3986,174,0.4,0.32,1
1770809623.3753903,92,39,0.8655,28,0.29,0.31,1
1770809623.3755288,1,0,0.844,3112,0,1.41,1
1770809623.3755524,81,56,0.7601,294,0,0.67,1
1770809623.3755715,85,40,0.3986,176,0,0.32,1
1770809623.3755903,92,39,0.8655,30,0,0.31,1
1770809623.424592,1,0,0.8278,3114,0.73,1.42,1
1770809623.4246423,81,56,0.7392,296,3.16,0.69,1
1770809623.4735842,1,0,0.8682,3116,0.74,1.41,1
1770809623.4736395,81,56,0.7817,298,0.53,0.7,1
1770809623.473662,85,39,0.8756,180,3.52,0.31,1
1770809623.4738028,1,0,0.8682,3118,0,1.41,1
1770809623.4738271,81,56,0.7817,300,0,0.7,1
1770809623.473846,85,39,0.8756,182,0,0.31,1
1770809623.526004,1,0,0.8592,3120,5.76,1.44,1
1770809623.526045,81,56,0.7572,302,5.3,0.64,1
1770809623.526063,85,39,0.936,184,0.91,0.31,1
1770809623.5818532,1,0,0.8684,3122,0.45,1.44,1
1770809623.5818934,81,56,0.7949,304,2.93,0.67,1
1770809623.5819106,85,39,0.8827,186,0.42,0.31,1
1770809623.5820212,1,0,0.8684,3124,0,1.44,1
1770809624,81,56,0.7949,306,0,0.67,1
1770809623.5820544,85,39,0.8827,188,0,0.31,1
1770809623.6368678,1,0,0.8631,3126,8.42,1.42,1
1770809623.6369188,81,56,0.7315,308,0.73,0.66,1
1770809623.6369412,85,39,0.8982,190,0.13,0.31,1
1770809623.636961,95,40,0.3805,0,0,0.31,0
1770809623.6371002,1,0,0.8631,3128,0,1.42,1
1770809623.6371243,81,56,0.7315,310,0,0.66,1
1770809623.6371446,85,39,0.8982,192,0,0.31,1
1770809623.6371636,95,40,0.3805,2,0,0.31,0
1770809623.6857572,1,0,0.8746,3130,3.96,1.43,1
1770809623.685807,81,56,0.5735,312,0.75,0.67,1
1770809623.6858294,85,39,0.8725,194,0.26,0.31,1
1770809624,95,40,0.263,4,0.19,0.31,0
1770809623.6860898,1,0,0.8746,3132,0,1.43,1
1770809623.686118,81,56,0.5735,314,0,0.67,1
1770809623.6861372,85,39,0.8725,196,0,0.31,1
1770809623.6861565,95,40,0.263,6,0,0.31,0
1770809623.7393396,1,0,0.8531,3134,5.11,1.44,1
1770809623.739383,81,56,0.7224,316,0.5,0.67,1
1770809624,85,39,0.8967,198,0.23,0.31,1
1770809623.7394154,95,40,0.4014,8,0.16,0.31,0
1770809623.7395246,1,0,0.8531,3136,0,1.44,1
1770809623.7395463,81,56,0.7224,318,0,0.67,1
1770809623.7395606,85,39,0.8967,200,0,0.31,1
1770809623.7395744,95,40,0.4014,10,0,0.31,0
1770809623.7880356,1,0,0.8694,3138,1.54,1.44,1
1770809623.7880788,81,56,0.7654,320,2.67,0.65,1
1770809623.7880957,85,39,0.9228,202,0.14,0.31,1
1770809623.788112,95,40,0.2784,12,0.22,0.31,0
1770809624,1,0,0.8694,3140,0,1.44,1
1770809623.7882402,81,56,0.7654,322,0,0.65,1
1770809623.7882547,85,39,0.9228,204,0,0.31,1
1770809623.788268,95,40,0.2784,14,0,0.31,0
1770809623.8412118,1,0,0.8751,3142,10.69,1.4,1
1770809623.841257,81,56,0.7675,324,2.09,0.67,1
1770809623.841283,85,39,0.8763,206,0.37,0.31,1
1770809623.841304,95,40,0.295,16,0.3,0.31,0
1770809623.8414483,1,0,0.8751,3144,0,1.4,1
1770809623.8414807,81,56,0.7675,326,0,0.67,1
1770809623.8415008,85,39,0.8763,208,0,0.31,1
1770809623.8415194,95,40,0.295,18,0,0.31,0
1770809623.8953784,1,0,0.8603,3146,7.54,1.42,1
1770809623.8954215,81,56,0.8006,328,1.76,0.65,1
1770809623.895439,85,39,0.882,210,0.2,0.31,1
1770809623.8954542,95,40,0.386,20,0.05,0.31,0
1770809623.8955631,1,0,0.8603,3148,0,1.42,1
1770809623.895583,81,56,0.8006,330,0,0.65,1
1770809623.8955967,85,39,0.882,212,0,0.31,1
1770809623.8956108,95,40,0.386,22,0,0.31,0
1770809624,1,0,0.8335,3150,3.51,1.4,1
1770809623.9505012,81,56,0.7833,332,3.45,0.68,1
1770809623.950523,85,39,0.89,214,0.17,0.31,1
1770809623.9505434,95,40,0.4587,24,0,0.31,0
1770809623.9506855,1,0,0.8335,3152,0,1.4,1
1770809623.950709,81,56,0.7833,334,0,0.68,1
1770809623.9507284,85,39,0.89,216,0,0.31,1
1770809623.9507468,95,40,0.4587,26,0,0.31,0
1770809624.0071857,1,0,0.8879,3154,1.69,1.43,1
1770809624.007237,81,56,0.7101,336,2.28,0.71,1
1770809624.007259,85,39,0.8627,218,0.17,0.32,1
1770809624.007278,95,40,0.2682,28,0.9,0.32,0
1770809624.0074165,1,0,0.8879,3156,0,1.43,1
1770809624.0074422,81,56,0.7101,338,0,0.71,1
1770809624.0074618,85,39,0.8627,220,0,0.32,1
1770809624.0074809,95,40,0.2682,30,0,0.32,0
1770809624.0580938,1,0,0.8645,3158,1.85,1.42,1
1770809624.0581446,81,56,0.753,340,2.14,0.69,1
1770809624.0581667,85,39,0.9079,222,0.14,0.32,1
1770809624.058187,95,40,0.3872,32,0.28,0.31,0
1770809624.0583262,1,0,0.8645,3160,0,1.42,1
1770809624,81,56,0.753,342,0,0.69,1
1770809624.0583704,85,39,0.9079,224,0,0.32,1
1770809624.058389,95,40,0.3872,34,0,0.31,0
1770809624.1109374,1,0,0.8848,3162,2.87,1.43,1
1770809624.1109896,81,56,0.7338,344,1.53,0.67,1
1770809624.1110115,85,39,0.8843,226,0.17,0.31,1
1770809624.1110322,95,40,0.3187,36,0.31,0.31,0
1770809624.1111703,1,0,0.8848,3164,0,1.43,1
1770809624.111194,81,56,0.7338,346,0,0.67,1
1770809624.111213,85,39,0.8843,228,0,0.31,1
1770809624.1112325,95,40,0.3187,38,0,0.31,0
1770809624.1663315,1,0,0.8718,3166,5.43,1.45,1
1770809624.166386,81,56,0.7853,348,0.63,0.67,1
1770809624.1664076,85,39,0.8807,230,0.1,0.32,1
1770809624.1664271,95,40,0.5014,40,0.31,0.31,0
1770809624.1665666,1,0,0.8718,3168,0,1.45,1
1770809624.1665907,81,56,0.7853,350,0,0.67,1
1770809624.1666105,85,39,0.8807,232,0,0.32,1
1770809624.166629,95,40,0.5014,42,0,0.31,0
1770809624.219287,1,0,0.8743,3170,2.69,1.44,1
1770809624.2193398,81,56,0.8089,352,1.03,0.68,1
1770809624,85,39,0.8846,234,0.03,0.32,1
1770809624.2193916,95,40,0.5203,44,0.11,0.31,0
1770809624.219532,1,0,0.8743,3172,0,1.44,1
1770809624.2195556,81,56,0.8089,354,0,0.68,1
1770809624.2195747,85,39,0.8846,236,0,0.32,1
1770809624.2195935,95,40,0.5203,46,0,0.31,0
1770809624.2751417,1,0,0.8605,3174,2.73,1.45,1
1770809624.2751849,81,56,0.6874,356,0.47,0.67,1
1770809624.2752025,85,39,0.8864,238,0.5,0.31,1
1770809624.2752173,95,40,0.5751,48,1.17,0.31,0
1770809624.275327,1,0,0.8605,3176,0,1.45,1
1770809624.2753465,81,56,0.6874,358,0,0.67,1
1770809624.2753608,85,39,0.8864,240,0,0.31,1
1770809624.275375,95,40,0.5751,50,0,0.31,0
1770809624.328036,1,0,0.8667,3178,11.6,1.4,1
1770809624.3280869,81,56,0.7967,360,1.65,0.69,1
1770809624.3281083,85,39,0.8336,242,0.13,0.31,1
1770809624.328129,95,40,0.555,52,0.46,0.31,0
1770809624.3282669,1,0,0.8667,3180,0,1.4,1
1770809624.3282902,81,56,0.7967,362,0,0.69,1
1770809624.3283095,85,39,0.8336,244,0,0.31,1
1770809624.328328,95,40,0.555,54,0,0.31,0
1770809624.3842442,1,0,0.8567,3182,9.59,1.44,1
1770809624.3842947,81,56,0.7808,364,4.07,0.66,1
1770809624.3843162,85,39,0.8846,246,0.09,0.31,1
1770809624.3843358,95,40,0.5274,56,0.39,0.31,0
1770809624.3844745,1,0,0.8567,3184,0,1.44,1
1770809624.3844984,81,56,0.7808,366,0,0.66,1
1770809624.3845172,85,39,0.8846,248,0,0.31,1
1770809624.384536,95,40,0.5274,58,0,0.31,0
1770809624.4385276,1,0,0.8787,3186,1.34,1.43,1
1770809624.438584,81,56,0.8017,368,4.41,0.7,1
1770809624.4386058,85,39,0.8431,250,0.4,0.32,1
1770809624.438626,95,40,0.6273,60,0.68,0.31,0
1770809624.438767,1,0,0.8787,3188,0,1.43,1
1770809624.4387918,81,56,0.8017,370,0,0.7,1
1770809624.438811,85,39,0.8431,252,0,0.32,1
1770809624,95,40,0.6273,62,0,0.31,0
1770809624.4915938,1,0,0.8763,3190,6.43,1.43,1
1770809624.4916358,81,56,0.6327,372,3.68,0.66,1
1770809624.491652,85,39,0.8674,254,0.57,0.31,1
1770809624.4916668,95,40,0.6213,64,0.68,0.31,0
1770809624.4917865,1,0,0.8763,3192,0,1.43,1
1770809624.4918056,81,56,0.6327,374,0,0.66,1
1770809624.4918196,85,39,0.8674,256,0,0.31,1
1770809624.4918334,95,40,0.6213,66,0,0.31,0
1770809624.5451972,1,0,0.8738,3194,2.91,1.42,1
1770809624.5452466,81,56,0.7746,376,0.93,0.67,1
1770809624.545268,85,39,0.8513,258,0.47,0.31,1
1770809624.5452893,95,40,0.5797,68,0.55,0.31,0
1770809624.5454266,1,0,0.8738,3196,0,1.42,1
1770809624.5454504,81,56,0.7746,378,0,0.67,1
1770809625,85,39,0.8513,260,0,0.31,1
1770809624.5454884,95,40,0.5797,70,0,0.31,0
1770809624.5951767,1,0,0.8569,3198,8.4,1.39,1
1770809624.595219,81,56,0.7415,380,2.17,0.69,1
1770809624.595235,85,39,0.8755,262,0.32,0.31,1
1770809625,95,40,0.5611,72,0.55,0.3,0
1770809624.595358,1,0,0.8569,3200,0,1.39,1
1770809624.5953772,81,56,0.7415,382,0,0.69,1
1770809624.5953918,85,39,0.8755,264,0,0.31,1
1770809624.595406,95,40,0.5611,74,0,0.3,0
1770809624.643273,1,0,0.884,3202,4.68,1.4,1
1770809624.6433258,81,56,0.8,384,1.09,0.71,1
1770809624.6433475,85,39,0.8967,266,0.46,0.31,1
1770809624.6433685,95,40,0.3351,76,0.41,0.3,0
1770809624.6435072,1,0,0.884,3204,0,1.4,1
1770809624.6435308,81,56,0.8,386,0,0.71,1
1770809624.6435504,85,39,0.8967,268,0,0.31,1
1770809625,95,40,0.3351,78,0,0.3,0
1770809624.692222,1,0,0.8939,3206,2.1,1.41,1
1770809624.692264,81,56,0.771,388,2.87,0.68,1
1770809624.6922812,85,39,0.8801,270,0.34,0.31,1
1770809624.692301,95,40,0.2904,80,0.1,0.3,0
1770809624.6924105,1,0,0.8939,3208,0,1.41,1
1770809624.6924298,81,56,0.771,390,0,0.68,1
1770809624.6924438,85,39,0.8801,272,0,0.31,1
1770809624.6924572,95,40,0.2904,82,0,0.3,0
1770809624.7402897,1,0,0.8939,3210,0.81,1.42,1
1770809624.7403429,81,56,0.771,392,1.08,0.67,1
1770809624.7403653,85,39,0.8801,274,0.1,0.31,1
1770809624.7403855,95,40,0.2904,84,0.03,0.3,0
1770809624.7405255,1,0,0.8939,3212,0,1.42,1
1770809624.7405498,81,56,0.771,394,0,0.67,1
1770809624.740569,85,39,0.8801,276,0,0.31,1
1770809624.7405877,95,40,0.2904,86,0,0.3,0
1770809624.7897022,1,0,0.8771,3214,7.72,1.46,1
1770809624.7897508,81,56,0.7621,396,0.35,0.66,1
1770809624.789773,85,39,0.8804,278,1.01,0.31,1
1770809624.789793,95,40,0.4713,88,1.26,0.31,0
1770809624.789929,1,0,0.8771,3216,0,1.46,1
1770809624.789953,81,56,0.7621,398,0,0.66,1
1770809624.789971,85,39,0.8804,280,0,0.31,1
1770809624.7900057,95,40,0.4713,90,0,0.31,0
1770809624.8425531,1,0,0.8448,3218,0.49,1.47,1
1770809624.8426037,81,56,0.6197,400,0.22,0.66,1
1770809624.8426256,85,39,0.9124,282,0.55,0.31,1
1770809624.8426452,95,40,0.5886,92,0.78,0.31,0
1770809624.8427858,1,0,0.8448,3220,0,1.47,1
1770809624.8428094,81,56,0.6197,402,0,0.66,1
1770809624.8428285,85,39,0.9124,284,0,0.31,1
1770809624.8428476,95,40,0.5886,94,0,0.31,0
1770809624.897575,1,0,0.8376,3222,3.72,1.45,1
1770809624.8976302,81,56,0.8052,404,0.62,0.66,1
1770809624.8976524,85,39,0.9026,286,0.53,0.31,1
1770809624.8976724,95,40,0.3918,96,0.74,0.31,0
1770809624.897811,1,0,0.8376,3224,0,1.45,1
1770809624.8978353,81,56,0.8052,406,0,0.66,1
1770809624.897854,85,39,0.9026,288,0,0.31,1
1770809624.897873,95,40,0.3918,98,0,0.31,0
1770809624.951146,1,0,0.8437,3226,2.1,1.46,1
1770809624.9511893,81,56,0.7904,408,2.37,0.68,1
1770809624.9512067,85,39,0.9043,290,0.49,0.31,1
1770809624.9512217,95,40,0.5242,100,0.76,0.31,0
1770809624.951331,1,0,0.8437,3228,0,1.46,1
1770809624.9513495,81,56,0.7904,410,0,0.68,1
1770809624.9513638,85,39,0.9043,292,0,0.31,1
1770809624.9513776,95,40,0.5242,102,0,0.31,0
1770809625.0002272,1,0,0.8494,3230,1.53,1.48,1
1770809625,81,56,0.7738,412,2.08,0.69,1
1770809625.0002875,85,39,0.8995,294,0.29,0.31,1
1770809625.0003023,95,40,0.3635,104,0.74,0.3,0
1770809625.000412,1,0,0.8494,3232,0,1.48,1
1770809625.0004315,81,56,0.7738,414,0,0.69,1
1770809625.0004454,85,39,0.8995,296,0,0.31,1
1770809625.0004592,95,40,0.3635,106,0,0.3,0
1770809625.0549033,1,0,0.8461,3234,2.24,1.47,1
1770809625.054962,81,56,0.7996,416,2.12,0.69,1
1770809625.054991,85,39,0.8802,298,0.61,0.31,1
1770809625.0550165,95,40,0.4567,108,0.59,0.31,0
1770809625.0552464,1,0,0.8461,3236,0,1.47,1
1770809625.055288,81,56,0.7996,418,0,0.69,1
1770809625.0553143,85,39,0.8802,300,0,0.31,1
1770809625.0553396,95,40,0.4567,110,0,0.31,0
1770809625.1067617,1,0,0.8594,3238,21.47,1.38,1
1770809625.106804,81,56,0.6953,420,3.65,0.65,1
1770809625.1068206,85,39,0.8542,302,1.62,0.3,1
1770809625.1068356,95,40,0.291,112,0.64,0.31,0
1770809625.1069455,1,0,0.8594,3240,0,1.38,1
1770809625.1069646,81,56,0.6953,422,0,0.65,1
1770809625.1069791,85,39,0.8542,304,0,0.3,1
1770809625.106996,95,40,0.291,114,0,0.31,0
1770809625,1,0,0.814,3242,3.25,1.38,1
1770809625.1528432,81,56,0.8047,424,1.01,0.65,1
1770809625.1528604,85,39,0.8895,306,0.75,0.3,1
1770809625.1528754,95,40,0.2557,116,1.23,0.3,0
1770809625.152985,1,0,0.814,3244,0,1.38,1
1770809625.1530042,81,56,0.8047,426,0,0.65,1
1770809625.153019,85,39,0.8895,308,0,0.3,1
1770809625.1530354,95,40,0.2557,118,0,0.3,0
1770809625.2003915,1,0,0.8412,3246,16.71,1.44,1
1770809625.2004528,81,56,0.7755,428,3.18,0.68,1
1770809625.2004771,85,39,0.8503,310,0.62,0.3,1
1770809625.2004993,95,40,0.1179,120,0.59,0.31,0
1770809625.2006595,1,0,0.8412,3248,0,1.44,1
1770809625.2006865,81,56,0.7755,430,0,0.68,1
1770809625.2007067,85,39,0.8503,312,0,0.3,1
1770809625.2007265,95,40,0.1179,122,0,0.31,0
1770809625.2542756,1,0,0.8033,3250,14.37,1.38,1
1770809625.2543309,81,56,0.696,432,0.6,0.67,1
1770809625.254349,85,39,0.8208,314,1.01,0.3,1
1770809625.3037548,1,0,0.8018,3252,5.06,1.35,1
1770809625.3038054,81,56,0.7886,434,2.31,0.66,1
1770809625.3038278,85,39,0.8497,316,0.67,0.31,1
1770809625.3039713,1,0,0.8018,3254,0,1.35,1
1770809625.303995,81,56,0.7886,436,0,0.66,1
1770809625.3040135,85,39,0.8497,318,0,0.31,1
1770809625.3567638,1,0,0.7894,3256,9.59,1.3,1
1770809625.3568068,81,56,0.7859,438,0.82,0.65,1
1770809625.356824,85,39,0.856,320,1.76,0.31,1
1770809625.411754,1,0,0.7946,3258,4.46,1.27,1
1770809625.4117951,81,56,0.7873,440,2.65,0.68,1
1770809625.411812,85,39,0.8113,322,2.69,0.31,1
1770809625.411922,1,0,0.7946,3260,0,1.27,1
1770809625.4119406,81,56,0.7873,442,0,0.68,1
1770809625.411955,85,39,0.8113,324,0,0.31,1
1770809625.4614809,1,0,0.8062,3262,2.27,1.26,1
1770809625.4615238,81,56,0.7892,444,1.33,0.7,1
1770809625.4615412,85,39,0.826,326,3.02,0.31,1
1770809625.5148125,1,0,0.8282,3264,1.51,1.26,1
1770809625.514863,81,56,0.774,446,1.49,0.68,1
1770809625.5148883,85,39,0.8534,328,3.51,0.3,1
1770809625.5150642,1,0,0.8282,3266,0,1.26,1
1770809625.515088,81,56,0.774,448,0,0.68,1
1770809625.5151026,85,39,0.8534,330,0,0.3,1
1770809625.5659437,1,0,0.8282,3268,0.81,1.26,1
1770809625.5659938,81,56,0.774,450,0.67,0.68,1
1770809625.566015,85,39,0.8534,332,1.06,0.3,1
1770809625.5660353,98,0,0.3993,0,0,1.1,0
1770809625.5661764,1,0,0.8282,3270,0,1.26,1
1770809626,81,56,0.774,452,0,0.68,1
1770809625.5662196,85,39,0.8534,334,0,0.3,1
1770809625.5662382,98,0,0.3993,2,0,1.1,0
1770809625.6177757,1,0,0.804,3272,5.4,1.23,1
1770809625.6178265,81,56,0.7827,454,0.75,0.68,1
1770809625.6178486,85,39,0.9171,336,3.57,0.31,1
1770809625.6178694,98,0,0.5365,4,3.82,1.25,0
1770809625.6180077,1,0,0.804,3274,0,1.23,1
1770809625.6180313,81,56,0.7827,456,0,0.68,1
1770809625.618051,85,39,0.9171,338,0,0.31,1
1770809625.6180696,98,0,0.5365,6,0,1.25,0
1770809625.6719558,1,0,0.7442,3276,16.04,1.35,1
1770809625.6720078,81,56,0.7975,458,0.99,0.67,1
1770809625.6720295,85,39,0.8322,340,25.4,0.36,1
1770809625.7203126,1,0,0.8007,3278,14.72,1.48,1
1770809625.7203555,81,56,0.7476,460,1.5,0.65,1
1770809625.720373,85,39,0.9044,342,11.82,0.4,1
1770809625.720483,1,0,0.8007,3280,0,1.48,1
1770809625.7205024,81,56,0.7476,462,0,0.65,1
1770809625.7205167,85,39,0.9044,344,0,0.4,1
1770809625.773496,1,0,0.8582,3282,3.13,1.54,1
1770809625.7735393,81,56,0.8187,464,0.46,0.66,1
1770809625.7735565,85,39,0.8778,346,5.7,0.41,1
1770809625.8224056,1,0,0.8684,3284,3.98,1.55,1
1770809625.8224473,81,56,0.7748,466,1.62,0.67,1
1770809625.8224652,85,39,0.8736,348,3.13,0.42,1
1770809625.8225746,1,0,0.8684,3286,0,1.55,1
1770809625.8225937,81,56,0.7748,468,0,0.67,1
1770809625.8226078,85,39,0.8736,350,0,0.42,1
1770809625.871727,1,0,0.8495,3288,0.2,1.56,1
1770809625.871781,81,56,0.8086,470,0.79,0.67,1
1770809625.8718474,85,39,0.8116,352,5.77,0.43,1
1770809625.920581,1,0,0.8024,3290,2.4,1.58,1
1770809625.9206357,81,56,0.7507,472,2.81,0.65,1
1770809625.9206555,85,39,0.8478,354,30.22,0.35,1
1770809625.9207685,1,0,0.8024,3292,0,1.58,1
1770809625.920788,81,56,0.7507,474,0,0.65,1
1770809625.9208024,85,39,0.8478,356,0,0.35,1
1770809625.9703867,1,0,0.797,3294,3.42,1.56,1
1770809625.970427,81,56,0.6607,476,2.29,0.66,1
1770809625.970444,85,39,0.8484,358,10.95,0.33,1
1770809626.0218253,1,0,0.7932,3296,7.2,1.52,1
1770809626.0218773,81,56,0.7892,478,2.72,0.69,1
1770809626.021899,85,39,0.9326,360,5.11,0.32,1
1770809626.0220432,1,0,0.7932,3298,0,1.52,1
1770809626.0220673,81,56,0.7892,480,0,0.69,1
1770809626.022086,85,39,0.9326,362,0,0.32,1
1770809626.0728135,1,0,0.8151,3300,3.48,1.5,1
1770809626.0728545,81,56,0.6732,482,2.53,0.66,1
1770809626.072871,85,39,0.9258,364,3.95,0.32,1
1770809626.1301038,1,0,0.784,3302,6.2,1.5,1
1770809626.1301484,81,56,0.8021,484,1.34,0.68,1
1770809626.1301656,85,39,0.9432,366,2.62,0.32,1
1770809626.1302752,1,0,0.784,3304,0,1.5,1
1770809626.1302938,81,56,0.8021,486,0,0.68,1
1770809626.1303082,85,39,0.9432,368,0,0.32,1
1770809626.1780498,1,0,0.7918,3306,9.64,1.48,1
1770809626.178091,81,56,0.7837,488,1.43,0.68,1
1770809626.1781075,85,39,0.9362,370,1.53,0.32,1
1770809626.2294376,1,0,0.7681,3308,8.38,1.5,1
1770809626.2294853,81,56,0.708,490,1.27,0.67,1
1770809626.229507,85,39,0.883,372,2.33,0.32,1
1770809626,1,0,0.7681,3310,0,1.5,1
1770809626.2296734,81,56,0.708,492,0,0.67,1
1770809626.2296925,85,39,0.883,374,0,0.32,1
1770809626.2848594,1,0,0.8354,3312,2.78,1.47,1
1770809626.284912,81,56,0.7498,494,0.49,0.67,1
1770809626.284934,85,39,0.8801,376,8.25,0.32,1
1770809626.3376377,1,0,0.8234,3314,16.78,1.4,1
1770809626.337686,81,56,0.75,496,0.77,0.65,1
1770809626.337708,85,39,0.8942,378,4.26,0.32,1
1770809626.3378558,1,0,0.8234,3316,0,1.4,1
1770809626.3378808,81,56,0.75,498,0,0.65,1
1770809626.3379004,85,39,0.8942,380,0,0.32,1
1770809626.3890886,1,0,0.8407,3318,2.39,1.4,1
1770809626.3891397,81,56,0.758,500,1.44,0.66,1
1770809626.3891623,85,39,0.8998,382,2.8,0.32,1
1770809626.389182,102,41,0.3896,0,0,0.62,0
1770809626.3892033,103,39,0.3869,0,0,0.45,1
1770809626.389343,1,0,0.8407,3320,0,1.4,1
1770809626.3893666,81,56,0.758,502,0,0.66,1
1770809626.3893857,85,39,0.8998,384,0,0.32,1
1770809626.389404,102,41,0.3896,2,0,0.62,0
1770809626.3894231,103,39,0.3869,2,0,0.45,1
1770809626.4394915,1,0,0.8407,3322,0.83,1.39,1
1770809626.4395344,81,56,0.758,504,0.51,0.66,1
1770809626.4395506,85,39,0.8998,386,0.83,0.32,1
1770809626.439566,102,41,0.3896,4,0.49,0.61,0
1770809626.4395802,103,39,0.3869,4,0.26,0.45,1
1770809626.4396906,1,0,0.8407,3324,0,1.39,1
1770809626.4397092,81,56,0.758,506,0,0.66,1
1770809626.439723,85,39,0.8998,388,0,0.32,1
1770809626.4397366,102,41,0.3896,6,0,0.61,0
1770809626,103,39,0.3869,6,0,0.45,1
1770809626.439856,1,0,0.8407,3326,0,1.39,1
1770809626.4398744,81,56,0.758,508,0,0.66,1
1770809626.4398878,85,39,0.8998,390,0,0.32,1
1770809626.4399009,102,41,0.3896,8,0,0.61,0
1770809626.4399147,103,39,0.3869,8,0,0.45,1
1770809626.4907596,1,0,0.8551,3328,3.94,1.39,1
1770809626.490801,81,56,0.5714,510,3.2,0.63,1
1770809626.4908185,85,39,0.8444,392,5,0.32,1
1770809626.490832,102,41,0.1285,10,1.26,0.59,0
1770809626.4908464,103,39,0.3018,10,5.44,0.44,1
1770809626.4909558,1,0,0.8551,3330,0,1.39,1
1770809626.4909742,81,56,0.5714,512,0,0.63,1
1770809626.4909885,85,39,0.8444,394,0,0.32,1
1770809626.4910016,102,41,0.1285,12,0,0.59,0
1770809626.491015,103,39,0.3018,12,0,0.44,1
1770809626.5438614,1,0,0.8476,3332,1.58,1.39,1
1770809626.5439074,81,56,0.8085,514,3.17,0.66,1
1770809626.5439246,85,39,0.8299,396,2.45,0.32,1
1770809626.5439396,102,41,0.1934,14,2.56,0.6,0
1770809626.543954,103,39,0.1452,14,2.17,0.44,0
1770809626.544067,1,0,0.8476,3334,0,1.39,1
1770809626.5440855,81,56,0.8085,516,0,0.66,1
1770809626.5440996,85,39,0.8299,398,0,0.32,1
1770809626.5441132,102,41,0.1934,16,0,0.6,0
1770809626.544127,103,39,0.1452,16,0,0.44,0
1770809626.544234,1,0,0.8476,3336,0,1.39,1
1770809626.5442524,81,56,0.8085,518,0,0.66,1
1770809626.5442662,85,39,0.8299,400,0,0.32,1
1770809626.5442796,102,41,0.1934,18,0,0.6,0
1770809626.5442932,103,39,0.1452,18,0,0.44,0
1770809626.5954714,1,0,0.8553,3338,0.45,1.4,1
1770809626.595521,81,56,0.7606,520,2.26,0.69,1
1770809626.595543,85,39,0.131,402,6.77,0.32,0
1770809626.5955627,102,41,0.2642,20,1.58,0.61,0
1770809626.5955822,103,39,0.8149,20,6.86,0.42,1
1770809626.5957177,1,0,0.8553,3340,0,1.4,1
1770809626.5957403,81,56,0.7606,522,0,0.69,1
1770809626.5957592,85,39,0.131,404,0,0.32,0
1770809626.5957775,102,41,0.2642,22,0,0.61,0
1770809626.5957956,103,39,0.8149,22,0,0.42,1
1770809626.650162,1,0,0.8634,3342,0.96,1.41,1
1770809626.6502032,81,56,0.7972,524,1.62,0.71,1
1770809626.6502197,103,39,0.8581,24,2.94,0.41,1
1770809626.6503325,1,0,0.8634,3344,0,1.41,1
1770809626.6503513,81,56,0.7972,526,0,0.71,1
1770809626.6503646,103,39,0.8581,26,0,0.41,1
1770809626.701314,1,0,0.8668,3346,1.08,1.41,1
1770809626.7013562,81,56,0.77,528,2.55,0.68,1
1770809626.7013736,103,39,0.8888,28,1.26,0.4,1
1770809626.7507126,1,0,0.8466,3348,1.28,1.4,1
1770809626.7507555,81,56,0.71,530,0.24,0.68,1
1770809626.7507718,103,39,0.8743,30,0.98,0.4,1
1770809626.7508864,1,0,0.8466,3350,0,1.4,1
1770809626.7509053,81,56,0.71,532,0,0.68,1
1770809626.7509196,103,39,0.8743,32,0,0.4,1
1770809626.7983932,1,0,0.8554,3352,1.1,1.41,1
1770809626.7984538,81,56,0.7725,534,0.93,0.68,1
1770809626.798479,85,39,0.791,416,5.97,0.31,1
1770809626.8496351,1,0,0.8471,3354,2.39,1.39,1
1770809626.8496776,81,56,0.7964,536,0.93,0.69,1
1770809626.8496938,103,39,0.8742,36,2.19,0.4,1
1770809626.8498034,1,0,0.8471,3356,0,1.39,1
1770809626.8498223,81,56,0.7964,538,0,0.69,1
1770809626.8498366,103,39,0.8742,38,0,0.4,1
1770809626.899382,1,0,0.8499,3358,0.15,1.4,1
1770809626.899423,81,56,0.7117,540,4.01,0.66,1
1770809626.899439,103,39,0.8875,40,1.4,0.4,1
1770809626.9441435,1,0,0.8263,3360,1.27,1.4,1
1770809626.9441874,81,56,0.5845,542,1.16,0.64,1
1770809626.9442043,103,39,0.8848,42,2.18,0.41,1
1770809626.9443195,1,0,0.8263,3362,0,1.4,1
1770809626.9443388,81,56,0.5845,544,0,0.64,1
1770809626.944354,103,39,0.8848,44,0,0.41,1
1770809626.9974284,1,0,0.8465,3364,1.38,1.39,1
1770809627,81,56,0.7915,546,0.61,0.64,1
1770809626.9974923,103,39,0.8629,46,0.91,0.4,1
1770809627.0483584,1,0,0.8424,3366,0.11,1.39,1
1770809627.0484009,81,56,0.7654,548,2.71,0.68,1
1770809627.0484183,103,39,0.856,48,1.24,0.4,1
1770809627.0485303,1,0,0.8424,3368,0,1.39,1
1770809627.0485494,81,56,0.7654,550,0,0.68,1
1770809627.0485637,103,39,0.856,50,0,0.4,1
1770809627.103567,1,0,0.8638,3370,2.58,1.38,1
1770809627.103613,81,56,0.6736,552,3.41,0.7,1
1770809627.1036303,103,39,0.876,52,2.92,0.4,1
1770809627.1549125,1,0,0.8431,3372,2.26,1.4,1
1770809627.1549635,81,56,0.6888,554,5.35,0.66,1
1770809627.1549876,103,39,0.8608,54,2.04,0.41,1
1770809627.1551385,1,0,0.8431,3374,0,1.4,1
1770809627.1551616,81,56,0.6888,556,0,0.66,1
1770809627.1551802,103,39,0.8608,56,0,0.41,1
1770809627.203147,1,0,0.8589,3376,0.66,1.38,1
1770809627.2031922,81,56,0.7753,558,1.16,0.64,1
1770809627.2032092,103,39,0.8463,58,0.84,0.42,1
1770809627.248539,1,0,0.8589,3378,0.25,1.38,1
1770809627.2485814,81,56,0.7753,560,0.46,0.64,1
1770809627.2485976,103,39,0.8463,60,0.26,0.42,1
1770809627.2487078,1,0,0.8589,3380,0,1.38,1
1770809627.248727,81,56,0.7753,562,0,0.64,1
1770809627.2487414,103,39,0.8463,62,0,0.42,1
1770809627.297458,1,0,0.8819,3382,0.24,1.4,1
1770809627.297504,81,56,0.7994,564,1.41,0.66,1
1770809627.2975209,103,39,0.8519,64,0.21,0.42,1
1770809627.3475275,1,0,0.8715,3384,0.84,1.4,1
1770809627.3475704,81,56,0.839,566,4.08,0.7,1
1770809627.347587,103,39,0.6167,66,2.33,0.41,1
1770809627.3476987,1,0,0.8715,3386,0,1.4,1
1770809627.3477173,81,56,0.839,568,0,0.7,1
1770809627.347732,103,39,0.6167,68,0,0.41,1
1770809627.4094608,1,0,0.85,3388,2.3,1.39,1
1770809627.4095027,81,56,0.7475,570,0.53,0.69,1
1770809627.4095194,103,39,0.7026,70,1.78,0.4,1
1770809627.4565487,1,0,0.8851,3390,1.97,1.39,1
1770809627.456591,81,56,0.7971,572,2.91,0.66,1
1770809627.456607,103,39,0.6402,72,1.68,0.4,1
1770809627.4567175,1,0,0.8851,3392,0,1.39,1
1770809627.4567375,81,56,0.7971,574,0,0.66,1
1770809627.4567523,103,39,0.6402,74,0,0.4,1
1770809627.5097785,1,0,0.8982,3394,0.49,1.4,1
1770809627.509841,81,56,0.8008,576,0.24,0.66,1
1770809627.509863,103,39,0.6601,76,0.24,0.42,1
1770809627.560387,1,0,0.8909,3396,1.46,1.4,1
1770809627.5604362,81,56,0.7279,578,3.58,0.69,1
1770809627.5604577,103,39,0.6946,78,1.01,0.41,1
1770809627.5605953,1,0,0.8909,3398,0,1.4,1
1770809627.5606186,81,56,0.7279,580,0,0.69,1
1770809627.5606382,103,39,0.6946,80,0,0.41,1
1770809627.611256,1,0,0.8855,3400,0.45,1.4,1
1770809627.611314,81,56,0.7356,582,1.39,0.68,1
1770809627.6113403,103,39,0.6968,82,1.65,0.41,1
1770809627.611355,102,41,0.3687,82,8.09,0.63,1
1770809627.6114757,1,0,0.8855,3402,0,1.4,1
1770809627.6114953,81,56,0.7356,584,0,0.68,1
1770809627.611509,103,39,0.6968,84,0,0.41,1
1770809627.611523,102,41,0.3687,84,0,0.63,1
1770809627.6614966,1,0,0.9112,3404,0.27,1.4,1
1770809627.6615489,81,56,0.713,586,0.75,0.68,1
1770809627.6615708,103,39,0.72,86,0.82,0.4,1
1770809627.7097723,1,0,0.9063,3406,1.72,1.41,1
1770809627.7098238,81,56,0.6304,588,0.68,0.66,1
1770809627.7098453,103,39,0.6184,88,1.11,0.4,1
1770809627.709983,1,0,0.9063,3408,0,1.41,1
1770809627.7100067,81,56,0.6304,590,0,0.66,1
1770809627.7100265,103,39,0.6184,90,0,0.4,1
1770809627.7608762,1,0,0.9077,3410,2.17,1.4,1
1770809627.7609582,81,56,0.7116,592,0.53,0.67,1
1770809627.760979,103,39,0.8461,92,0.21,0.41,1
1770809627.8091447,1,0,0.9023,3412,3.32,1.41,1
1770809627.8091867,81,56,0.7274,594,1.44,0.68,1
1770809627.809203,103,39,0.7434,94,3.38,0.41,1
1770809627.8093145,1,0,0.9023,3414,0,1.41,1
1770809627.8093371,81,56,0.7274,596,0,0.68,1
1770809627.8093514,103,39,0.7434,96,0,0.41,1
1770809627.8602033,1,0,0.8847,3416,5.3,1.39,1
1770809627.860254,81,56,0.6186,598,4.9,0.63,1
1770809627.8602755,103,39,0.7539,98,4.53,0.41,1
1770809627.9084358,1,0,0.9116,3418,0.31,1.4,1
1770809627.908478,81,56,0.7152,600,2.56,0.65,1
1770809627.9084954,103,39,0.8111,100,2.76,0.4,1
1770809627.908607,1,0,0.9116,3420,0,1.4,1
1770809627.9086268,81,56,0.7152,602,0,0.65,1
1770809627.908641,103,39,0.8111,102,0,0.4,1
1770809627.9591272,1,0,0.9013,3422,0.23,1.38,1
1770809627.9591672,81,56,0.8224,604,2.59,0.69,1
1770809627.9591842,103,39,0.6863,104,0.43,0.4,1
1770809628.0129175,1,0,0.8859,3424,0.69,1.38,1
1770809628.0129614,81,56,0.7235,606,0.98,0.69,1
1770809628.0129788,103,39,0.5858,106,2.51,0.39,1
1770809628.0130906,1,0,0.8859,3426,0,1.38,1
1770809628,81,56,0.7235,608,0,0.69,1
1770809628.013124,103,39,0.5858,108,0,0.39,1
1770809628.0692356,1,0,0.8824,3428,2.36,1.38,1
1770809628.0692806,81,56,0.7497,610,0.92,0.7,1
1770809628.0692973,103,39,0.6152,110,2.1,0.38,1
1770809628.1183217,1,0,0.8824,3430,0.94,1.38,1
1770809628.118374,81,56,0.7497,612,0.36,0.7,1
1770809628.118396,103,39,0.6152,112,0.81,0.38,1
1770809628.1185367,1,0,0.8824,3432,0,1.38,1
1770809628.1185608,81,56,0.7497,614,0,0.7,1
1770809628.1185794,103,39,0.6152,114,0,0.38,1
1770809628.1725483,1,0,0.8942,3434,0.23,1.38,1
1770809628.1725962,81,56,0.8348,616,0.3,0.7,1
1770809628.1726134,103,39,0.7407,116,0.8,0.38,1
1770809628.2259526,1,0,0.895,3436,0.04,1.38,1
1770809628.2259989,81,56,0.7841,618,4.2,0.66,1
1770809628.2260168,103,39,0.7584,118,0.62,0.39,1
1770809628.2261353,1,0,0.895,3438,0,1.38,1
1770809628.2261548,81,56,0.7841,620,0,0.66,1
1770809628.226169,103,39,0.7584,120,0,0.39,1
1770809628.280358,1,0,0.8938,3440,3.05,1.39,1
1770809628.2804058,81,56,0.8094,622,0.61,0.67,1
1770809628.2804277,103,39,0.8683,122,0.58,0.39,1
1770809628.3343604,1,0,0.8598,3442,1.19,1.37,1
1770809628.3344023,81,56,0.7226,624,0.37,0.67,1
1770809628.3344193,103,39,0.7728,124,0.97,0.39,1
1770809628.3345308,1,0,0.8598,3444,0,1.37,1
1770809628.334551,81,56,0.7226,626,0,0.67,1
1770809628.3345652,103,39,0.7728,126,0,0.39,1
1770809628.3879094,1,0,0.8718,3446,2.58,1.39,1
1770809628.3879597,81,56,0.7543,628,1.34,0.68,1
1770809628.3879814,103,39,0.8393,128,0.88,0.4,1
1770809628.4424615,1,0,0.8887,3448,1.91,1.4,1
1770809628.4425118,81,56,0.742,630,1.27,0.67,1
1770809628.442534,103,39,0.9091,130,0.54,0.4,1
1770809628.4426749,1,0,0.8887,3450,0,1.4,1
1770809628.4426982,81,56,0.742,632,0,0.67,1
1770809628.4427178,103,39,0.9091,132,0,0.4,1
1770809628.4934912,1,0,0.8634,3452,5.22,1.41,1
1770809628.4935331,81,56,0.7602,634,1.09,0.68,1
1770809628.4935496,103,39,0.89,134,1.65,0.41,1
1770809628.5420184,1,0,0.8845,3454,1.22,1.42,1
1770809628.5420692,81,56,0.7611,636,1.35,0.69,1
1770809628.5420926,103,39,0.9158,136,1.28,0.42,1
1770809628.5422325,1,0,0.8845,3456,0,1.42,1
1770809628.5422568,81,56,0.7611,638,0,0.69,1
1770809628.542276,103,39,0.9158,138,0,0.42,1
1770809628.5960443,1,0,0.8844,3458,1.58,1.41,1
1770809628.5960958,81,56,0.7546,640,4.3,0.64,1
1770809628.5961175,103,39,0.8713,140,1.48,0.41,1
1770809628.6497889,1,0,0.8717,3460,2.76,1.41,1
1770809629,81,56,0.7247,642,2.43,0.67,1
1770809628.6498616,103,39,0.9027,142,0.26,0.41,1
1770809628.6500037,1,0,0.8717,3462,0,1.41,1
1770809628.6500306,81,56,0.7247,644,0,0.67,1
1770809628.6500497,103,39,0.9027,144,0,0.41,1
1770809628.703985,1,0,0.8841,3464,1.99,1.41,1
1770809628.7040372,81,56,0.7283,646,1.6,0.65,1
1770809628.704059,103,39,0.8514,146,1.11,0.41,1
1770809628.753539,1,0,0.8722,3466,3.4,1.4,1
1770809628.7535818,81,56,0.7635,648,1.03,0.66,1
1770809628.7535982,103,39,0.8656,148,0.07,0.4,1
1770809628.753714,1,0,0.8722,3468,0,1.4,1
1770809628.7537332,81,56,0.7635,650,0,0.66,1
1770809628.7537472,103,39,0.8656,150,0,0.4,1
1770809628.803781,1,0,0.844,3470,2.26,1.4,1
1770809628.803824,81,56,0.7209,652,4.79,0.69,1
1770809628.803841,103,39,0.8712,152,2.61,0.41,1
1770809628.8546057,1,0,0.8773,3472,0.46,1.39,1
1770809628.8546631,81,56,0.813,654,1.72,0.71,1
1770809628.8546855,103,39,0.8836,154,1.41,0.4,1
1770809628.8548298,1,0,0.8773,3474,0,1.39,1
1770809628.8548534,81,56,0.813,656,0,0.71,1
1770809628.8548725,103,39,0.8836,156,0,0.4,1
1770809628.905385,1,0,0.8457,3476,2.18,1.4,1
1770809628.9054296,81,56,0.7009,658,4.03,0.66,1
1770809628.905446,103,39,0.9199,158,0.43,0.41,1
1770809628.9535272,1,0,0.8457,3478,0.8,1.4,1
1770809629,81,56,0.7009,660,1.45,0.65,1
1770809628.9535878,103,39,0.9199,160,0.17,0.42,1
1770809628.9536986,1,0,0.8457,3480,0,1.4,1
1770809628.9537172,81,56,0.7009,662,0,0.65,1
1770809628.9537315,103,39,0.9199,162,0,0.42,1
1770809629.0018373,1,0,0.8805,3482,0.78,1.42,1
1770809629.0018797,81,56,0.7532,664,2.66,0.68,1
1770809629.0018954,103,39,0.8972,164,1.68,0.42,1
1770809629.0476773,1,0,0.8581,3484,2.39,1.4,1
1770809629.0477245,81,56,0.7372,666,1.21,0.67,1
1770809629.047747,103,39,0.9041,166,1.17,0.42,1
1770809629.047887,1,0,0.8581,3486,0,1.4,1
1770809629.047911,81,56,0.7372,668,0,0.67,1
1770809629,103,39,0.9041,168,0,0.42,1
1770809629.1002734,1,0,0.8544,3488,2.85,1.38,1
1770809629.1003249,81,56,0.6461,670,1.59,0.66,1
1770809629.100347,103,39,0.8768,170,0.51,0.41,1
1770809629,1,0,0.8711,3490,5.41,1.4,1
1770809629.157452,81,56,0.7362,672,0.41,0.66,1
1770809629.157473,103,39,0.8987,172,2.82,0.41,1
1770809629.1576197,1,0,0.8711,3492,0,1.4,1
1770809629.1576445,81,56,0.7362,674,0,0.66,1
1770809629.157664,103,39,0.8987,174,0,0.41,1
1770809629.208254,1,0,0.8594,3494,4.87,1.39,1
1770809629.2083008,81,56,0.7511,676,2.55,0.68,1
1770809629.2083175,103,39,0.8553,176,3.14,0.4,1
1770809629.2584424,1,0,0.8345,3496,0.79,1.39,1
1770809629.2584844,81,56,0.6517,678,4.37,0.64,1
1770809629.2585006,103,39,0.8015,178,1.55,0.4,1
1770809629.2586102,1,0,0.8345,3498,0,1.39,1
1770809629.258629,81,56,0.6517,680,0,0.64,1
1770809629.2586432,103,39,0.8015,180,0,0.4,1
1770809629.3070402,1,0,0.8606,3500,2.81,1.38,1
1770809629.307082,81,56,0.7324,682,2.79,0.66,1
1770809629.3070989,103,39,0.7008,182,1.47,0.4,1
1770809629.3576612,1,0,0.8613,3502,6.59,1.38,1
1770809629.357711,81,56,0.8291,684,0.55,0.68,1
1770809629.357733,103,39,0.8741,184,3.45,0.4,1
1770809629.3578732,1,0,0.8613,3504,0,1.38,1
1770809629.3578975,81,56,0.8291,686,0,0.68,1
1770809629.357917,103,39,0.8741,186,0,0.4,1
1770809629.410478,1,0,0.8858,3506,4.28,1.37,1
1770809629.4105186,81,56,0.7791,688,1.85,0.69,1
1770809629.4105356,103,39,0.851,188,2.43,0.4,1
1770809629.462006,1,0,0.8407,3508,4.11,1.4,1
1770809629.462063,81,56,0.7286,690,1.28,0.68,1
1770809629.4620886,103,39,0.8677,190,0.02,0.4,1
1770809629.4622428,1,0,0.8407,3510,0,1.4,1
1770809629.462267,81,56,0.7286,692,0,0.68,1
1770809629.462286,103,39,0.8677,192,0,0.4,1
1770809629.512573,1,0,0.8649,3512,4.27,1.37,1
1770809629.5126317,81,56,0.74,694,0.68,0.67,1
1770809629.5126488,103,39,0.8463,194,0.22,0.4,1
1770809629.5649755,1,0,0.8417,3514,1.91,1.38,1
1770809629.5650218,81,56,0.712,696,1.43,0.68,1
1770809629.565039,103,39,0.8532,196,1.51,0.39,1
1770809630,1,0,0.8417,3516,0,1.38,1
1770809629.5651689,81,56,0.712,698,0,0.68,1
1770809629.565183,103,39,0.8532,198,0,0.39,1
1770809629.6166067,1,0,0.8447,3518,1.19,1.37,1
1770809629.6166582,81,56,0.7975,700,1.73,0.7,1
1770809629.6166797,103,39,0.8308,200,1.3,0.39,1
1770809629.671121,1,0,0.8737,3520,1.19,1.37,1
1770809629.6711638,81,56,0.7696,702,0.11,0.69,1
1770809629.6711805,103,39,0.8382,202,0.07,0.4,1
1770809629.6712906,1,0,0.8737,3522,0,1.37,1
1770809629.6713097,81,56,0.7696,704,0,0.69,1
1770809629.6713245,103,39,0.8382,204,0,0.4,1
1770809629.720847,1,0,0.8627,3524,0.41,1.39,1
1770809629.720891,81,56,0.5692,706,0.85,0.72,1
1770809629.7209074,103,39,0.8653,206,0.42,0.4,1
1770809629.7714808,1,0,0.8588,3526,1.06,1.39,1
1770809629.7715356,81,56,0.7698,708,0.03,0.72,1
1770809629.771557,103,39,0.7788,208,4.36,0.39,1
1770809629.7717004,1,0,0.8588,3528,0,1.39,1
1770809629.7717211,81,56,0.7698,710,0,0.72,1
1770809629.771736,103,39,0.7788,210,0,0.39,1
1770809629.8213525,1,0,0.8588,3530,0.4,1.38,1
1770809629.8214018,81,56,0.7698,712,0.01,0.72,1
1770809629.8214235,103,39,0.7788,212,1.6,0.39,1
1770809629.873166,1,0,0.8778,3532,1.03,1.38,1
1770809629.873219,81,56,0.6367,714,5.76,0.66,1
1770809629.8732405,103,39,0.8554,214,2.2,0.39,1
1770809629.8733804,1,0,0.8778,3534,0,1.38,1
1770809629.8734038,81,56,0.6367,716,0,0.66,1
1770809629.873423,103,39,0.8554,216,0,0.39,1
1770809629.925503,1,0,0.8617,3536,1.32,1.39,1
1770809629.925552,81,56,0.7933,718,3.42,0.68,1
1770809629.925574,103,39,0.8804,218,4.62,0.4,1
1770809629.972449,1,0,0.8306,3538,0.85,1.4,1
1770809629.9724898,81,56,0.7126,720,0.27,0.68,1
1770809629.9725063,103,39,0.7764,220,0.96,0.4,1
1770809629.972615,1,0,0.8306,3540,0,1.4,1
1770809629.9726336,81,56,0.7126,722,0,0.68,1
1770809629.9726477,103,39,0.7764,222,0,0.4,1
1770809630.0180175,1,0,0.8591,3542,1.59,1.41,1
1770809630.0180616,81,56,0.7272,724,4.37,0.65,1
1770809630.0180788,103,39,0.8744,224,2.49,0.41,1
1770809630.0697691,1,0,0.8682,3544,1.32,1.42,1
1770809630.069823,81,56,0.7549,726,4.4,0.68,1
1770809630.069848,103,39,0.8754,226,0.12,0.41,1
1770809630.0700133,1,0,0.8682,3546,0,1.42,1
1770809630.0700474,81,56,0.7549,728,0,0.68,1
1770809630.070068,103,39,0.8754,228,0,0.41,1
1770809630.1173563,1,0,0.8895,3548,1.1,1.4,1
1770809630.1173978,81,56,0.7825,730,0.31,0.68,1
1770809630.117415,103,39,0.8798,230,1.75,0.41,1
1770809630.1675897,1,0,0.8647,3550,0.55,1.39,1
1770809630.1676416,81,56,0.7675,732,2.2,0.7,1
1770809630.167664,103,39,0.8444,232,0.43,0.41,1
1770809630.1678045,1,0,0.8647,3552,0,1.39,1
1770809630.1678283,81,56,0.7675,734,0,0.7,1
1770809630.1678472,103,39,0.8444,234,0,0.41,1
1770809630.2231328,1,0,0.8913,3554,2.39,1.43,1
1770809630.2231832,81,56,0.7521,736,0.23,0.7,1
1770809630.2232046,103,39,0.8667,236,0.42,0.41,1
1770809630.2743092,1,0,0.8677,3556,1.1,1.41,1
1770809630.2743511,81,56,0.7539,738,1.6,0.69,1
1770809630.274367,103,39,0.8411,238,1.76,0.4,1
1770809630.2744768,1,0,0.8677,3558,0,1.41,1
1770809630.274496,81,56,0.7539,740,0,0.69,1
1770809630,103,39,0.8411,240,0,0.4,1
1770809630.326422,1,0,0.845,3560,0.38,1.39,1
1770809630.3264737,81,56,0.7623,742,0.87,0.68,1
1770809630.326496,103,39,0.8157,242,1.7,0.4,1
1770809630.375344,1,0,0.8403,3562,3.35,1.4,1
1770809630.3753943,81,56,0.7584,744,4.5,0.65,1
1770809630.3754165,103,39,0.8635,244,0.79,0.41,1
1770809630.375559,1,0,0.8403,3564,0,1.4,1
1770809630.3755836,81,56,0.7584,746,0,0.65,1
1770809630.3756037,103,39,0.8635,246,0,0.41,1
1770809630.4257183,1,0,0.8227,3566,1.09,1.39,1
1770809630.425763,81,56,0.8011,748,3.04,0.67,1
1770809630.425779,103,39,0.8992,248,1.82,0.42,1
1770809630.475026,1,0,0.8484,3568,3.66,1.4,1
1770809630.4750707,81,56,0.7691,750,1.36,0.66,1
1770809630.475087,103,39,0.855,250,0.89,0.41,1
1770809630.4751968,1,0,0.8484,3570,0,1.4,1
1770809630.4752162,81,56,0.7691,752,0,0.66,1
1770809630.4752307,103,39,0.855,252,0,0.41,1
1770809630.5280366,1,0,0.795,3572,3.62,1.37,1
1770809630.5280883,81,56,0.7391,754,1.13,0.66,1
1770809631,103,39,0.7247,254,1.08,0.41,1
1770809630.576409,1,0,0.8468,3574,4.57,1.4,1
1770809630.5764694,81,56,0.6545,756,3.92,0.63,1
1770809630.5764916,103,39,0.8821,256,0.27,0.42,1
1770809630.5766346,1,0,0.8468,3576,0,1.4,1
1770809630.5766587,81,56,0.6545,758,0,0.63,1
1770809630.576678,103,39,0.8821,258,0,0.42,1
1770809630.6288457,1,0,0.8557,3578,1.42,1.4,1
1770809630.6288972,81,56,0.7586,760,2.41,0.66,1
1770809630.6289196,103,39,0.8671,260,0.64,0.42,1
1770809630.6809225,1,0,0.8054,3580,0.21,1.39,1
1770809630.680965,81,56,0.7983,762,2.48,0.68,1
1770809630.680981,103,39,0.849,262,0.5,0.42,1
1770809630.681092,1,0,0.8054,3582,0,1.39,1
1770809630.681111,81,56,0.7983,764,0,0.68,1
1770809630.681125,103,39,0.849,264,0,0.42,1
1770809630.730046,1,0,0.8416,3584,2.92,1.4,1
1770809630.7300882,81,56,0.7695,766,0.38,0.68,1
1770809630.7301066,103,39,0.8757,266,1.14,0.42,1
1770809630.7827277,1,0,0.8463,3586,1.74,1.43,1
1770809630.7827787,81,56,0.7971,768,2.11,0.7,1
1770809631,103,39,0.8693,268,0.24,0.42,1
1770809630.782939,1,0,0.8463,3588,0,1.43,1
1770809630.782962,81,56,0.7971,770,0,0.7,1
1770809630.7829816,103,39,0.8693,270,0,0.42,1
1770809630.833804,1,0,0.8716,3590,3.14,1.41,1
1770809630.8338535,81,56,0.7484,772,1.8,0.68,1
1770809630.833876,103,39,0.86,272,1.22,0.41,1
1770809630.8859832,1,0,0.8467,3592,2.47,1.39,1
1770809630.8860357,81,56,0.8189,774,1.17,0.68,1
1770809630.8860588,103,39,0.9076,274,1.41,0.42,1
1770809630.8862078,1,0,0.8467,3594,0,1.39,1
1770809630.8862329,81,56,0.8189,776,0,0.68,1
1770809630.8862543,103,39,0.9076,276,0,0.42,1
1770809630.933658,1,0,0.8365,3596,3.23,1.38,1
1770809630.9336984,81,56,0.7132,778,0.96,0.69,1
1770809630.933715,103,39,0.8682,278,0.19,0.42,1
1770809630.9809291,1,0,0.833,3598,4.85,1.4,1
1770809631,81,56,0.6675,780,0.92,0.68,1
1770809630.9809864,103,39,0.8108,280,1.38,0.42,1
1770809630.9810948,1,0,0.833,3600,0,1.4,1
1770809630.9811132,81,56,0.6675,782,0,0.68,1
1770809630.9811275,103,39,0.8108,282,0,0.42,1
1770809631.0317135,1,0,0.8331,3602,0.96,1.4,1
1770809631.0317578,81,56,0.7863,784,1.7,0.67,1
1770809631.0317748,103,39,0.8643,284,0.38,0.42,1
1770809631.0864818,1,0,0.8401,3604,12.67,1.35,1
1770809631.0865338,81,56,0.7565,786,1.34,0.66,1
1770809631.0865552,103,39,0.8258,286,0.55,0.41,1
1770809631.0866954,1,0,0.8401,3606,0,1.35,1
1770809631.0867195,81,56,0.7565,788,0,0.66,1
1770809631.0867386,103,39,0.8258,288,0,0.41,1
1770809631.1387208,1,0,0.8499,3608,6.4,1.36,1
1770809631.138765,81,56,0.7019,790,2.18,0.68,1
1770809631.138782,103,39,0.8376,290,0.65,0.41,1
1770809631.1909647,1,0,0.8191,3610,16.67,1.37,1
1770809631,81,56,0.6984,792,1.73,0.7,1
1770809631.1910272,103,39,0.8962,292,1.53,0.42,1
1770809631.1911404,1,0,0.8191,3612,0,1.37,1
1770809631.1911592,81,56,0.6984,794,0,0.7,1
1770809631.1911733,103,39,0.8962,294,0,0.42,1
1770809631.2419553,1,0,0.8162,3614,0.89,1.41,1
1770809631.242006,81,56,0.7387,796,1.69,0.68,1
1770809631.2420278,103,39,0.8657,296,0.74,0.42,1
1770809631.2949784,1,0,0.8435,3616,1.74,1.4,1
1770809631.2950218,81,56,0.6947,798,0.89,0.69,1
1770809631.2950382,103,39,0.9071,298,0.52,0.42,1
1770809631.295149,1,0,0.8435,3618,0,1.4,1
1770809631.2951674,81,56,0.6947,800,0,0.69,1
1770809631.2951827,103,39,0.9071,300,0,0.42,1
1770809631.3492389,1,0,0.8623,3620,1.12,1.4,1
1770809631.3492875,81,56,0.7306,802,0.64,0.68,1
1770809631.3493097,103,39,0.8975,302,0.37,0.42,1
1770809631.4035044,1,0,0.8666,3622,1.44,1.4,1
1770809631.403548,81,56,0.7812,804,1.97,0.7,1
1770809631.4035645,103,39,0.8508,304,1.06,0.42,1
1770809631.403692,1,0,0.8666,3624,0,1.4,1
1770809631.4037137,81,56,0.7812,806,0,0.7,1
1770809631.4037282,103,39,0.8508,306,0,0.42,1
1770809631.4556355,1,0,0.8433,3626,2.49,1.4,1
1770809631.4556787,81,56,0.7937,808,1.29,0.72,1
1770809631.455695,103,39,0.8806,308,0.39,0.42,1
1770809631.5044782,1,0,0.825,3628,1.84,1.4,1
1770809631.5045202,81,56,0.6833,810,0.84,0.73,1
1770809631.5045412,103,39,0.8452,310,0.53,0.42,1
1770809631.5046518,1,0,0.825,3630,0,1.4,1
1770809631.5046709,81,56,0.6833,812,0,0.73,1
1770809631.504686,103,39,0.8452,312,0,0.42,1
1770809631.5567126,1,0,0.835,3632,2.18,1.41,1
1770809631.5567634,81,56,0.7219,814,0.55,0.72,1
1770809631.5567846,103,39,0.8813,314,0.29,0.42,1
1770809631.6110206,1,0,0.8285,3634,2.08,1.42,1
1770809631.6110644,81,56,0.7516,816,6.16,0.67,1
1770809631.611081,103,39,0.8284,316,0.16,0.42,1
1770809631.6111915,1,0,0.8285,3636,0,1.42,1
1770809631.611211,81,56,0.7516,818,0,0.67,1
1770809631.6112251,103,39,0.8284,318,0,0.42,1
1770809631.662864,1,0,0.8003,3638,0.69,1.41,1
1770809631.662907,81,56,0.6873,820,1.07,0.67,1
1770809631.6629243,103,39,0.8207,320,0.8,0.42,1
1770809631.7154362,1,0,0.8582,3640,1.57,1.41,1
1770809631.7154827,81,56,0.8064,822,1.76,0.69,1
1770809632,103,39,0.8834,322,0.32,0.42,1
1770809631.7156117,1,0,0.8582,3642,0,1.41,1
1770809631.7156303,81,56,0.8064,824,0,0.69,1
1770809631.7156446,103,39,0.8834,324,0,0.42,1
1770809631.7699275,1,0,0.8148,3644,10.29,1.37,1
1770809631.769972,81,56,0.7968,826,0.22,0.69,1
1770809631.7699883,103,39,0.8108,326,1.08,0.42,1
1770809631.820156,1,0,0.8584,3646,8.43,1.4,1
1770809631.8202066,81,56,0.7691,828,0.15,0.69,1
1770809631.820229,103,39,0.8874,328,0.68,0.42,1
1770809631.8203695,1,0,0.8584,3648,0,1.4,1
1770809631.8203938,81,56,0.7691,830,0,0.69,1
1770809631.820413,103,39,0.8874,330,0,0.42,1
1770809631.872544,1,0,0.8286,3650,3.27,1.4,1
1770809631.8725865,81,56,0.7491,832,3.78,0.66,1
1770809631.872603,103,39,0.7636,332,0.63,0.42,1
1770809631.9217317,1,0,0.8473,3652,2.52,1.41,1
1770809631.9217858,81,56,0.7417,834,0.94,0.65,1
1770809631.9218063,103,39,0.8436,334,0.21,0.43,1
1770809631.9219477,1,0,0.8473,3654,0,1.41,1
1770809631.921972,81,56,0.7417,836,0,0.65,1
1770809631.9219909,103,39,0.8436,336,0,0.43,1
1770809631.973277,1,0,0.8227,3656,3.83,1.4,1
1770809631.9733195,81,56,0.7806,838,1.86,0.67,1
1770809631.9733362,103,39,0.8336,338,2.38,0.42,1
1770809632.0210042,1,0,0.8325,3658,1.01,1.42,1
1770809632.0210469,81,56,0.7843,840,0.71,0.67,1
1770809632.0210643,103,39,0.8149,340,0.66,0.42,1
1770809632.021174,1,0,0.8325,3660,0,1.42,1
1770809632.0211933,81,56,0.7843,842,0,0.67,1
1770809632.0212076,103,39,0.8149,342,0,0.42,1
1770809632.0693595,1,0,0.874,3662,0.39,1.42,1
1770809632.0694044,81,56,0.7524,844,0.49,0.68,1
1770809632.0694215,103,39,0.8931,344,0.14,0.42,1
1770809632.1218252,1,0,0.8294,3664,0.1,1.4,1
1770809632.121877,81,56,0.7259,846,1.6,0.69,1
1770809632.121898,103,39,0.8505,346,0.13,0.42,1
1770809632.1220374,1,0,0.8294,3666,0,1.4,1
1770809632.1220613,81,56,0.7259,848,0,0.69,1
1770809632.1220806,103,39,0.8505,348,0,0.42,1
1770809632.1752007,1,0,0.8772,3668,0.46,1.41,1
1770809632.1752503,81,56,0.7929,850,0.4,0.67,1
1770809632.175284,103,39,0.8378,350,1.32,0.42,1
1770809632.223817,1,0,0.8577,3670,1.35,1.39,1
1770809632.2238677,81,56,0.7363,852,0.73,0.7,1
1770809632.2238894,103,39,0.8413,352,0.73,0.42,1
1770809632.2240293,1,0,0.8577,3672,0,1.39,1
1770809632.2240531,81,56,0.7363,854,0,0.7,1
1770809632.224073,103,39,0.8413,354,0,0.42,1
1770809632.2750072,1,0,0.8133,3674,1.84,1.39,1
1770809632.275059,81,56,0.7755,856,0.53,0.69,1
1770809632.2750816,103,39,0.8638,356,0.55,0.42,1
1770809632.3296187,1,0,0.8131,3676,1.15,1.39,1
1770809632.329671,81,56,0.6791,858,0.5,0.68,1
1770809632.3296928,103,39,0.7892,358,0.91,0.43,1
1770809632.3298328,1,0,0.8131,3678,0,1.39,1
1770809632.3298569,81,56,0.6791,860,0,0.68,1
1770809632.3298762,103,39,0.7892,360,0,0.43,1
1770809632.384559,1,0,0.8335,3680,4.21,1.39,1
1770809632.3846087,81,56,0.7678,862,0.53,0.69,1
1770809632.3846304,103,39,0.829,362,0.22,0.43,1
1770809632.4354346,1,0,0.8349,3682,1.21,1.38,1
1770809632.4354773,81,56,0.7575,864,0.3,0.69,1
1770809632.4354942,103,39,0.8173,364,0.32,0.43,1
1770809632.4356058,1,0,0.8349,3684,0,1.38,1
1770809632.4356256,81,56,0.7575,866,0,0.69,1
1770809632,103,39,0.8173,366,0,0.43,1
1770809632.488798,1,0,0.8654,3686,3.6,1.39,1
1770809632,81,56,0.657,868,0.86,0.68,1
1770809632.488871,103,39,0.866,368,0.72,0.43,1
1770809632.5369723,1,0,0.8757,3688,1.15,1.41,1
1770809632.5370207,81,56,0.8421,870,2.27,0.7,1
1770809632.5370426,103,39,0.8299,370,0.78,0.42,1
1770809632.5371811,1,0,0.8757,3690,0,1.41,1
1770809632.537205,81,56,0.8421,872,0,0.7,1
1770809632.5372243,103,39,0.8299,372,0,0.42,1
1770809632.5875723,1,0,0.8345,3692,0.94,1.41,1
1770809632.587621,81,56,0.7412,874,1.48,0.69,1
1770809632.5876448,103,39,0.8287,374,0.8,0.42,1
1770809632.641965,1,0,0.8356,3694,2.8,1.39,1
1770809632.6420193,81,56,0.8029,876,0.77,0.7,1
1770809632.6420417,103,39,0.8509,376,1.23,0.42,1
1770809632.642183,1,0,0.8356,3696,0,1.39,1
1770809632.6422071,81,56,0.8029,878,0,0.7,1
1770809632.6422262,103,39,0.8509,378,0,0.42,1
1770809632.6987538,1,0,0.8329,3698,2.61,1.4,1
1770809632.6988084,81,56,0.7241,880,0.65,0.69,1
1770809632.6988306,103,39,0.8066,380,1.21,0.41,1
1770809632.750352,1,0,0.8392,3700,7.75,1.37,1
1770809633,81,56,0.6982,882,1.42,0.68,1
1770809632.750439,103,39,0.72,382,1.41,0.4,1
1770809632.7506258,1,0,0.8392,3702,0,1.37,1
1770809632.750655,81,56,0.6982,884,0,0.68,1
1770809632.7506702,103,39,0.72,384,0,0.4,1
1770809632.8045623,1,0,0.8246,3704,1.59,1.4,1
1770809632.8046134,81,56,0.6995,886,1.53,0.67,1
1770809632.8046353,103,39,0.8576,386,1.98,0.41,1
1770809632.8523457,1,0,0.8095,3706,3.98,1.38,1
1770809632.8523872,81,56,0.7831,888,1.4,0.66,1
1770809632.8524032,103,39,0.8746,388,0.43,0.42,1
1770809632.8525138,1,0,0.8095,3708,0,1.38,1
1770809632.852533,81,56,0.7831,890,0,0.66,1
1770809632.8525476,103,39,0.8746,390,0,0.42,1
1770809632.9003246,1,0,0.8495,3710,8.97,1.35,1
1770809632.9003687,81,56,0.7838,892,2.07,0.68,1
1770809632.900385,103,39,0.8533,392,0.07,0.42,1
1770809632.9453144,1,0,0.8366,3712,2.93,1.38,1
1770809632.945375,81,56,0.7641,894,0.22,0.68,1
1770809632.945403,103,39,0.8415,394,0.74,0.42,1
1770809632.9455476,1,0,0.8366,3714,0,1.38,1
1770809632.9455838,81,56,0.7641,896,0,0.68,1
1770809632.9456007,103,39,0.8415,396,0,0.42,1
1770809632.9932992,1,0,0.8456,3716,3.76,1.39,1
1770809632.9933517,81,56,0.4579,898,2.34,0.69,1
1770809632.993374,103,39,0.89,398,0.54,0.42,1
1770809633.0420022,1,0,0.8436,3718,6.63,1.39,1
1770809633.0420456,81,56,0.7524,900,5.14,0.64,1
1770809633.0420623,103,39,0.8772,400,0.78,0.42,1
1770809633.0421758,1,0,0.8436,3720,0,1.39,1
1770809633.042195,81,56,0.7524,902,0,0.64,1
1770809633,103,39,0.8772,402,0,0.42,1
1770809633.094453,1,0,0.7738,3722,3.84,1.4,1
1770809633.0945058,81,56,0.7214,904,3.16,0.67,1
1770809633.094529,103,39,0.8543,404,0.53,0.42,1
1770809633.148151,1,0,0.8447,3724,2.12,1.39,1
1770809633.1481931,81,56,0.6654,906,2.68,0.65,1
1770809633.148209,103,39,0.8643,406,0.87,0.42,1
1770809633,1,0,0.8447,3726,0,1.39,1
1770809633.1483388,81,56,0.6654,908,0,0.65,1
1770809633.148353,103,39,0.8643,408,0,0.42,1
1770809633.2053888,1,0,0.8374,3728,0.25,1.38,1
1770809633,81,56,0.69,910,0.6,0.64,1
1770809633.2054813,103,39,0.8754,410,0.49,0.43,1
1770809633,1,0,0.8324,3730,0.45,1.38,1
1770809633.2675164,81,56,0.7886,912,1.17,0.67,1
1770809633.2675393,103,39,0.8706,412,0.33,0.43,1
1770809633.2676828,1,0,0.8324,3732,0,1.38,1
1770809633.2677066,81,56,0.7886,914,0,0.67,1
1770809633.2677252,103,39,0.8706,414,0,0.43,1
1770809633.325265,1,0,0.8579,3734,1.66,1.38,1
1770809633.3253157,81,56,0.8105,916,1.54,0.67,1
1770809633.3253376,103,39,0.8008,416,1.05,0.43,1
1770809633.3782237,1,0,0.8367,3736,1.2,1.38,1
1770809633.3782754,81,56,0.6882,918,1.16,0.68,1
1770809633.378297,103,39,0.822,418,1.42,0.42,1
1770809633.3784373,1,0,0.8367,3738,0,1.38,1
1770809633.378461,81,56,0.6882,920,0,0.68,1
1770809633.3784804,103,39,0.822,420,0,0.42,1
1770809633.4311454,1,0,0.8341,3740,2.22,1.36,1
1770809633.4311972,81,56,0.8221,922,1.12,0.69,1
1770809633.4312189,103,39,0.82,422,0.6,0.43,1
1770809633.4852352,1,0,0.8488,3742,0.45,1.37,1
1770809633.4852784,81,56,0.6193,924,2.32,0.71,1
1770809633.485295,103,39,0.7763,424,4.26,0.44,1
1770809633.4854066,1,0,0.8488,3744,0,1.37,1
1770809633.4854257,81,56,0.6193,926,0,0.71,1
1770809633.4854398,103,39,0.7763,426,0,0.44,1
1770809633.5393672,1,0,0.8582,3746,1.45,1.38,1
1770809633.5394192,81,56,0.7245,928,0.96,0.7,1
1770809633.5394423,103,39,0.8734,428,3,0.43,1
1770809633.5879033,1,0,0.8161,3748,1.83,1.39,1
1770809633.587952,81,56,0.6595,930,6.19,0.64,1
1770809633.5879738,103,39,0.8391,430,0.88,0.43,1
1770809633.588114,1,0,0.8161,3750,0,1.39,1
1770809633.5881531,81,56,0.6595,932,0,0.64,1
1770809633.5881734,103,39,0.8391,432,0,0.43,1
1770809633.638115,1,0,0.8015,3752,1.72,1.37,1
1770809633.6381586,81,56,0.8066,934,4.26,0.68,1
1770809633.6381762,103,39,0.8356,434,0.44,0.43,1
1770809633.6909163,1,0,0.8209,3754,3.69,1.38,1
1770809633.6909587,81,56,0.7554,936,3.36,0.66,1
1770809633.6909754,103,39,0.8095,436,0.19,0.43,1
1770809633.6910856,1,0,0.8209,3756,0,1.38,1
1770809633.6911044,81,56,0.7554,938,0,0.66,1
1770809633.6911192,103,39,0.8095,438,0,0.43,1
1770809633.7375755,1,0,0.8431,3758,0.2,1.38,1
1770809633.737618,81,56,0.7942,940,3.43,0.69,1
1770809633.737635,103,39,0.8781,440,0.1,0.43,1
1770809633.7886498,1,0,0.8336,3760,1.26,1.39,1
1770809633.7887034,81,56,0.7331,942,0.74,0.69,1
1770809633.7887268,103,39,0.8269,442,1.04,0.43,1
1770809633.7888703,1,0,0.8336,3762,0,1.39,1
1770809633.7888942,81,56,0.7331,944,0,0.69,1
1770809633.7889142,103,39,0.8269,444,0,0.43,1
1770809633.841329,1,0,0.7841,3764,1.22,1.4,1
1770809633.8413794,81,56,0.7167,946,0.65,0.69,1
1770809633.841401,103,39,0.6695,446,4.67,0.45,1
1770809633.891746,1,0,0.8173,3766,2.91,1.39,1
1770809633.8917887,81,56,0.75,948,1.05,0.68,1
1770809633.891806,103,39,0.7062,448,3.5,0.43,1
1770809633.8919168,1,0,0.8173,3768,0,1.39,1
1770809633.8919356,81,56,0.75,950,0,0.68,1
1770809633.8919504,103,39,0.7062,450,0,0.43,1
1770809633.9384787,1,0,0.8165,3770,1.42,1.39,1
1770809633.9385214,81,56,0.7371,952,1.92,0.66,1
1770809633.938538,103,39,0.6336,452,1.13,0.43,1
1770809633.9921684,1,0,0.8451,3772,0.38,1.4,1
1770809633.9922204,81,56,0.7135,954,2.37,0.67,1
1770809633.992242,103,39,0.7346,454,0.79,0.42,1
1770809633.9923806,1,0,0.8451,3774,0,1.4,1
1770809633.9924047,81,56,0.7135,956,0,0.67,1
1770809633.9924238,103,39,0.7346,456,0,0.42,1
1770809634.0412853,1,0,0.8463,3776,0.21,1.39,1
1770809634.0413282,81,56,0.798,958,0.6,0.68,1
1770809634.0413451,103,39,0.814,458,0.48,0.42,1
1770809634.0936215,1,0,0.8331,3778,3.45,1.38,1
1770809634.0936754,81,56,0.7897,960,1.11,0.68,1
1770809634.0936978,103,39,0.8488,460,1.34,0.42,1
1770809634.0938375,1,0,0.8331,3780,0,1.38,1
1770809634.0938616,81,56,0.7897,962,0,0.68,1
1770809634.0938814,103,39,0.8488,462,0,0.42,1
1770809634.145194,1,0,0.7935,3782,3.75,1.39,1
1770809634.1452415,81,56,0.6758,964,1.12,0.68,1
1770809634.1452668,103,39,0.7914,464,4.11,0.44,1
1770809634.194567,1,0,0.8209,3784,1.38,1.39,1
1770809634,81,56,0.7067,966,0.32,0.67,1
1770809634.1946275,103,39,0.8237,466,1.09,0.44,1
1770809634.1947384,1,0,0.8209,3786,0,1.39,1
1770809634.1947577,81,56,0.7067,968,0,0.67,1
1770809634.1947722,103,39,0.8237,468,0,0.44,1
1770809634.2446866,1,0,0.8166,3788,2.53,1.39,1
1770809634.244729,81,56,0.548,970,0.54,0.68,1
1770809634.244746,103,39,0.7175,470,4.46,0.43,1
1770809634.2943149,1,0,0.8501,3790,3.16,1.4,1
1770809634.2943652,81,56,0.8085,972,0.78,0.68,1
1770809634.294387,103,39,0.8403,472,1.27,0.42,1
1770809634.2945275,1,0,0.8501,3792,0,1.4,1
1770809634.2945523,81,56,0.8085,974,0,0.68,1
1770809634.2945716,103,39,0.8403,474,0,0.42,1
1770809634.3478396,1,0,0.8169,3794,0.35,1.4,1
1770809634.3478816,81,56,0.6856,976,0.44,0.68,1
1770809634.3478978,103,39,0.8163,476,3.83,0.44,1
1770809634.4040315,1,0,0.7942,3796,0.14,1.4,1
1770809634.404083,81,56,0.7887,978,1.26,0.67,1
1770809634.4041042,103,39,0.7148,478,0.78,0.45,1
1770809634.4042442,1,0,0.7942,3798,0,1.4,1
1770809634.404268,81,56,0.7887,980,0,0.67,1
1770809634.4042878,103,39,0.7148,480,0,0.45,1
1770809634.4581125,1,0,0.8228,3800,0.39,1.41,1
1770809634.4581664,81,56,0.7614,982,2.66,0.7,1
1770809634.4581883,103,39,0.7342,482,0.74,0.45,1
1770809634.5149262,1,0,0.8132,3802,0.43,1.38,1
1770809634.5149813,81,56,0.7202,984,2.22,0.68,1
1770809634.515003,103,39,0.8,484,3.61,0.44,1
1770809634.5151467,1,0,0.8132,3804,0,1.38,1
1770809634.5151708,81,56,0.7202,986,0,0.68,1
1770809634.5151896,103,39,0.8,486,0,0.44,1
1770809634.5659456,1,0,0.849,3806,0.76,1.39,1
1770809634.565997,81,56,0.8215,988,0.34,0.67,1
1770809634.566019,103,39,0.7359,488,2.08,0.43,1
1770809634.615543,1,0,0.8517,3808,0.29,1.41,1
1770809634.615586,81,56,0.7016,990,1.11,0.68,1
1770809634.6156025,103,39,0.7041,490,0.74,0.42,1
1770809634.6157124,1,0,0.8517,3810,0,1.41,1
1770809634.6157317,81,56,0.7016,992,0,0.68,1
1770809634.6157458,103,39,0.7041,492,0,0.42,1
1770809634.6646297,1,0,0.8483,3812,3.35,1.4,1
1770809634.6646829,81,56,0.7881,994,0.38,0.68,1
1770809634.6647058,103,39,0.7484,494,0.38,0.42,1
1770809634.717281,1,0,0.8622,3814,0.51,1.39,1
1770809634.7173371,81,56,0.73,996,1.74,0.7,1
1770809634.717358,103,39,0.6807,496,0.64,0.42,1
1770809634.7174966,1,0,0.8622,3816,0,1.39,1
1770809634.7175198,81,56,0.73,998,0,0.7,1
1770809634.717539,103,39,0.6807,498,0,0.42,1
1770809634.7713325,1,0,0.8011,3818,2.14,1.38,1
1770809634.7713768,81,56,0.771,1000,5.17,0.65,1
1770809634.771394,103,39,0.8161,500,1.55,0.42,1
1770809634.8227355,1,0,0.8398,3820,4.19,1.37,1
1770809634.8227868,81,56,0.783,1002,0.62,0.66,1
1770809634.822809,103,39,0.8091,502,0.48,0.42,1
1770809634.8229537,1,0,0.8398,3822,0,1.37,1
1770809634.8229773,81,56,0.783,1004,0,0.66,1
1770809634.8229988,103,39,0.8091,504,0,0.42,1
1770809634.869917,1,0,0.7799,3824,4.36,1.4,1
1770809634.8699594,81,56,0.7427,1006,0.54,0.66,1
1770809634.869985,103,39,0.8427,506,1.67,0.43,1
1770809634.922578,1,0,0.8169,3826,2.74,1.38,1
1770809634.9226215,81,56,0.7248,1008,0.78,0.66,1
1770809634.9226384,103,39,0.79,508,0.84,0.43,1
1770809635,1,0,0.8169,3828,0,1.38,1
1770809634.9227688,81,56,0.7248,1010,0,0.66,1
1770809634.9227834,103,39,0.79,510,0,0.43,1
1770809634.9747314,1,0,0.8109,3830,3.65,1.38,1
1770809634.9747825,81,56,0.7904,1012,1.68,0.65,1
1770809634.9748037,103,39,0.7931,512,0.58,0.43,1
1770809635.0208344,1,0,0.829,3832,3.3,1.38,1
1770809635.0208774,81,56,0.7842,1014,2.58,0.67,1
1770809635.0208943,103,39,0.7818,514,1.11,0.43,1
1770809635.021011,1,0,0.829,3834,0,1.38,1
1770809635.0210311,81,56,0.7842,1016,0,0.67,1
1770809635.0210452,103,39,0.7818,516,0,0.43,1
1770809635.070328,1,0,0.8423,3836,1.7,1.39,1
1770809635.0703814,81,56,0.7217,1018,0.82,0.67,1
1770809635.0704036,103,39,0.7315,518,1.19,0.42,1
1770809635.1240706,1,0,0.8474,3838,0.96,1.38,1
1770809635.1241212,81,56,0.7254,1020,1.15,0.68,1
1770809635.1241434,103,39,0.8229,520,1.12,0.42,1
1770809635.1242845,1,0,0.8474,3840,0,1.38,1
1770809635.1243076,81,56,0.7254,1022,0,0.68,1
1770809635.1243272,103,39,0.8229,522,0,0.42,1
1770809635.1746926,1,0,0.8319,3842,0.82,1.4,1
1770809635.1747346,81,56,0.8228,1024,1.04,0.69,1
1770809635.174751,103,39,0.8375,524,0.64,0.42,1
1770809635.231092,1,0,0.851,3844,0.76,1.39,1
1770809635.2311423,81,56,0.6411,1026,2.25,0.68,1
1770809635.2311656,103,39,0.8702,526,0.43,0.42,1
1770809635.2313046,1,0,0.851,3846,0,1.39,1
1770809635.2313285,81,56,0.6411,1028,0,0.68,1
1770809635.2313485,103,39,0.8702,528,0,0.42,1
1770809635.284473,1,0,0.8049,3848,2.3,1.4,1
1770809635.2845197,81,56,0.708,1030,2.6,0.65,1
1770809635.2845368,103,39,0.862,530,0.7,0.43,1
1770809635.3360577,1,0,0.8148,3850,2.15,1.38,1
1770809635,81,56,0.766,1032,1.98,0.67,1
1770809635.3361163,103,39,0.8332,532,0.65,0.42,1
1770809635.3362262,1,0,0.8148,3852,0,1.38,1
1770809635.3362453,81,56,0.766,1034,0,0.67,1
1770809635.3362594,103,39,0.8332,534,0,0.42,1
1770809635.3857183,1,0,0.8132,3854,2.68,1.39,1
1770809635.385761,81,56,0.7398,1036,0.83,0.67,1
1770809635.385777,103,39,0.8516,536,0.53,0.42,1
1770809635.435305,1,0,0.8055,3856,2.59,1.4,1
1770809635.4353557,81,56,0.6609,1038,1.71,0.65,1
1770809635.4353774,103,39,0.8059,538,0.73,0.41,1
1770809635.435517,1,0,0.8055,3858,0,1.4,1
1770809635.435541,81,56,0.6609,1040,0,0.65,1
1770809635.4355607,103,39,0.8059,540,0,0.41,1
1770809635.4899786,1,0,0.8401,3860,2.99,1.41,1
1770809635.4900289,81,56,0.6641,1042,2.88,0.63,1
1770809635.4900513,103,39,0.8377,542,0.25,0.42,1
1770809635.5388184,1,0,0.8174,3862,0.34,1.4,1
1770809635.5388644,81,56,0.7803,1044,1.9,0.65,1
1770809635.5388815,103,39,0.8562,544,1.62,0.42,1
1770809635.5389948,1,0,0.8174,3864,0,1.4,1
1770809635.539014,81,56,0.7803,1046,0,0.65,1
1770809635.5390284,103,39,0.8562,546,0,0.42,1
1770809635.5869188,1,0,0.8361,3866,0.79,1.39,1
1770809635.5869603,81,56,0.7912,1048,2.41,0.67,1
1770809635.5869775,103,39,0.8719,548,0.67,0.42,1
1770809635.6390574,1,0,0.854,3868,1.74,1.41,1
1770809635.639109,81,56,0.7458,1050,0.48,0.66,1
1770809635.639147,103,39,0.7997,550,0.48,0.42,1
1770809635.639288,1,0,0.854,3870,0,1.41,1
1770809635.639312,81,56,0.7458,1052,0,0.66,1
1770809635.639331,103,39,0.7997,552,0,0.42,1
1770809635.6927109,1,0,0.8281,3872,15.81,1.38,1
1770809635.692764,81,56,0.776,1054,2.51,0.7,1
1770809635.692787,103,39,0.8655,554,0.11,0.42,1
1770809635.7465303,1,0,0.8072,3874,8.59,1.4,1
1770809635.7465827,81,56,0.7632,1056,1.3,0.69,1
1770809635.7466054,103,39,0.8376,556,0.62,0.42,1
1770809635.746744,1,0,0.8072,3876,0,1.4,1
1770809635.7467668,81,56,0.7632,1058,0,0.69,1
1770809635.7467864,103,39,0.8376,558,0,0.42,1
1770809635.795432,1,0,0.8463,3878,5.04,1.39,1
1770809635.7954931,81,56,0.7744,1060,1.16,0.69,1
1770809635.7955246,103,39,0.8879,560,0.42,0.42,1
1770809635.847184,1,0,0.8221,3880,1.01,1.4,1
1770809635.847235,81,56,0.711,1062,0.21,0.69,1
1770809635.847257,103,39,0.8605,562,1.13,0.43,1
1770809635.8473969,1,0,0.8221,3882,0,1.4,1
1770809636,81,56,0.711,1064,0,0.69,1
1770809635.8474386,103,39,0.8605,564,0,0.43,1
1770809635.8952086,1,0,0.8296,3884,3.55,1.38,1
1770809635.8952513,81,56,0.7982,1066,0.83,0.71,1
1770809635.8952672,103,39,0.8779,566,0.83,0.43,1
1770809635.9501312,1,0,0.8051,3886,2.46,1.38,1
1770809635.9501836,81,56,0.8048,1068,0.32,0.71,1
1770809635.9502058,103,39,0.8989,568,0.33,0.43,1
1770809635.9503453,1,0,0.8051,3888,0,1.38,1
1770809635.950369,81,56,0.8048,1070,0,0.71,1
1770809635.950389,103,39,0.8989,570,0,0.43,1
1770809636.0002615,1,0,0.8021,3890,0.57,1.39,1
1770809636.000312,81,56,0.7423,1072,0.52,0.7,1
1770809636.000334,103,39,0.878,572,0.49,0.43,1
1770809636.0510612,1,0,0.8415,3892,3.86,1.39,1
1770809636.0511124,81,56,0.8316,1074,4.36,0.67,1
1770809636.0511332,103,39,0.9113,574,0.45,0.43,1
1770809636.0512693,1,0,0.8415,3894,0,1.39,1
1770809636.0512924,81,56,0.8316,1076,0,0.67,1
1770809636.051311,103,39,0.9113,576,0,0.43,1
1770809636.0982833,1,0,0.8344,3896,0.43,1.39,1
1770809636.0983248,81,56,0.8118,1078,1.43,0.69,1
1770809636.0983417,103,39,0.8687,578,0.82,0.43,1
1770809636.1462593,1,0,0.8403,3898,1.72,1.38,1
1770809636.146315,81,56,0.7199,1080,0.83,0.69,1
1770809636.146337,103,39,0.8427,580,0.72,0.44,1
1770809636.1464856,1,0,0.8403,3900,0,1.38,1
1770809636.1465106,81,56,0.7199,1082,0,0.69,1
1770809636.1465302,103,39,0.8427,582,0,0.44,1
1770809636.197408,1,0,0.8445,3902,2.65,1.41,1
1770809636.1974504,81,56,0.7852,1084,1.23,0.67,1
1770809636.197467,103,39,0.867,584,1.21,0.43,1
1770809636.249251,1,0,0.866,3904,1.01,1.39,1
1770809636.2493083,81,56,0.6822,1086,2.76,0.65,1
1770809636.2493317,103,39,0.855,586,0.21,0.43,1
1770809636.249471,1,0,0.866,3906,0,1.39,1
1770809636.2494946,81,56,0.6822,1088,0,0.65,1
1770809636.2495167,103,39,0.855,588,0,0.43,1
1770809636.3061185,1,0,0.8327,3908,1.4,1.4,1
1770809636.3061688,81,56,0.767,1090,1.89,0.67,1
1770809636.3061905,103,39,0.8998,590,0.41,0.43,1
1770809636.3592298,1,0,0.8181,3910,1.14,1.39,1
1770809636,81,56,0.7994,1092,1.21,0.68,1
1770809636.359301,103,39,0.8502,592,0.16,0.43,1
1770809636.3594403,1,0,0.8181,3912,0,1.39,1
1770809636.3594646,81,56,0.7994,1094,0,0.68,1
1770809636.359484,103,39,0.8502,594,0,0.43,1
1770809636.4100585,1,0,0.8307,3914,0.16,1.39,1
1770809636.4101007,81,56,0.7925,1096,0.97,0.67,1
1770809636.410118,103,39,0.8598,596,0.37,0.43,1
1770809636.4551082,1,0,0.8416,3916,2.61,1.39,1
1770809636.4551494,81,56,0.7407,1098,1.95,0.67,1
1770809636.4551668,103,39,0.8117,598,0.45,0.43,1
1770809636.455277,1,0,0.8416,3918,0,1.39,1
1770809636.455296,81,56,0.7407,1100,0,0.67,1
1770809636,103,39,0.8117,600,0,0.43,1
1770809636.505618,1,0,0.8416,3920,0.74,1.39,1
1770809636.5056589,81,56,0.7387,1102,0.39,0.68,1
1770809636.5056758,103,39,0.8923,602,0.54,0.43,1
1770809636.5570662,1,0,0.8542,3922,2.18,1.38,1
1770809636.5571089,81,56,0.6727,1104,1.86,0.69,1
1770809636.5571258,103,39,0.8745,604,1.01,0.42,1
1770809636.5572383,1,0,0.8542,3924,0,1.38,1
1770809636.557257,81,56,0.6727,1106,0,0.69,1
1770809636.5572712,103,39,0.8745,606,0,0.42,1
1770809636.6056192,1,0,0.8355,3926,2.95,1.4,1
1770809636.6056614,81,56,0.6997,1108,3.19,0.66,1
1770809636.6056778,103,39,0.8481,608,0.28,0.42,1
1770809636.6522765,1,0,0.851,3928,1.96,1.4,1
1770809636.6523304,81,56,0.7772,1110,1.43,0.65,1
1770809636.6523535,103,39,0.8673,610,0.3,0.43,1
1770809636.6524923,1,0,0.851,3930,0,1.4,1
1770809636.652517,81,56,0.7772,1112,0,0.65,1
1770809636.652538,103,39,0.8673,612,0,0.43,1
1770809636.7015464,1,0,0.8464,3932,3.31,1.41,1
1770809636.7015896,81,56,0.7405,1114,0.66,0.65,1
1770809636.701605,103,39,0.8561,614,0.23,0.43,1
1770809636.7559285,1,0,0.8321,3934,4.52,1.41,1
1770809636.7559783,81,56,0.7911,1116,0.64,0.66,1
1770809637,103,39,0.8635,616,1.19,0.44,1
1770809636.7561374,1,0,0.8321,3936,0,1.41,1
1770809636.7561617,81,56,0.7911,1118,0,0.66,1
1770809636.7561817,103,39,0.8635,618,0,0.44,1
1770809636.8063722,1,0,0.8176,3938,0.93,1.39,1
1770809636.806424,81,56,0.777,1120,1.12,0.66,1
1770809636.8064451,103,39,0.8442,620,1.1,0.43,1
1770809636.8555875,1,0,0.8253,3940,0.46,1.38,1
1770809636.855638,81,56,0.7745,1122,3.27,0.69,1
1770809636.8556595,103,39,0.8213,622,0.3,0.43,1
1770809636.855801,1,0,0.8253,3942,0,1.38,1
1770809636.855825,81,56,0.7745,1124,0,0.69,1
1770809636.8558445,103,39,0.8213,624,0,0.43,1
1770809636.9049246,1,0,0.8309,3944,0.36,1.37,1
1770809636.904966,81,56,0.7772,1126,0.55,0.68,1
1770809636.9049828,103,39,0.8329,626,0.13,0.43,1
1770809636.9584014,1,0,0.8295,3946,3.72,1.36,1
1770809636.9584448,81,56,0.7723,1128,1.7,0.67,1
1770809636.9584615,103,39,0.8443,628,0.37,0.43,1
1770809636.958573,1,0,0.8295,3948,0,1.36,1
1770809636.9585922,81,56,0.7723,1130,0,0.67,1
1770809636.958606,103,39,0.8443,630,0,0.43,1
1770809637.011931,1,0,0.8191,3950,2.22,1.38,1
1770809637.011983,81,56,0.683,1132,2.5,0.69,1
1770809637.0120046,103,39,0.8257,632,0.43,0.43,1
1770809637.0634828,1,0,0.8115,3952,0.1,1.38,1
1770809637.0635347,81,56,0.7114,1134,3.06,0.66,1
1770809637.0635574,103,39,0.802,634,2.89,0.44,1
1770809637.063697,1,0,0.8115,3954,0,1.38,1
1770809637.0637212,81,56,0.7114,1136,0,0.66,1
1770809637.0637417,103,39,0.802,636,0,0.44,1
1770809637.1353233,1,0,0.7986,3956,2.28,1.39,1
1770809637.1353822,81,56,0.6389,1138,0.61,0.65,1
1770809637.1354058,103,39,0.8247,638,2.57,0.45,1
1770809637.184575,1,0,0.8466,3958,0.59,1.36,1
1770809637.1846254,81,56,0.7677,1140,0.46,0.66,1
1770809637.184647,103,39,0.8573,640,3.42,0.44,1
1770809637.184786,1,0,0.8466,3960,0,1.36,1
1770809637,81,56,0.7677,1142,0,0.66,1
1770809637.1848292,103,39,0.8573,642,0,0.44,1
1770809637.2392592,1,0,0.8216,3962,1.38,1.38,1
1770809637.2393029,81,56,0.7798,1144,3.5,0.69,1
1770809637.2393198,103,39,0.8702,644,2.25,0.42,1
1770809637.2938502,1,0,0.7858,3964,1.85,1.39,1
1770809637.2939005,81,56,0.6329,1146,0.6,0.68,1
1770809637.293922,103,39,0.8116,646,2.74,0.44,1
1770809637.294061,1,0,0.7858,3966,0,1.39,1
1770809637.294085,81,56,0.6329,1148,0,0.68,1
1770809637.2941043,103,39,0.8116,648,0,0.44,1
1770809637.347187,1,0,0.8018,3968,2.02,1.38,1
1770809637.3472407,81,56,0.795,1150,1.21,0.69,1
1770809637.347264,103,39,0.7937,650,1.29,0.45,1
1770809637.4015207,1,0,0.8282,3970,1.18,1.38,1
1770809637.4015718,81,56,0.7819,1152,0.84,0.68,1
1770809637.4015927,103,39,0.8096,652,0.73,0.45,1
1770809637.4017315,1,0,0.8282,3972,0,1.38,1
1770809637.4017549,81,56,0.7819,1154,0,0.68,1
1770809637.4017744,103,39,0.8096,654,0,0.45,1
1770809637.450561,1,0,0.815,3974,3.39,1.39,1
1770809637.4506023,81,56,0.7529,1156,3,0.66,1
1770809637.4506197,103,39,0.835,656,0.39,0.45,1
1770809637.4997883,1,0,0.8062,3976,3.25,1.38,1
1770809637.4998293,81,56,0.772,1158,2.08,0.69,1
1770809637.4998455,103,39,0.8111,658,3.86,0.44,1
1770809637.499956,1,0,0.8062,3978,0,1.38,1
1770809637.4999752,81,56,0.772,1160,0,0.69,1
1770809637.4999902,103,39,0.8111,660,0,0.44,1
1770809637.5513067,1,0,0.8128,3980,1.75,1.38,1
1770809638,81,56,0.7595,1162,2.24,0.7,1
1770809637.5513666,103,39,0.8339,662,1.57,0.43,1
1770809637.5981607,1,0,0.8028,3982,1.96,1.38,1
1770809637.5982182,81,56,0.7093,1164,3.99,0.66,1
1770809637.5982428,103,39,0.8142,664,1.15,0.42,1
1770809637.5984082,1,0,0.8028,3984,0,1.38,1
1770809637.598446,81,56,0.7093,1166,0,0.66,1
1770809637.5984695,103,39,0.8142,666,0,0.42,1
1770809637.6496718,1,0,0.8224,3986,0.97,1.37,1
1770809637.6497233,81,56,0.7294,1168,1.96,0.68,1
1770809637.6497622,103,39,0.7876,668,4.34,0.44,1
1770809637.7027545,1,0,0.8004,3988,1.68,1.38,1
1770809637.7027953,81,56,0.7515,1170,0.29,0.69,1
1770809637.7028117,103,39,0.8266,670,3.29,0.43,1
1770809637.7029202,1,0,0.8004,3990,0,1.38,1
1770809637.7029388,81,56,0.7515,1172,0,0.69,1
1770809637.702953,103,39,0.8266,672,0,0.43,1
1770809637.7570908,1,0,0.8003,3992,0.33,1.38,1
1770809637.757135,81,56,0.7637,1174,1.05,0.7,1
1770809637.7571523,103,39,0.6691,674,2.47,0.44,1
1770809637.8063104,1,0,0.8009,3994,1.59,1.38,1
1770809637.8063622,81,56,0.7684,1176,2.41,0.68,1
1770809637.8063836,103,39,0.7728,676,3.66,0.43,1
1770809637.806522,1,0,0.8009,3996,0,1.38,1
1770809637.8065455,81,56,0.7684,1178,0,0.68,1
1770809637.8065646,103,39,0.7728,678,0,0.43,1
1770809637.8557005,1,0,0.7836,3998,2.07,1.39,1
1770809637.8557415,81,56,0.7175,1180,0.51,0.68,1
1770809637.8557584,103,39,0.7919,680,0.62,0.42,1
1770809637.9097357,1,0,0.8337,4000,1.77,1.38,1
1770809637.909787,81,56,0.804,1182,2.05,0.69,1
1770809637.9098084,103,39,0.837,682,1.26,0.43,1
1770809637.9099474,1,0,0.8337,4002,0,1.38,1
1770809637.9099717,81,56,0.804,1184,0,0.69,1
1770809637.909991,103,39,0.837,684,0,0.43,1
1770809637.9582994,1,0,0.7884,4004,0.22,1.39,1
1770809637.9583547,81,56,0.7731,1186,0.82,0.7,1
1770809637.9583728,103,39,0.7542,686,3.47,0.44,1
1770809638.0117075,1,0,0.8357,4006,3.08,1.4,1
1770809638.0117526,81,56,0.7387,1188,4.11,0.66,1
1770809638.0117695,103,39,0.7465,688,3.85,0.42,1
1770809638.0118835,1,0,0.8357,4008,0,1.4,1
1770809638.0119033,81,56,0.7387,1190,0,0.66,1
1770809638.0119176,103,39,0.7465,690,0,0.42,1
1770809638.0599065,1,0,0.8258,4010,0.39,1.38,1
1770809638,81,56,0.6378,1192,2.44,0.64,1
1770809638.059967,103,39,0.6895,692,1.43,0.42,1
1770809638.111232,1,0,0.8062,4012,0.86,1.4,1
1770809638.1112838,81,56,0.6456,1194,1.02,0.65,1
1770809638.111307,103,39,0.7976,694,0.29,0.42,1
1770809638.111447,1,0,0.8062,4014,0,1.4,1
1770809638.1114717,81,56,0.6456,1196,0,0.65,1
1770809638.111491,103,39,0.7976,696,0,0.42,1
1770809638.160767,1,0,0.8039,4016,1.62,1.37,1
1770809638.160808,81,56,0.7451,1198,3.9,0.68,1
1770809638.1608243,103,39,0.7181,698,0.17,0.42,1
1770809638.2289653,1,0,0.8373,4018,2.34,1.38,1
1770809638.229016,81,56,0.7534,1200,0.35,0.68,1
1770809638.229038,103,39,0.8587,700,1.87,0.42,1
1770809638.2291756,1,0,0.8373,4020,0,1.38,1
1770809638.2291996,81,56,0.7534,1202,0,0.68,1
1770809638.2292187,103,39,0.8587,702,0,0.42,1
1770809638.281925,1,0,0.8373,4022,0.9,1.38,1
1770809638.2819784,81,56,0.7534,1204,0.13,0.68,1
1770809638.2820022,103,39,0.8587,704,0.73,0.43,1
1770809638.2820225,135,39,0.3969,0,0,0.3,0
1770809638.2821577,1,0,0.8373,4024,0,1.38,1
1770809638.2821808,81,56,0.7534,1206,0,0.68,1
1770809638,103,39,0.8587,706,0,0.43,1
1770809638.2822192,135,39,0.3969,2,0,0.3,0
1770809638.3362424,1,0,0.8422,4026,2.19,1.4,1
1770809638.3362885,81,56,0.6749,1208,3.87,0.71,1
1770809638.336306,103,39,0.8006,708,0.41,0.43,1
1770809638.3909812,1,0,0.8194,4028,3.24,1.38,1
1770809638.3910244,81,56,0.73,1210,1.95,0.69,1
1770809638.3910413,103,39,0.807,710,0.68,0.43,1
1770809638.391056,135,39,0.4005,6,0.85,0.29,0
1770809638.3911655,1,0,0.8194,4030,0,1.38,1
1770809638.3911843,81,56,0.73,1212,0,0.69,1
1770809638.3911984,103,39,0.807,712,0,0.43,1
1770809638.3912115,135,39,0.4005,8,0,0.29,0
1770809638.4452343,1,0,0.7887,4032,9.92,1.28,1
1770809638.4452882,81,56,0.786,1214,1.47,0.71,1
1770809638.4453104,103,39,0.8329,714,3.82,0.45,1
1770809638.4454534,1,0,0.7887,4034,0,1.28,1
1770809638.4454763,81,56,0.786,1216,0,0.71,1
1770809638.4454987,103,39,0.8329,716,0,0.45,1
1770809638.4933786,1,0,0.8185,4036,3.47,1.35,1
1770809638.4934185,81,56,0.6341,1218,0.51,0.7,1
1770809638.493436,103,39,0.8403,718,1.72,0.44,1
1770809638.5467253,1,0,0.8415,4038,5.27,1.37,1
1770809638.5467737,81,56,0.6927,1220,0.49,0.71,1
1770809638.5467956,103,39,0.7956,720,2.41,0.42,1
1770809638.5469346,1,0,0.8415,4040,0,1.37,1
1770809638.5469584,81,56,0.6927,1222,0,0.71,1
1770809638.5469773,103,39,0.7956,722,0,0.42,1
1770809638.5962515,1,0,0.8268,4042,0.94,1.39,1
1770809638.5962932,81,56,0.663,1224,0.44,0.69,1
1770809638.5963106,103,39,0.7483,724,0.31,0.42,1
1770809638.6479638,1,0,0.8477,4044,0.88,1.4,1
1770809638.6480174,81,56,0.5573,1226,6.35,0.75,1
1770809638.6480398,103,39,0.822,726,0.42,0.42,1
1770809638.6481814,1,0,0.8477,4046,0,1.4,1
1770809638.6482072,81,56,0.5573,1228,0,0.75,1
1770809638.6482265,103,39,0.822,728,0,0.42,1
1770809638.694621,1,0,0.8328,4048,1.08,1.37,1
1770809638.6946633,81,56,0.8196,1230,4.66,0.72,1
1770809638.6946795,103,39,0.6397,730,2.55,0.44,1
1770809638.7443235,1,0,0.8022,4050,2.74,1.38,1
1770809638.744366,81,56,0.7174,1232,2.49,0.69,1
1770809638.7443824,103,39,0.8532,732,1.61,0.44,1
1770809638.7444928,1,0,0.8022,4052,0,1.38,1
1770809638.7445126,81,56,0.7174,1234,0,0.69,1
1770809638.7445266,103,39,0.8532,734,0,0.44,1
1770809638.7896185,1,0,0.8047,4054,0.95,1.37,1
1770809638.7896602,81,56,0.697,1236,2.63,0.66,1
1770809638.7896771,103,39,0.8064,736,1.17,0.43,1
1770809638.8435416,1,0,0.7976,4056,3.3,1.37,1
1770809638.843607,81,56,0.806,1238,0.45,0.67,1
1770809638.8436348,103,39,0.7911,738,0.84,0.43,1
1770809638.843798,1,0,0.7976,4058,0,1.37,1
1770809638.8438222,81,56,0.806,1240,0,0.67,1
1770809638.843842,103,39,0.7911,740,0,0.43,1
1770809638.8934033,1,0,0.8139,4060,2.82,1.39,1
1770809638.8934498,81,56,0.8061,1242,2.12,0.69,1
1770809638.893466,103,39,0.6868,742,1.48,0.42,1
1770809638.944708,1,0,0.8006,4062,3.34,1.39,1
1770809638.9447634,81,56,0.5663,1244,3.97,0.65,1
1770809638.9447858,103,39,0.7524,744,1.12,0.42,1
1770809638.9449265,1,0,0.8006,4064,0,1.39,1
1770809638.9449503,81,56,0.5663,1246,0,0.65,1
1770809638.9449694,103,39,0.7524,746,0,0.42,1
1770809638.9976037,1,0,0.8313,4066,1.13,1.39,1
1770809638.9976466,81,56,0.6814,1248,0.3,0.66,1
1770809638.9976635,103,39,0.8614,748,1.09,0.42,1
1770809639.0485046,1,0,0.8244,4068,2.04,1.38,1
1770809639.0485525,81,56,0.6945,1250,3.46,0.68,1
1770809639.0485692,103,39,0.6975,750,1.12,0.42,1
1770809639.0486782,1,0,0.8244,4070,0,1.38,1
1770809639.0486972,81,56,0.6945,1252,0,0.68,1
1770809639.0487118,103,39,0.6975,752,0,0.42,1
1770809639.0994718,1,0,0.8933,4072,4.29,1.4,1
1770809639.0995145,81,56,0.773,1254,3.86,0.64,1
1770809639.0995314,103,39,0.7956,754,9.61,0.45,1
1770809639.1544237,1,0,0.9038,4074,7.85,1.4,1
1770809639.154474,81,56,0.7513,1256,2.87,0.67,1
1770809639.1544957,103,39,0.5966,756,7.31,0.45,1
1770809639.1546342,1,0,0.9038,4076,0,1.4,1
1770809639.1546578,81,56,0.7513,1258,0,0.67,1
1770809639.154677,103,39,0.5966,758,0,0.45,1
1770809639.2037292,1,0,0.8899,4078,5.32,1.44,1
1770809639.2037706,81,56,0.7301,1260,1.45,0.69,1
1770809639.2037876,103,39,0.7922,760,10.21,0.47,1
1770809639.255545,1,0,0.8509,4080,3.57,1.41,1
1770809639.2555888,81,56,0.7164,1262,1.4,0.68,1
1770809639.3089638,1,0,0.8699,4082,7.11,1.46,1
1770809639.3090084,81,56,0.6837,1264,3.34,0.66,1
1770809639.3595133,1,0,0.8416,4084,0.66,1.48,1
1770809639.359562,81,56,0.6672,1266,0.4,0.64,1
1770809639.4120052,1,0,0.8658,4086,2.52,1.5,1
1770809639.4120517,81,56,0.7188,1268,2.22,0.67,1
1770809639.4632006,1,0,0.6598,4088,59.78,1.16,1
1770809639.4632504,81,56,0.7735,1270,1.84,0.69,1
1770809639.5225382,1,0,0.7905,4090,13.02,1.12,1
1770809639.5226011,81,56,0.68,1272,0.4,0.67,1
1770809639.5757978,1,0,0.8755,4092,34.85,1.27,1
1770809639.5758426,81,56,0.8073,1274,2.67,0.71,1
1770809639.6325643,1,0,0.8876,4094,21.15,1.39,1
1770809639.6326156,81,56,0.6552,1276,1.95,0.68,1
1770809639.6812365,1,0,0.8845,4096,9.62,1.47,1
1770809639.6812878,81,56,0.8424,1278,0.96,0.69,1
1770809639.737609,1,0,0.8825,4098,6.94,1.49,1
1770809639.737661,81,56,0.8591,1280,0.95,0.7,1
1770809639.7840955,1,0,0.8933,4100,0.19,1.5,1
1770809639.7841382,81,56,0.769,1282,0.29,0.7,1
1770809639.831703,1,0,0.8906,4102,0.34,1.5,1
1770809639.8317444,81,56,0.8068,1284,1.13,0.7,1
1770809639.8833294,1,0,0.895,4104,1.92,1.51,1
1770809639.8833804,81,56,0.6364,1286,3.63,0.66,1
1770809639.9378948,1,0,0.8921,4106,1.12,1.51,1
1770809639.9379394,81,56,0.6791,1288,0.8,0.65,1
1770809639.984444,1,0,0.8921,4108,0.42,1.51,1
1770809639.9844868,81,56,0.6791,1290,0.34,0.65,1
1770809640.0358078,1,0,0.8801,4110,1.37,1.51,1
1770809640.0358598,81,56,0.7587,1292,0.63,0.65,1
1770809640.0889263,1,0,0.8838,4112,0.89,1.49,1
1770809640.088969,81,56,0.77,1294,0.85,0.66,1
1770809640.0891263,143,39,0.4134,0,0,0.32,0
1770809640,1,0,0.8838,4114,0,1.49,1
1770809640.089291,81,56,0.77,1296,0,0.66,1
1770809640.0893056,143,39,0.4134,2,0,0.32,0
1770809640.138208,1,0,0.8975,4116,0.3,1.5,1
1770809640.1382515,81,56,0.7233,1298,1.35,0.65,1
1770809640.1382692,143,39,0.3707,4,0.14,0.32,0
1770809640,1,0,0.8872,4118,2.06,1.49,1
1770809640.190313,81,56,0.7944,1300,0.65,0.65,1
1770809640.1903298,143,39,0.1202,6,0.15,0.3,0
1770809640.1904438,1,0,0.8872,4120,0,1.49,1
1770809640.1904624,81,56,0.7944,1302,0,0.65,1
1770809640.190477,143,39,0.1202,8,0,0.3,0
1770809640.2384808,1,0,0.8874,4122,0.28,1.49,1
1770809640.238532,81,56,0.7906,1304,2.63,0.67,1
1770809640.238554,143,39,0.2573,10,0.37,0.29,0
1770809640.2860937,1,0,0.8901,4124,0.51,1.49,1
1770809640.2861383,81,56,0.7913,1306,2.29,0.65,1
1770809640.3325877,1,0,0.8868,4126,1.71,1.5,1
1770809640.3326297,81,56,0.7869,1308,2.14,0.67,1
1770809640.3839011,1,0,0.8939,4128,1.25,1.5,1
1770809640.383943,81,56,0.7545,1310,2.51,0.64,1
1770809640.431512,1,0,0.8869,4130,4.38,1.47,1
1770809640.431555,81,56,0.7904,1312,0.97,0.65,1
1770809640.4315715,143,39,0.3213,18,0.41,0.33,0
1770809640.4316845,1,0,0.8869,4132,0,1.47,1
1770809640.4317036,81,56,0.7904,1314,0,0.65,1
1770809640.431721,143,39,0.3213,20,0,0.33,0
1770809640,1,0,0.897,4134,1.83,1.47,1
1770809640.4789205,81,56,0.7543,1316,0.89,0.63,1
1770809640.478942,143,39,0.2443,22,0.23,0.32,-1
1770809640.5305612,1,0,0.9053,4136,2.36,1.48,1
1770809640.530613,81,56,0.7696,1318,1.87,0.65,1
1770809640.5835814,1,0,0.8991,4138,0.79,1.49,1
1770809640.5836258,81,56,0.5827,1320,2.13,0.64,1
1770809640.6376836,1,0,0.8973,4140,0.21,1.49,1
1770809640.6377263,81,56,0.7428,1322,2.38,0.65,1
1770809640.6377423,143,39,0.2966,28,0.55,0.34,1
1770809640.637855,1,0,0.8973,4142,0,1.49,1
1770809640.637874,81,56,0.7428,1324,0,0.65,1
1770809640.637888,143,39,0.2966,30,0,0.34,1
1770809640.6913574,1,0,0.8861,4144,1.18,1.49,1
1770809640.6913984,81,56,0.8152,1326,2.03,0.67,1
1770809640.6914153,143,39,0.1538,32,0.6,0.3,0
1770809640.7407584,1,0,0.8922,4146,1.64,1.49,1
1770809640.7407975,81,56,0.7416,1328,0.84,0.67,1
1770809640.7408135,143,39,0.1223,34,0.32,0.31,0
1770809640.7409222,1,0,0.8922,4148,0,1.49,1
1770809640.7409408,81,56,0.7416,1330,0,0.67,1
1770809640.7409546,143,39,0.1223,36,0,0.31,0
1770809640.786346,1,0,0.9007,4150,3.35,1.5,1
1770809640.786386,81,56,0.6546,1332,2.77,0.64,1
1770809640.7864022,143,39,0.1839,38,0.24,0.3,0
1770809640.8333378,1,0,0.9024,4152,1.46,1.49,1
1770809640.8333893,81,56,0.7161,1334,0.41,0.65,1
1770809640.8810182,1,0,0.8991,4154,2.3,1.47,1
1770809640.881062,81,56,0.813,1336,4.5,0.69,1
1770809640.930184,1,0,0.8989,4156,0.91,1.48,1
1770809640.9302275,81,56,0.7667,1338,0.3,0.69,1
1770809640.975325,1,0,0.9075,4158,2,1.48,1
1770809640.9753816,81,56,0.7555,1340,0.16,0.69,1
1770809641.0230596,1,0,0.8822,4160,0.45,1.49,1
1770809641.0231037,81,56,0.7952,1342,1.88,0.71,1
1770809641.0729425,1,0,0.8961,4162,0.35,1.5,1
1770809641.0729928,81,56,0.7338,1344,3.28,0.67,1
1770809641.0730152,143,39,0.2725,50,0.77,0.32,1
1770809641.0731597,1,0,0.8961,4164,0,1.5,1
1770809641.0731835,81,56,0.7338,1346,0,0.67,1
1770809641.0732024,143,39,0.2725,52,0,0.32,1
1770809641.124405,1,0,0.9004,4166,0.38,1.49,1
1770809641.1244476,81,56,0.7352,1348,1.31,0.69,1
1770809641.1244645,143,39,0.1509,54,0.48,0.3,0
1770809641.1780128,1,0,0.8967,4168,0.33,1.49,1
1770809641.1780536,81,56,0.6837,1350,4.57,0.65,1
1770809641.1780703,143,39,0.142,56,0.26,0.29,0
1770809641.1781807,1,0,0.8967,4170,0,1.49,1
1770809641.1781993,81,56,0.6837,1352,0,0.65,1
1770809641.1782143,143,39,0.142,58,0,0.29,0
1770809641.2338283,1,0,0.8821,4172,1.07,1.49,1
1770809641.2338817,81,56,0.7788,1354,2.23,0.67,1
1770809641.2339034,143,39,0.2469,60,0.17,0.3,1
1770809641.2822268,1,0,0.902,4174,1.08,1.49,1
1770809641.2822697,81,56,0.7336,1356,1.79,0.65,1
1770809641.3304298,1,0,0.8823,4176,4.13,1.48,1
1770809641.3304718,81,56,0.707,1358,1.62,0.63,1
1770809641.3304887,143,39,0.2885,64,0.08,0.33,1
1770809641.3305993,1,0,0.8823,4178,0,1.48,1
1770809641.3306184,81,56,0.707,1360,0,0.63,1
1770809641.3306327,143,39,0.2885,66,0,0.33,1
1770809641.382802,1,0,0.8938,4180,2.08,1.48,1
1770809641.382853,81,56,0.768,1362,3.7,0.68,1
1770809641.4361255,1,0,0.906,4182,1.86,1.49,1
1770809641.4361696,81,56,0.8022,1364,1.7,0.69,1
1770809641.4902382,1,0,0.9118,4184,0.73,1.5,1
1770809641.4902923,81,56,0.7163,1366,0.25,0.7,1
1770809641.5421412,1,0,0.9119,4186,0.71,1.49,1
1770809641.5421944,81,56,0.7526,1368,0.62,0.69,1
1770809641.5916488,1,0,0.9064,4188,0.83,1.5,1
1770809641.5916996,81,56,0.7642,1370,2.17,0.71,1
1770809641.6463532,1,0,0.9047,4190,0.53,1.5,1
1770809641.6464045,81,56,0.7085,1372,2.51,0.68,1
1770809641.702584,1,0,0.9086,4192,0.83,1.49,1
1770809641.702634,81,56,0.7159,1374,1.52,0.68,1
1770809641.7543051,1,0,0.9046,4194,0.76,1.48,1
1770809641.7543566,81,56,0.7987,1376,0.58,0.7,1
1770809641.8073623,1,0,0.9044,4196,3.18,1.48,1
1770809641.8074048,81,56,0.6855,1378,1.52,0.68,1
1770809641.8600547,1,0,0.8984,4198,3.49,1.49,1
1770809641.8600984,81,56,0.7844,1380,1.7,0.67,1
1770809641.8601155,143,39,0.3743,86,0.26,0.31,1
1770809641.914796,1,0,0.9283,4200,1.17,1.49,1
1770809641.9148483,81,56,0.749,1382,2.78,0.69,1
1770809641.9148705,143,39,0.1967,88,0.63,0.32,0
1770809641.915012,1,0,0.9283,4202,0,1.49,1
1770809641.9150362,81,56,0.749,1384,0,0.69,1
1770809641.915055,143,39,0.1967,90,0,0.32,0
1770809641.9677427,1,0,0.9106,4204,2.08,1.49,1
1770809641.967795,81,56,0.7553,1386,0.59,0.7,1
1770809642.0207024,1,0,0.9089,4206,1.42,1.48,1
1770809642.0207446,81,56,0.8118,1388,1.39,0.71,1
1770809642.0207603,143,39,0.3429,94,0.26,0.31,1
1770809642.0769217,1,0,0.898,4208,1.76,1.48,1
1770809642.076975,81,56,0.7196,1390,6.76,0.64,1
1770809642.130084,1,0,0.9051,4210,2.4,1.48,1
1770809642.1301262,81,56,0.809,1392,4.4,0.69,1
1770809642.182191,1,0,0.9133,4212,0.06,1.48,1
1770809642.182233,81,56,0.7475,1394,1.06,0.67,1
1770809642.2360466,1,0,0.8952,4214,2.25,1.47,1
1770809642.236091,81,56,0.8224,1396,2.88,0.7,1
1770809642.2855332,1,0,0.8908,4216,1.69,1.46,1
1770809642.285575,81,56,0.7725,1398,2.96,0.74,1
1770809642.3343914,1,0,0.8934,4218,0.47,1.46,1
1770809642.3344352,81,56,0.7676,1400,0.71,0.73,1
1770809642.3857105,1,0,0.8974,4220,0.8,1.46,1
1770809642.3857598,81,56,0.6985,1402,5.79,0.67,1
1770809642.4387794,1,0,0.8812,4222,0.38,1.46,1
1770809642.4388225,81,56,0.8289,1404,4.47,0.71,1
1770809642,1,0,0.8959,4224,0.27,1.46,1
1770809642.4868035,81,56,0.8021,1406,1.25,0.72,1
1770809642.5402925,1,0,0.8996,4226,0.58,1.46,1
1770809642.5403454,81,56,0.8321,1408,1.41,0.74,1
1770809642.5880156,1,0,0.9027,4228,0.06,1.46,1
1770809642.5880575,81,56,0.7238,1410,0.6,0.75,1
1770809642.6426768,1,0,0.9033,4230,1.72,1.44,1
1770809642.6427288,81,56,0.6278,1412,0.36,0.74,1
1770809642.6970437,1,0,0.9091,4232,2.25,1.44,1
1770809642.697095,81,56,0.811,1414,2.16,0.72,1
1770809642.746306,1,0,0.9114,4234,2.09,1.44,1
1770809642.7463489,81,56,0.513,1416,0.75,0.72,1
1770809642.8019793,1,0,0.9085,4236,1.03,1.45,1
1770809642.8020272,81,56,0.8191,1418,0.88,0.73,1
1770809642.8497474,1,0,0.911,4238,1.24,1.45,1
1770809642.8497896,81,56,0.7744,1420,2.97,0.7,1
1770809642.900201,1,0,0.9058,4240,1.54,1.47,1
1770809642.9002488,81,56,0.8232,1422,1.46,0.72,1
1770809642.9524105,1,0,0.9091,4242,4.82,1.5,1
1770809642.9524522,81,56,0.8066,1424,1.21,0.71,1
1770809643,1,0,0.8967,4244,3.87,1.48,1
1770809643.010651,81,56,0.8675,1426,1.05,0.73,1
1770809643.0636938,1,0,0.8886,4246,1.01,1.49,1
1770809643.0637348,81,56,0.8076,1428,0.89,0.71,1
1770809643.118374,1,0,0.8956,4248,2.99,1.47,1
1770809643.1184192,81,56,0.783,1430,1.16,0.71,1
1770809643.1716597,1,0,0.897,4250,5.57,1.47,1
1770809643.1717017,81,56,0.8243,1432,0.12,0.71,1
1770809643.225962,1,0,0.897,4252,4.28,1.45,1
1770809643.2260032,81,56,0.6817,1434,0.85,0.71,1
1770809643.2760324,1,0,0.8973,4254,2.92,1.44,1
1770809643.2760792,81,56,0.8214,1436,0.88,0.73,1
1770809643,1,0,0.8948,4256,2.49,1.42,1
1770809643.330732,81,56,0.8337,1438,3.35,0.69,1
1770809643.3772857,1,0,0.8948,4258,1.04,1.42,1
1770809643.3773315,81,56,0.8337,1440,0.97,0.68,1
1770809643.431937,1,0,0.8908,4260,0.59,1.42,1
1770809643.431988,81,56,0.816,1442,3.67,0.66,1
1770809643.4856918,1,0,0.9056,4262,2.59,1.44,1
1770809643.4857564,81,56,0.7973,1444,2.68,0.68,1
1770809643.5364797,1,0,0.9103,4264,5.49,1.45,1
1770809643.5365214,81,56,0.8559,1446,1.24,0.69,1
1770809644,1,0,0.9155,4266,8.72,1.41,1
1770809643.587043,81,56,0.8732,1448,2.11,0.68,1
1770809643.6370368,1,0,0.894,4268,3.72,1.39,1
1770809643.6370895,81,56,0.8538,1450,0.5,0.66,1
1770809643.688496,1,0,0.8872,4270,2.78,1.38,1
1770809643.6885378,81,56,0.8499,1452,0.31,0.67,1
1770809643.7414193,1,0,0.8981,4272,2.47,1.37,1
1770809643.7414625,81,56,0.8518,1454,1.39,0.67,1
1770809643.7953334,1,0,0.9015,4274,1.49,1.36,1
1770809643.7953844,81,56,0.8775,1456,0.34,0.68,1
1770809643.8474133,1,0,0.8876,4276,0.33,1.36,1
1770809643.8474555,81,56,0.8928,1458,0.79,0.68,1
1770809643.8999424,1,0,0.8968,4278,0.99,1.36,1
1770809643.899997,81,56,0.874,1460,0.47,0.68,1
1770809643.9571047,1,0,0.8916,4280,0.48,1.37,1
1770809643.957152,81,56,0.8586,1462,0.37,0.68,1
1770809644.008059,1,0,0.8909,4282,0.16,1.37,1
1770809644.0081117,81,56,0.8698,1464,0.81,0.69,1
1770809644.0618782,1,0,0.8897,4284,0.25,1.37,1
1770809644,81,56,0.8603,1466,1.38,0.69,1
1770809644.112445,1,0,0.898,4286,1.13,1.38,1
1770809644.1124873,81,56,0.8284,1468,2.66,0.68,1
1770809644.1654031,1,0,0.8885,4288,0.38,1.38,1
1770809644.1654484,81,56,0.8551,1470,0.34,0.67,1
1770809644.2168546,1,0,0.8885,4290,0.15,1.38,1
1770809644.2168975,81,56,0.8551,1472,0.12,0.66,1
1770809644.268591,1,0,0.902,4292,1.31,1.38,1
1770809644.2686436,81,56,0.8748,1474,1.16,0.66,1
1770809644.3176258,1,0,0.8904,4294,1.06,1.37,1
1770809644.3176672,81,56,0.8743,1476,0.73,0.66,1
1770809644,1,0,0.8995,4296,1.23,1.38,1
1770809644.368363,81,56,0.8615,1478,1.91,0.68,1
1770809644.4182806,1,0,0.899,4298,0.84,1.37,1
1770809644.4183238,81,56,0.8582,1480,1.48,0.68,1
1770809644.4664848,1,0,0.9002,4300,3.03,1.38,1
1770809644.4665258,81,56,0.835,1482,0.62,0.68,1
1770809644.5200872,1,0,0.9084,4302,0.62,1.37,1
1770809644.5201297,81,56,0.8834,1484,0.6,0.68,1
1770809645,1,0,0.9007,4304,0.57,1.38,1
1770809644.5704432,81,56,0.8389,1486,1.76,0.68,1
1770809644.6200323,1,0,0.9114,4306,0.31,1.37,1
1770809644.620074,81,56,0.8397,1488,0.43,0.68,1
1770809644.674965,1,0,0.9112,4308,0.21,1.37,1
1770809644.675015,81,56,0.8543,1490,0.44,0.68,1
1770809644.7268662,1,0,0.9057,4310,4.33,1.36,1
1770809644.7269082,81,56,0.8697,1492,0.8,0.67,1
1770809644.776331,1,0,0.8997,4312,2.38,1.35,1
1770809644.776373,81,56,0.8777,1494,0.52,0.67,1
1770809644.8341084,1,0,0.8988,4314,1.75,1.34,1
1770809644.834161,81,56,0.8947,1496,0.86,0.67,1
1770809644.8908992,1,0,0.8999,4316,1.29,1.34,1
1770809644.8909523,81,56,0.8896,1498,1.07,0.68,1
1770809644.9485922,1,0,0.9019,4318,0.58,1.35,1
1770809644.9486437,81,56,0.8584,1500,0.94,0.67,1
1770809645.004266,1,0,0.8949,4320,0.34,1.35,1
1770809645.0043085,81,56,0.8376,1502,0.74,0.67,1
1770809645.057642,1,0,0.8955,4322,0.65,1.35,1
1770809645.057694,81,56,0.8671,1504,0.5,0.67,1
1770809645.1056914,1,0,0.9004,4324,0.89,1.35,1
1770809645.1057334,81,56,0.8297,1506,1.36,0.67,1
1770809645.1584194,1,0,0.8838,4326,0.69,1.35,1
1770809645.158468,81,56,0.7706,1508,1.52,0.67,1
1770809645,1,0,0.8904,4328,2.68,1.37,1
1770809645.211713,81,56,0.8713,1510,1.61,0.68,1
1770809645.2639654,1,0,0.8874,4330,1.33,1.36,1
1770809645.2640083,81,56,0.8126,1512,1.01,0.67,1
1770809645.3155973,1,0,0.8839,4332,1.89,1.38,1
1770809645.315638,81,56,0.7948,1514,1.05,0.67,1
1770809645.367705,1,0,0.8814,4334,1.66,1.37,1
1770809645.367757,81,56,0.8451,1516,0.75,0.67,1
1770809645.419659,1,0,0.8815,4336,2.35,1.39,1
1770809645.4197018,81,56,0.8555,1518,0.91,0.66,1
1770809645.4727874,1,0,0.8855,4338,2.33,1.38,1
1770809645.472829,81,56,0.8744,1520,0.6,0.66,1
1770809645.5225804,1,0,0.8644,4340,5.56,1.42,1
1770809645.5226245,81,56,0.8351,1522,0.6,0.67,1
1770809645.5769837,1,0,0.8781,4342,1.21,1.43,1
1770809645.5770285,81,56,0.8587,1524,0.39,0.67,1
1770809645.6252513,1,0,0.8855,4344,0.6,1.43,1
1770809645.6252947,81,56,0.8561,1526,1.97,0.69,1
1770809645.6709423,1,0,0.8574,4346,3.36,1.41,1
1770809645.671002,81,56,0.7718,1528,1.65,0.7,1
1770809645.720624,1,0,0.8843,4348,1.8,1.42,1
1770809645.7206657,81,56,0.7924,1530,2.59,0.68,1
1770809645.770681,1,0,0.8781,4350,3.49,1.4,1
1770809645.7707229,81,56,0.7954,1532,1.39,0.67,1
1770809645.8212872,1,0,0.8744,4352,1.21,1.4,1
1770809645.821328,81,56,0.8609,1534,0.43,0.67,1
1770809645.874561,1,0,0.8856,4354,1.05,1.41,1
1770809645.8746057,81,56,0.8385,1536,2.43,0.69,1
1770809645.9300122,1,0,0.889,4356,0.66,1.41,1
1770809645.930066,81,56,0.8634,1538,2.46,0.68,1
1770809645.982572,1,0,0.8858,4358,2.15,1.39,1
1770809645.982652,81,56,0.7646,1540,1.25,0.68,1
1770809646.0354817,1,0,0.8808,4360,1.08,1.38,1
1770809646.035529,81,56,0.7905,1542,0.51,0.68,1
1770809646.0887897,1,0,0.8998,4362,1.81,1.37,1
1770809646.088832,81,56,0.8571,1544,0.05,0.68,1
1770809646.1372523,1,0,0.8963,4364,1.32,1.37,1
1770809646.137294,81,56,0.869,1546,0.21,0.67,1
1770809646.184601,1,0,0.8941,4366,1.76,1.36,1
1770809646.1846435,81,56,0.8308,1548,0.34,0.67,1
1770809646.2388844,1,0,0.8994,4368,0.99,1.35,1
1770809646.238935,81,56,0.8867,1550,0.47,0.68,1
1770809646.292874,1,0,0.8987,4370,0.6,1.35,1
1770809646.2929263,81,56,0.8715,1552,1.11,0.67,1
1770809646.3479114,1,0,0.8979,4372,0.47,1.35,1
1770809646.347962,81,56,0.8302,1554,1.09,0.67,1
1770809646.4015453,1,0,0.8958,4374,2.61,1.36,1
1770809646.401595,81,56,0.8789,1556,0.91,0.67,1
1770809646.453954,1,0,0.9038,4376,0.83,1.36,1
1770809646.4540074,81,56,0.8401,1558,1.01,0.69,1
1770809646.5069551,1,0,0.9004,4378,1.13,1.36,1
1770809646.5069962,81,56,0.8841,1560,0.26,0.68,1
1770809646.5589013,1,0,0.9057,4380,0.37,1.36,1
1770809646.558944,81,56,0.8463,1562,0.96,0.68,1
1770809646.6134348,1,0,0.901,4382,1.82,1.37,1
1770809646.6134834,81,56,0.825,1564,0.74,0.67,1
1770809646.668612,1,0,0.8955,4384,0.4,1.38,1
1770809646.6686563,81,56,0.8705,1566,0.48,0.67,1
1770809646.7253835,1,0,0.8929,4386,0.55,1.38,1
1770809646.725434,81,56,0.8298,1568,0.8,0.68,1
1770809646.7755291,1,0,0.8871,4388,2.82,1.37,1
1770809646.775571,81,56,0.8615,1570,0.72,0.68,1
1770809646.828213,1,0,0.888,4390,2.49,1.39,1
1770809646.8282557,81,56,0.8718,1572,0.83,0.67,1
1770809646.8771358,1,0,0.8834,4392,2.48,1.4,1
1770809646.8771782,81,56,0.8347,1574,0.61,0.67,1
1770809646.9242682,1,0,0.8746,4394,1.07,1.39,1
1770809646.9243107,81,56,0.8568,1576,1.12,0.68,1
1770809646.9755485,1,0,0.8856,4396,2.66,1.41,1
1770809646.975593,81,56,0.8198,1578,0.72,0.67,1
1770809647.0279558,1,0,0.8658,4398,1.39,1.42,1
1770809647.0280073,81,56,0.8371,1580,1.99,0.68,1
1770809647.078463,1,0,0.8813,4400,2.45,1.39,1
1770809647.078513,81,56,0.8459,1582,0.28,0.69,1
1770809647.134895,1,0,0.8921,4402,1.85,1.38,1
1770809647.1349473,81,56,0.8357,1584,0.91,0.68,1
1770809647.191711,1,0,0.8835,4404,2.94,1.38,1
1770809647.1917613,81,56,0.8603,1586,1.85,0.67,1
1770809647.241125,1,0,0.8797,4406,1.94,1.39,1
1770809647.2411673,81,56,0.8513,1588,2.14,0.68,1
1770809647.294547,1,0,0.885,4408,2.01,1.37,1
1770809647.2945902,81,56,0.858,1590,1.63,0.67,1
1770809647.3560374,1,0,0.8938,4410,2.2,1.37,1
1770809647.3560977,81,56,0.8958,1592,0.41,0.68,1
1770809647.4184375,1,0,0.8938,4412,0.86,1.37,1
1770809647.418483,81,56,0.8862,1594,1.26,0.68,1
1770809647.4746554,1,0,0.8965,4414,0.72,1.37,1
1770809647.4746969,81,56,0.8367,1596,0.3,0.67,1
1770809647.5209663,1,0,0.8973,4416,0.81,1.36,1
1770809647.5210114,81,56,0.8949,1598,0.32,0.68,1
1770809647.569485,1,0,0.896,4418,1.34,1.37,1
1770809647.569535,81,56,0.8893,1600,0.63,0.68,1
1770809647.620494,1,0,0.8988,4420,2.2,1.39,1
1770809647.6205385,81,56,0.855,1602,0.64,0.66,1
1770809647.6748726,1,0,0.8863,4422,1.78,1.38,1
1770809647.6749277,81,56,0.8729,1604,0.98,0.66,1
1770809647.7268662,1,0,0.894,4424,1.97,1.38,1
1770809647.726906,81,56,0.8828,1606,1.6,0.67,1
1770809647.7806168,1,0,0.8843,4426,0.57,1.37,1
1770809647.7806587,81,56,0.9041,1608,0.34,0.67,1
1770809647.8349414,1,0,0.8961,4428,0.22,1.37,1
1770809647.8349905,81,56,0.8731,1610,0.74,0.68,1
1770809647.8897235,1,0,0.8807,4430,0.53,1.38,1
1770809647.8897746,81,56,0.8498,1612,1.36,0.68,1
1770809647.9462738,1,0,0.8657,4432,1.6,1.39,1
1770809647.946325,81,56,0.8741,1614,0.21,0.68,1
1770809647.994892,1,0,0.8704,4434,0.58,1.39,1
1770809647.9949348,81,56,0.8674,1616,0.52,0.69,1
1770809648.0500045,1,0,0.8866,4436,0.96,1.4,1
1770809648.0500562,81,56,0.8183,1618,1.01,0.7,1
1770809648.102208,1,0,0.9012,4438,1.04,1.39,1
1770809648.1022615,81,56,0.8797,1620,1.37,0.68,1
1770809648.1529913,1,0,0.8893,4440,1.4,1.4,1
1770809648.153045,81,56,0.8569,1622,0.84,0.69,1
1770809648.200913,1,0,0.8958,4442,1.07,1.4,1
1770809648.2009652,81,56,0.8483,1624,1.9,0.67,1
1770809648.2523272,1,0,0.8921,4444,0.77,1.41,1
1770809648.252382,81,56,0.8408,1626,0.93,0.66,1
1770809648.3023217,1,0,0.8933,4446,1,1.41,1
1770809648.3023715,81,56,0.8829,1628,0.1,0.66,1
1770809648.3518884,1,0,0.8829,4448,1.4,1.39,1
1770809648.3519323,81,56,0.8434,1630,1.57,0.68,1
1770809648,1,0,0.8729,4450,1.34,1.38,1
1770809648.402851,81,56,0.8604,1632,0.57,0.69,1
1770809648.4603713,1,0,0.8909,4452,1.15,1.38,1
1770809648,81,56,0.8472,1634,1.55,0.67,1
1770809648.513087,1,0,0.8855,4454,1.31,1.39,1
1770809648.513141,81,56,0.8941,1636,0.99,0.68,1
1770809648.5603652,1,0,0.8938,4456,1.41,1.38,1
1770809648.5604184,81,56,0.8084,1638,0.47,0.68,1
1770809648.6119635,1,0,0.8985,4458,1.76,1.37,1
1770809648.612016,81,56,0.8293,1640,0.64,0.66,1
1770809648.6657753,1,0,0.9014,4460,0.69,1.37,1
1770809648.6658258,81,56,0.8825,1642,0.67,0.65,1
1770809648.7183273,1,0,0.8925,4462,1.03,1.37,1
1770809648.7183683,81,56,0.8591,1644,0.68,0.67,1
1770809648.771106,1,0,0.9017,4464,0.75,1.37,1
1770809648.7711473,81,56,0.8795,1646,0.63,0.68,1
1770809648.8222032,1,0,0.901,4466,1.14,1.36,1
1770809648.8222475,81,56,0.8705,1648,0.56,0.67,1
1770809648.8768785,1,0,0.9047,4468,2.27,1.38,1
1770809649,81,56,0.8555,1650,0.47,0.68,1
1770809648.9284024,1,0,0.895,4470,1.2,1.37,1
1770809648.9284534,81,56,0.8623,1652,0.48,0.67,1
1770809648.9768784,1,0,0.9034,4472,1.38,1.36,1
1770809649,81,56,0.8121,1654,0.74,0.67,1
1770809649.0327904,1,0,0.818,4474,36.26,1.22,1
1770809649.0328364,81,56,0.8366,1656,1.48,0.67,1
1770809649.0883808,1,0,0.7835,4476,21.82,1.11,1
1770809649.0884306,81,56,0.7971,1658,1.6,0.69,1
1770809649.1387904,1,0,0.6812,4478,37.04,1.28,1
1770809649.1388335,81,56,0.8287,1660,1.87,0.67,1
1770809649.192876,1,0,0.8118,4480,13.71,1.34,1
1770809649.1929188,81,56,0.8209,1662,0.6,0.67,1
1770809649.2452352,1,0,0.8235,4482,3.7,1.36,1
1770809649.2452848,81,56,0.833,1664,0.3,0.67,1
1770809649.2966225,1,0,0.8539,4484,2.06,1.39,1
1770809649.2966754,81,56,0.8409,1666,0.43,0.67,1
1770809649.3502622,1,0,0.857,4486,1.09,1.39,1
1770809649.3503036,81,56,0.8934,1668,2.9,0.71,1
1770809649,1,0,0.8733,4488,2.27,1.38,1
1770809649.4037905,81,56,0.8104,1670,0.54,0.72,1
1770809649.403808,158,39,0.9071,0,0,0.34,0
1770809649.4038231,159,67,0.3687,0,0,0.35,1
1770809649.4039333,1,0,0.8733,4490,0,1.38,1
1770809649.4039514,81,56,0.8104,1672,0,0.72,1
1770809649.4039657,158,39,0.9071,2,0,0.34,0
1770809649.4039795,159,67,0.3687,2,0,0.35,1
1770809649.4550245,1,0,0.8958,4492,2.2,1.4,1
1770809649.4550655,81,56,0.8639,1674,1.12,0.71,1
1770809649.455082,158,39,0.9008,4,2.09,0.34,0
1770809649.4550977,159,67,0.2886,4,3.26,0.34,1
1770809649.4552069,1,0,0.8958,4494,0,1.4,1
1770809649.455226,81,56,0.8639,1676,0,0.71,1
1770809649.4552402,158,39,0.9008,6,0,0.34,0
1770809649.455254,159,67,0.2886,6,0,0.34,1
1770809649.503498,1,0,0.8904,4496,0.99,1.4,1
1770809649.5035448,81,56,0.8513,1678,0.51,0.71,1
1770809649.5035615,158,40,0.1503,8,4.36,0.36,0
1770809649.5035765,159,39,0.9093,8,2.19,0.35,1
1770809649.5036905,1,0,0.8904,4498,0,1.4,1
1770809649.503709,81,56,0.8513,1680,0,0.71,1
1770809649.5037234,158,40,0.1503,10,0,0.36,0
1770809649.5037367,159,39,0.9093,10,0,0.35,1
1770809649.555148,1,0,0.8759,4500,2.74,1.4,1
1770809649.555199,81,56,0.8572,1682,2.03,0.68,1
1770809650,158,40,0.1917,12,4.03,0.38,0
1770809649.5552397,159,39,0.8966,12,2.89,0.34,1
1770809649.5553782,1,0,0.8759,4502,0,1.4,1
1770809649.5554018,81,56,0.8572,1684,0,0.68,1
1770809649.555422,158,40,0.1917,14,0,0.38,0
1770809649.555441,159,39,0.8966,14,0,0.34,1
1770809649.6028993,1,0,0.8753,4504,0.91,1.39,1
1770809649.6029403,81,56,0.822,1686,0.99,0.69,1
1770809649.6029563,158,40,0.1587,16,1.43,0.39,0
1770809649.6029716,159,39,0.8641,16,0.15,0.34,1
1770809649.6030807,1,0,0.8753,4506,0,1.39,1
1770809650,81,56,0.822,1688,0,0.69,1
1770809649.6031137,158,40,0.1587,18,0,0.39,0
1770809649.6031272,159,39,0.8641,18,0,0.34,1
1770809649.656352,1,0,0.8862,4508,0.07,1.39,1
1770809649.6564047,81,56,0.8416,1690,2.24,0.68,1
1770809649.6564276,158,67,0.3266,20,0.91,0.39,0
1770809649.6564486,159,39,0.9144,20,0.69,0.35,1
1770809649.6565926,1,0,0.8862,4510,0,1.39,1
1770809649.6566164,81,56,0.8416,1692,0,0.68,1
1770809649.656637,158,67,0.3266,22,0,0.39,0
1770809649.6566565,159,39,0.9144,22,0,0.35,1
1770809649.708943,1,0,0.8661,4512,1.45,1.39,1
1770809649.7089856,81,56,0.8479,1694,1.92,0.69,1
1770809649.7090018,158,67,0.3267,24,0.3,0.39,0
1770809649.7090166,159,39,0.8919,24,1.37,0.35,1
1770809649.709126,1,0,0.8661,4514,0,1.39,1
1770809649.7091448,81,56,0.8479,1696,0,0.69,1
1770809649.7091584,158,67,0.3267,26,0,0.39,1
1770809649.7091718,159,39,0.8919,26,0,0.35,1
1770809649.7602315,1,0,0.8842,4516,0.6,1.39,1
1770809649.7602737,81,56,0.8393,1698,0.33,0.69,1
1770809649.7602906,158,67,0.2875,28,0.64,0.39,1
1770809649.7603054,159,39,0.8954,28,0.82,0.35,1
1770809649.7604165,1,0,0.8842,4518,0,1.39,1
1770809649.760435,81,56,0.8393,1700,0,0.69,1
1770809650,158,67,0.2875,30,0,0.39,1
1770809649.7604637,159,39,0.8954,30,0,0.35,1
1770809649.8144438,1,0,0.8679,4520,3.22,1.37,1
1770809649.8144956,81,56,0.8702,1702,1.46,0.68,1
1770809649.814517,159,39,0.8776,32,0.14,0.35,1
1770809649.814657,1,0,0.8679,4522,0,1.37,1
1770809649.8146806,81,56,0.8702,1704,0,0.68,1
1770809649.8146994,159,39,0.8776,34,0,0.35,1
1770809649.8670602,1,0,0.8737,4524,1.26,1.39,1
1770809649.8671107,81,56,0.8078,1706,0.71,0.68,1
1770809649.867132,159,39,0.8748,36,1.08,0.35,1
1770809649.9223168,1,0,0.8744,4526,1.19,1.39,1
1770809649.9223692,81,56,0.8607,1708,1.21,0.67,1
1770809649.9223907,159,39,0.9024,38,1.34,0.34,1
1770809650,1,0,0.8744,4528,0,1.39,1
1770809649.922554,81,56,0.8607,1710,0,0.67,1
1770809649.9225738,159,39,0.9024,40,0,0.34,1
1770809649.9762094,1,0,0.8608,4530,1.52,1.39,1
1770809649.9762588,81,56,0.8349,1712,1.19,0.68,1
1770809649.9762802,159,39,0.8894,42,1.13,0.34,1
1770809650,1,0,0.8813,4532,1.83,1.4,1
1770809650.029782,81,56,0.7971,1714,0.52,0.66,1
1770809650.029804,159,39,0.872,44,0.22,0.34,1
1770809650.0298245,162,67,0.4537,0,0,0.36,0
1770809650,1,0,0.8813,4534,0,1.4,1
1770809650.029996,81,56,0.7971,1716,0,0.66,1
1770809650.030049,159,39,0.872,46,0,0.34,1
1770809650.030071,162,67,0.4537,2,0,0.36,0
1770809650.0853393,1,0,0.8868,4536,0.66,1.4,1
1770809650.0853825,81,56,0.8195,1718,1.13,0.68,1
1770809650.0853996,159,39,0.8696,48,0.35,0.34,1
1770809650.085509,1,0,0.8868,4538,0,1.4,1
1770809650.085528,81,56,0.8195,1720,0,0.68,1
1770809650.0855415,159,39,0.8696,50,0,0.34,1
1770809650.1360953,1,0,0.895,4540,0.3,1.4,1
1770809650.1361454,81,56,0.8707,1722,0.38,0.68,1
1770809650.136168,159,39,0.8514,52,0.88,0.35,1
1770809650.1890414,1,0,0.8785,4542,1.63,1.4,1
1770809650.189085,81,56,0.8418,1724,0.68,0.67,1
1770809650.189102,159,39,0.8602,54,0.85,0.35,1
1770809650.1892202,1,0,0.8785,4544,0,1.4,1
1770809650.1892393,81,56,0.8418,1726,0,0.67,1
1770809650.1892538,159,39,0.8602,56,0,0.35,1
1770809650.2414377,1,0,0.877,4546,1.28,1.4,1
1770809650.241499,81,56,0.8041,1728,0.32,0.67,1
1770809650.241522,159,39,0.8762,58,0.76,0.35,1
1770809650.2904048,1,0,0.8814,4548,3.49,1.38,1
1770809650.2904477,81,56,0.8807,1730,1.06,0.68,1
1770809650.290464,159,39,0.8373,60,11.55,0.36,1
1770809650.290575,1,0,0.8814,4550,0,1.38,1
1770809650.290594,81,56,0.8807,1732,0,0.68,1
1770809650.2906082,159,39,0.8373,62,0,0.36,1
1770809650.343013,1,0,0.8741,4552,3.32,1.39,1
1770809650.3430662,81,56,0.8239,1734,1.07,0.67,1
1770809650.343088,159,39,0.8777,64,5.51,0.35,1
1770809650.3917384,1,0,0.8831,4554,0.83,1.39,1
1770809650.391781,81,56,0.8762,1736,1.18,0.69,1
1770809650.391797,159,39,0.8199,66,1.38,0.35,1
1770809650.3919086,1,0,0.8831,4556,0,1.39,1
1770809650.3919277,81,56,0.8762,1738,0,0.69,1
1770809650.3919413,159,39,0.8199,68,0,0.35,1
1770809650.437168,1,0,0.8859,4558,2.31,1.38,1
1770809650.4372122,81,56,0.8825,1740,0.83,0.68,1
1770809650.4372282,159,39,0.8506,70,2.12,0.35,1
1770809650.4883225,1,0,0.8838,4560,1.56,1.39,1
1770809650.488366,81,56,0.8545,1742,1.69,0.7,1
1770809650.488383,159,39,0.8339,72,18.01,0.39,1
1770809650.4884984,1,0,0.8838,4562,0,1.39,1
1770809650.4885173,81,56,0.8545,1744,0,0.7,1
1770809650.488546,159,39,0.8339,74,0,0.39,1
1770809650.5397053,1,0,0.866,4564,1.52,1.41,1
1770809650.5397496,81,56,0.8688,1746,0.71,0.69,1
1770809650.5397673,159,39,0.8687,76,13.5,0.36,1
1770809650.5919538,1,0,0.8722,4566,3.03,1.39,1
1770809650.5920029,81,56,0.8179,1748,1.24,0.68,1
1770809650.5920246,159,39,0.857,78,4.63,0.35,1
1770809650.592166,1,0,0.8722,4568,0,1.39,1
1770809650.5921898,81,56,0.8179,1750,0,0.68,1
1770809650.592209,159,39,0.857,80,0,0.35,1
1770809650.644604,1,0,0.8765,4570,1.3,1.39,1
1770809650.6446545,81,56,0.8416,1752,2.19,0.69,1
1770809650.6446764,159,39,0.8249,82,8.98,0.37,1
1770809650.6977024,1,0,0.8836,4572,1.29,1.39,1
1770809650.697744,81,56,0.8366,1754,2.09,0.68,1
1770809650.6977606,159,39,0.8456,84,9.52,0.36,1
1770809650.697874,1,0,0.8836,4574,0,1.39,1
1770809650.6978934,81,56,0.8366,1756,0,0.68,1
1770809650.6979077,159,39,0.8456,86,0,0.36,1
1770809650.749849,1,0,0.8855,4576,1.02,1.39,1
1770809650.749899,81,56,0.8534,1758,0.74,0.67,1
1770809650.7499206,159,39,0.8273,88,2.91,0.34,1
1770809650.7978113,1,0,0.8827,4578,0.97,1.38,1
1770809650.7978537,81,56,0.8603,1760,1.2,0.69,1
1770809650.7978706,159,39,0.887,90,2.77,0.35,1
1770809650.7978857,170,67,0.368,0,0,0.38,1
1770809651,1,0,0.8827,4580,0,1.38,1
1770809650.7981684,81,56,0.8603,1762,0,0.69,1
1770809650.7981832,159,39,0.887,92,0,0.35,1
1770809650.7981973,170,67,0.368,2,0,0.38,1
1770809650.8468435,1,0,0.9069,4582,2.35,1.39,1
1770809650.8468945,81,56,0.9024,1764,1.48,0.68,1
1770809650.8469164,159,39,0.8306,94,1.97,0.34,1
1770809650.8469362,170,67,0.1798,4,4.6,0.35,0
1770809650.847129,1,0,0.9069,4584,0,1.39,1
1770809650.8471696,81,56,0.9024,1766,0,0.68,1
1770809650.847186,159,39,0.8306,96,0,0.34,1
1770809650.8472002,170,67,0.1798,6,0,0.35,0
1770809650.894646,1,0,0.8804,4586,0.77,1.4,1
1770809650.894689,81,56,0.8331,1768,0.22,0.68,1
1770809650.8947053,159,39,0.8484,98,0.28,0.34,1
1770809650.8947206,170,67,0.1557,8,1.46,0.34,0
1770809650.8948328,1,0,0.8804,4588,0,1.4,1
1770809650.8948517,81,56,0.8331,1770,0,0.68,1
1770809650.8948662,159,39,0.8484,100,0,0.34,1
1770809651,170,67,0.1557,10,0,0.34,0
1770809650.9448795,1,0,0.898,4590,1.14,1.39,1
1770809650.9449234,81,56,0.8566,1772,0.55,0.67,1
1770809650.9449396,159,39,0.8147,102,16.96,0.38,1
1770809650.9449546,170,67,0.2608,12,1.18,0.34,1
1770809650.9450662,1,0,0.898,4592,0,1.39,1
1770809650.9450853,81,56,0.8566,1774,0,0.67,1
1770809650.9450996,159,39,0.8147,104,0,0.38,1
1770809650.9451134,170,67,0.2608,14,0,0.34,1
1770809650.9995325,1,0,0.89,4594,0.88,1.4,1
1770809650.9995737,81,56,0.7868,1776,1.22,0.66,1
1770809650.9995894,159,67,0.22,106,14.98,0.36,1
1770809650.9996045,170,39,0.8316,16,1.39,0.34,1
1770809650.999714,1,0,0.89,4596,0,1.4,1
1770809650.9997325,81,56,0.7868,1778,0,0.66,1
1770809650.9997466,159,67,0.22,108,0,0.36,1
1770809650.9997604,170,39,0.8316,18,0,0.34,1
1770809651.053624,1,0,0.8847,4598,1.38,1.39,1
1770809651.0536754,81,56,0.8816,1780,0.63,0.65,1
1770809651.053697,159,67,0.1809,110,4.65,0.36,0
1770809651.0537188,170,39,0.8774,20,0.49,0.34,1
1770809651.0538611,1,0,0.8847,4600,0,1.39,1
1770809651.0538847,81,56,0.8816,1782,0,0.65,1
1770809651.0539036,159,67,0.1809,112,0,0.36,0
1770809651.053923,170,39,0.8774,22,0,0.34,1
1770809651.108615,1,0,0.9027,4602,2.38,1.39,1
1770809651.108664,81,56,0.826,1784,1.18,0.67,1
1770809651.1086867,159,67,0.3379,114,2.07,0.35,1
1770809651.1087074,170,39,0.8759,24,0.79,0.34,1
1770809651.1088474,1,0,0.9027,4604,0,1.39,1
1770809651.108871,81,56,0.826,1786,0,0.67,1
1770809651.1088924,159,67,0.3379,116,0,0.35,1
1770809651.108913,170,39,0.8759,26,0,0.34,1
1770809651.157644,1,0,0.8876,4606,0.77,1.39,1
1770809651.1576855,81,56,0.8858,1788,0.69,0.67,1
1770809651.1577022,159,39,0.8668,118,0.83,0.35,1
1770809651.1577177,170,67,0.2438,28,2.58,0.35,1
1770809651.1578262,1,0,0.8876,4608,0,1.39,1
1770809651.157845,81,56,0.8858,1790,0,0.67,1
1770809651.1578588,159,39,0.8668,120,0,0.35,1
1770809651.157872,170,67,0.2438,30,0,0.35,1
1770809651.209736,1,0,0.8759,4610,3.35,1.39,1
1770809651.2097857,81,56,0.8847,1792,0.53,0.67,1
1770809651.209807,159,39,0.9089,122,0.75,0.34,1
1770809651.2099452,1,0,0.8759,4612,0,1.39,1
1770809651.2099688,81,56,0.8847,1794,0,0.67,1
1770809651.2099876,159,39,0.9089,124,0,0.34,1
1770809651.2594876,1,0,0.8896,4614,0.6,1.4,1
1770809651.2595282,81,56,0.8168,1796,0.38,0.67,1
1770809651.2595448,159,39,0.918,126,4.93,0.35,1
1770809651.312526,1,0,0.8924,4616,0.21,1.39,1
1770809651.312576,81,56,0.8668,1798,0.75,0.68,1
1770809651.3125982,159,39,0.8398,128,2.9,0.34,1
1770809651.3127377,1,0,0.8924,4618,0,1.39,1
1770809651.3127615,81,56,0.8668,1800,0,0.68,1
1770809651.3127804,159,39,0.8398,130,0,0.34,1
1770809651.364945,1,0,0.8653,4620,0.58,1.39,1
1770809651.3649874,81,56,0.8009,1802,0.81,0.67,1
1770809651.365003,159,39,0.7876,132,5.58,0.36,1
1770809651.4159803,1,0,0.8764,4622,1.81,1.37,1
1770809651.4160316,81,56,0.8237,1804,0.33,0.67,1
1770809651.4160542,159,39,0.8517,134,2.85,0.35,1
1770809651.416195,1,0,0.8764,4624,0,1.37,1
1770809651.416218,81,56,0.8237,1806,0,0.67,1
1770809651.416238,159,39,0.8517,136,0,0.35,1
1770809651.4652257,1,0,0.7864,4626,2.13,1.4,1
1770809651.465268,81,56,0.8558,1808,0.47,0.67,1
1770809651.4652853,159,39,0.777,138,21.31,0.39,1
1770809651.515777,1,0,0.6646,4628,8.85,1.35,1
1770809651.5158174,81,56,0.8221,1810,2.2,0.68,1
1770809651.5753925,1,0,0.7576,4630,28.04,1.2,1
1770809651.5754364,81,56,0.855,1812,0.51,0.7,1
1770809651.6271996,1,0,0.8059,4632,8.02,1.15,1
1770809651.627251,81,56,0.8505,1814,1.21,0.69,1
1770809651.6838078,1,0,0.7932,4634,19.83,1.25,1
1770809651.683859,81,56,0.8644,1816,1.18,0.68,1
1770809652,1,0,0.8196,4636,16.35,1.33,1
1770809651.7362914,81,56,0.8503,1818,0.2,0.68,1
1770809651.7908356,1,0,0.8906,4638,8.04,1.37,1
1770809651.7908862,81,56,0.8769,1820,0.25,0.68,1
1770809651.848135,1,0,0.8921,4640,2.46,1.39,1
1770809651.8481858,81,56,0.8542,1822,0.32,0.69,1
1770809651.8958652,1,0,0.8752,4642,1.74,1.39,1
1770809651.8959064,81,56,0.8444,1824,0.94,0.69,1
1770809651.9488404,1,0,0.8981,4644,2.81,1.37,1
1770809651.9488838,81,56,0.8535,1826,1.47,0.69,1
1770809651.995823,1,0,0.879,4646,1.69,1.38,1
1770809651.9958663,81,56,0.8821,1828,0.38,0.68,1
1770809652.0464747,1,0,0.8793,4648,1.71,1.37,1
1770809652.046516,81,56,0.8373,1830,0.96,0.67,1
1770809652.1037428,1,0,0.881,4650,1.56,1.38,1
1770809652,81,56,0.8691,1832,0.15,0.68,1
1770809652.1530037,1,0,0.8809,4652,1.25,1.39,1
1770809652.153047,81,56,0.8606,1834,0.65,0.68,1
1770809652.2053306,1,0,0.8843,4654,2.6,1.37,1
1770809652.2053711,81,56,0.8882,1836,1.01,0.68,1
1770809652.2577262,1,0,0.8753,4656,0.83,1.37,1
1770809652.2577713,81,56,0.7068,1838,0.71,0.66,1
1770809652.3093202,1,0,0.8753,4658,0.28,1.36,1
1770809652.309363,81,56,0.7068,1840,0.28,0.66,1
1770809652.3557737,1,0,0.8875,4660,0.4,1.36,1
1770809652.3558197,81,56,0.8095,1842,0.64,0.66,1
1770809652.4015768,1,0,0.8855,4662,2.34,1.37,1
1770809652.4016228,81,56,0.8762,1844,0.43,0.66,1
1770809652.4475794,1,0,0.8752,4664,1.08,1.37,1
1770809652.447623,81,56,0.824,1846,0.33,0.66,1
1770809652.4919796,1,0,0.8787,4666,3.05,1.39,1
1770809652.4920218,81,56,0.8177,1848,2.63,0.68,1
1770809652.5431836,1,0,0.8906,4668,2.05,1.39,1
1770809652.5432372,81,56,0.8286,1850,1.1,0.67,1
1770809652.5916502,1,0,0.8686,4670,0.76,1.39,1
1770809652.5916927,81,56,0.8605,1852,1.07,0.67,1
1770809652.6370034,1,0,0.8846,4672,2.5,1.37,1
1770809652.637045,81,56,0.8171,1854,1.45,0.67,1
1770809652.688156,1,0,0.8704,4674,1.16,1.36,1
1770809652.6882043,81,56,0.8545,1856,0.43,0.66,1
1770809652.7402472,1,0,0.8901,4676,1.08,1.36,1
1770809652.740299,81,56,0.8464,1858,0.85,0.67,1
1770809652.787609,1,0,0.8898,4678,0.38,1.36,1
1770809652.7876506,81,56,0.8776,1860,0.57,0.67,1
1770809652.8386354,1,0,0.8957,4680,0.22,1.36,1
1770809652.8386853,81,56,0.8574,1862,0.43,0.67,1
1770809652.8913522,1,0,0.8865,4682,0.32,1.36,1
1770809652.8913996,81,56,0.8884,1864,1.33,0.67,1
1770809652.9394605,1,0,0.8696,4684,2.3,1.38,1
1770809652.939504,81,56,0.8258,1866,0.52,0.66,1
1770809652.9871304,1,0,0.8889,4686,1.39,1.37,1
1770809652.987173,81,56,0.8517,1868,0.92,0.67,1
1770809653.038025,1,0,0.8796,4688,0.63,1.37,1
1770809653.0380754,81,56,0.8044,1870,1.41,0.66,1
1770809653.088637,1,0,0.8725,4690,2.29,1.38,1
1770809653.0886805,81,56,0.8707,1872,0.94,0.67,1
1770809653.1421158,1,0,0.8826,4692,0.94,1.38,1
1770809653,81,56,0.873,1874,1.3,0.68,1
1770809653.188995,1,0,0.8854,4694,2.94,1.38,1
1770809653.1890378,81,56,0.8422,1876,1.1,0.67,1
1770809653.239103,1,0,0.8814,4696,0.51,1.38,1
1770809653.2391446,81,56,0.8718,1878,0.41,0.67,1
1770809653.2920363,1,0,0.9043,4698,4.19,1.36,1
1770809653.2920766,81,56,0.8716,1880,0.8,0.67,1
1770809653.3417523,1,0,0.8797,4700,2.02,1.37,1
1770809653.3417945,81,56,0.8396,1882,0.81,0.68,1
1770809653.3894002,1,0,0.8385,4702,3.25,1.36,1
1770809653.3894422,81,56,0.8582,1884,0.37,0.67,1
1770809653.4469445,1,0,0.8234,4704,40.9,1.15,1
1770809653.4469962,81,56,0.8118,1886,0.91,0.67,1
1770809653.5023866,1,0,0.7583,4706,19.44,1.05,1
1770809653.5024366,81,56,0.8732,1888,0.16,0.68,1
1770809653.502458,181,0,0.415,0,0,1.29,0
1770809653.5026016,1,0,0.7583,4708,0,1.05,1
1770809653.5026252,81,56,0.8732,1890,0,0.68,1
1770809653.5026443,181,0,0.415,2,0,1.29,0
1770809653.554737,1,0,0.5479,4710,43.07,1.24,1
1770809653.5547793,81,56,0.8842,1892,1.27,0.69,1
1770809653.5547967,181,0,0.1072,4,24.5,0.99,0
1770809653.6136909,1,0,0.9096,4712,15.71,1.34,1
1770809653.6137433,81,56,0.8248,1894,1,0.68,1
1770809653.662607,1,0,0.9109,4714,5.4,1.38,1
1770809653.6626492,81,56,0.8593,1896,0.78,0.67,1
1770809653.7118769,1,0,0.8999,4716,2.65,1.4,1
1770809653.7119265,81,56,0.8119,1898,0.99,0.66,1
1770809653.7119477,183,39,0.5245,0,0,0.37,1
1770809653.7120886,1,0,0.8999,4718,0,1.4,1
1770809653.7121122,81,56,0.8119,1900,0,0.66,1
1770809653.712131,183,39,0.5245,2,0,0.37,1
1770809653.764608,1,0,0.9035,4720,2.01,1.37,1
1770809653.7646608,81,56,0.8872,1902,0.56,0.67,1
1770809653.7646823,183,39,0.8682,4,3.13,0.36,1
1770809653.8140483,1,0,0.8995,4722,0.78,1.37,1
1770809653.8141084,81,56,0.7822,1904,0.29,0.67,1
1770809653.814135,183,39,0.8797,6,0.54,0.37,1
1770809653.8143196,1,0,0.8995,4724,0,1.37,1
1770809653.814355,81,56,0.7822,1906,0,0.67,1
1770809653.8143785,183,39,0.8797,8,0,0.37,1
1770809653.861094,1,0,0.9038,4726,1.86,1.37,1
1770809653.8611343,81,56,0.8643,1908,0.25,0.66,1
1770809653.8611507,183,39,0.8811,10,0.45,0.38,1
1770809653.9145434,1,0,0.892,4728,0.94,1.38,1
1770809653.9145925,81,56,0.8223,1910,0.39,0.66,1
1770809653.914615,183,39,0.8658,12,1.14,0.38,1
1770809653.914757,1,0,0.892,4730,0,1.38,1
1770809653.914781,81,56,0.8223,1912,0,0.66,1
1770809653.9148006,183,39,0.8658,14,0,0.38,1
1770809653.9610157,1,0,0.8998,4732,0.76,1.39,1
1770809653.9610586,81,56,0.8255,1914,0.78,0.65,1
1770809653.9610753,183,39,0.9048,16,4.11,0.38,1
1770809654.0133858,1,0,0.8996,4734,0.53,1.39,1
1770809654,81,56,0.875,1916,1.33,0.67,1
1770809654.0134609,183,39,0.8638,18,2.62,0.37,1
1770809654.013601,1,0,0.8996,4736,0,1.39,1
1770809654.0136244,81,56,0.875,1918,0,0.67,1
1770809654.0136871,183,39,0.8638,20,0,0.37,1
1770809654.0612323,1,0,0.882,4738,3.92,1.36,1
1770809654.0612752,81,56,0.8602,1920,0.71,0.68,1
1770809654.0612917,183,39,0.8625,22,1.52,0.37,1
1770809654.1111162,1,0,0.8868,4740,0.45,1.36,1
1770809654.1111715,81,56,0.8583,1922,0.21,0.67,1
1770809654.1111984,183,39,0.8812,24,0.57,0.38,1
1770809654.1113343,1,0,0.8868,4742,0,1.36,1
1770809654.1113548,81,56,0.8583,1924,0,0.67,1
1770809654.111369,183,39,0.8812,26,0,0.38,1
1770809654,1,0,0.9045,4744,3.31,1.38,1
1770809654.1583245,81,56,0.8391,1926,1,0.68,1
1770809654.1583416,183,39,0.8277,28,1.7,0.37,1
1770809654.207661,1,0,0.8867,4746,0.42,1.39,1
1770809654.207712,81,56,0.8436,1928,0.55,0.66,1
1770809654.207734,183,39,0.8604,30,1.91,0.38,1
1770809654.2078748,1,0,0.8867,4748,0,1.39,1
1770809654.207899,81,56,0.8436,1930,0,0.66,1
1770809654.2079198,183,39,0.8604,32,0,0.38,1
1770809654.2561386,1,0,0.9008,4750,0.94,1.38,1
1770809654.2561817,81,56,0.855,1932,0.8,0.67,1
1770809654.2561982,183,39,0.815,34,0.24,0.38,1
1770809654.3066225,1,0,0.8897,4752,3.35,1.35,1
1770809654.306672,81,56,0.8495,1934,0.46,0.67,1
1770809654.3066938,183,39,0.8884,36,0.68,0.38,1
1770809654.3068352,1,0,0.8897,4754,0,1.35,1
1770809654.306859,81,56,0.8495,1936,0,0.67,1
1770809654.3068786,183,39,0.8884,38,0,0.38,1
1770809654.3569183,1,0,0.8991,4756,1.04,1.38,1
1770809654.3569608,81,56,0.7968,1938,0.57,0.67,1
1770809654.3569777,183,39,0.8753,40,0.89,0.37,1
1770809654.4055035,1,0,0.8991,4758,0.38,1.39,1
1770809654.4055457,81,56,0.7968,1940,0.2,0.67,1
1770809654.4055626,183,39,0.8753,42,0.35,0.37,1
1770809654.4056742,1,0,0.8991,4760,0,1.39,1
1770809654.405694,81,56,0.7968,1942,0,0.67,1
1770809654.405708,183,39,0.8753,44,0,0.37,1
1770809654.4521558,1,0,0.8949,4762,1.17,1.39,1
1770809654.4521978,81,56,0.8776,1944,1.13,0.69,1
1770809654.4522169,183,39,0.8651,46,1.14,0.37,1
1770809654.503377,1,0,0.9078,4764,1.69,1.4,1
1770809654.5034268,81,56,0.821,1946,0.79,0.67,1
1770809654.5034487,183,39,0.8327,48,0.38,0.37,1
1770809654.5035908,1,0,0.9078,4766,0,1.4,1
1770809654.503615,81,56,0.821,1948,0,0.67,1
1770809654.5036335,183,39,0.8327,50,0,0.37,1
1770809654.5482838,1,0,0.8787,4768,1.61,1.38,1
1770809654.5483272,81,56,0.8578,1950,0.57,0.68,1
1770809654.5483432,183,39,0.9124,52,1.16,0.38,1
1770809655,1,0,0.8639,4770,1.58,1.36,1
1770809654.5984907,81,56,0.8659,1952,1.6,0.7,1
1770809654.5985126,183,39,0.8905,54,0.84,0.37,1
1770809654.598652,1,0,0.8639,4772,0,1.36,1
1770809654.598676,81,56,0.8659,1954,0,0.7,1
1770809654.5986948,183,39,0.8905,56,0,0.37,1
1770809654.645139,1,0,0.8953,4774,1.88,1.38,1
1770809654.645183,81,56,0.8707,1956,1.61,0.68,1
1770809654.6451995,183,39,0.8794,58,1.26,0.38,1
1770809654.690336,1,0,0.9027,4776,1.05,1.38,1
1770809654.6903777,81,56,0.8472,1958,0.59,0.68,1
1770809654.6903937,183,39,0.8585,60,0.65,0.37,1
1770809654.6905055,1,0,0.9027,4778,0,1.38,1
1770809654.6905246,81,56,0.8472,1960,0,0.68,1
1770809654.6905386,183,39,0.8585,62,0,0.37,1
1770809654.7423737,1,0,0.8921,4780,1.15,1.39,1
1770809654.7424242,81,56,0.8606,1962,1.1,0.69,1
1770809654.7424462,183,39,0.8861,64,0.6,0.38,1
1770809654.7953331,1,0,0.8872,4782,0.29,1.38,1
1770809654.7953768,81,56,0.882,1964,1.22,0.69,1
1770809654.7953937,183,39,0.9199,66,0.88,0.37,1
1770809654.795506,1,0,0.8872,4784,0,1.38,1
1770809654.795525,81,56,0.882,1966,0,0.69,1
1770809654.7955391,183,39,0.9199,68,0,0.37,1
1770809654.849738,1,0,0.9043,4786,0.91,1.38,1
1770809654.8497882,81,56,0.8397,1968,0.45,0.7,1
1770809654.8498096,183,39,0.8689,70,0.51,0.38,1
1770809654.9026985,1,0,0.8962,4788,1.16,1.39,1
1770809654.9027417,81,56,0.8195,1970,1.63,0.67,1
1770809654.902759,183,39,0.8858,72,1.63,0.38,1
1770809654.9028714,1,0,0.8962,4790,0,1.39,1
1770809654.902891,81,56,0.8195,1972,0,0.67,1
1770809654.9029047,183,39,0.8858,74,0,0.38,1
1770809654.9546418,1,0,0.9267,4792,0.48,1.38,1
1770809654.9546826,81,56,0.8748,1974,0.46,0.67,1
1770809654.9546993,183,39,0.7846,76,1.52,0.38,1
1770809655.0048373,1,0,0.903,4794,1.75,1.38,1
1770809655.0048883,81,56,0.8458,1976,0.95,0.67,1
1770809655.0049107,183,39,0.8943,78,0.53,0.38,1
1770809655.0050514,1,0,0.903,4796,0,1.38,1
1770809655.0050757,81,56,0.8458,1978,0,0.67,1
1770809655.0050955,183,39,0.8943,80,0,0.38,1
1770809655.0521834,1,0,0.9019,4798,1.04,1.38,1
1770809655.0522249,81,56,0.8865,1980,0.86,0.68,1
1770809655.0522406,183,39,0.9118,82,0.54,0.38,1
1770809655.100696,1,0,0.8866,4800,1.56,1.36,1
1770809655.1007383,81,56,0.8436,1982,2.16,0.66,1
1770809655.1007557,183,39,0.8875,84,0.38,0.38,1
1770809655.1008656,1,0,0.8866,4802,0,1.36,1
1770809655.1008844,81,56,0.8436,1984,0,0.66,1
1770809655.100899,183,39,0.8875,86,0,0.38,1
1770809655.153196,1,0,0.9011,4804,1.58,1.38,1
1770809655.1532383,81,56,0.866,1986,1.97,0.68,1
1770809655.1532545,183,39,0.8609,88,0.47,0.38,1
1770809655.2008188,1,0,0.9132,4806,1.11,1.38,1
1770809655.2008607,81,56,0.8502,1988,1.13,0.67,1
1770809655.2008774,183,39,0.8356,90,1.31,0.38,1
1770809655.2009935,1,0,0.9132,4808,0,1.38,1
1770809655.201013,81,56,0.8502,1990,0,0.67,1
1770809655.2010272,183,39,0.8356,92,0,0.38,1
1770809655.245573,1,0,0.9132,4810,0.38,1.38,1
1770809655.2456143,81,56,0.8502,1992,0.34,0.67,1
1770809655.245631,183,39,0.8356,94,0.53,0.38,1
1770809655.2979271,1,0,0.9095,4812,0.1,1.39,1
1770809655.2979734,81,56,0.8612,1994,0.46,0.67,1
1770809655.2979918,183,39,0.8131,96,1.06,0.38,1
1770809655.298138,1,0,0.9095,4814,0,1.39,1
1770809655.298176,81,56,0.8612,1996,0,0.67,1
1770809655.2982004,183,39,0.8131,98,0,0.38,1
1770809655.343953,1,0,0.9041,4816,1.36,1.39,1
1770809655.3440056,81,56,0.8373,1998,0.68,0.66,1
1770809655.344023,183,39,0.8509,100,5.54,0.4,1
1770809655.4095712,1,0,0.904,4818,1.17,1.39,1
1770809655.4096136,81,56,0.8605,2000,1.44,0.67,1
1770809655.4096315,183,39,0.7492,102,1.89,0.38,1
1770809655.409742,1,0,0.904,4820,0,1.39,1
1770809655.4097614,81,56,0.8605,2002,0,0.67,1
1770809655.4097762,183,39,0.7492,104,0,0.38,1
1770809655.4599068,1,0,0.9123,4822,1.09,1.39,1
1770809655.4599483,81,56,0.8518,2004,0.57,0.67,1
1770809655.4599645,183,39,0.7569,106,2.24,0.38,1
1770809655.5089643,1,0,0.8918,4824,0.84,1.39,1
1770809655.5090072,81,56,0.841,2006,0.17,0.68,1
1770809655.5090246,183,39,0.845,108,1.83,0.38,1
1770809655.5091364,1,0,0.8918,4826,0,1.39,1
1770809655.509156,81,56,0.841,2008,0,0.68,1
1770809655.5091708,183,39,0.845,110,0,0.38,1
1770809655.5581777,1,0,0.9021,4828,0.29,1.39,1
1770809656,81,56,0.8749,2010,0.5,0.68,1
1770809655.5582364,183,39,0.7127,112,1.96,0.37,1
1770809656,1,0,0.894,4830,1.29,1.39,1
1770809655.6060123,81,56,0.8405,2012,0.77,0.67,1
1770809656,183,39,0.7784,114,8.84,0.39,1
1770809655.6061456,1,0,0.894,4832,0,1.39,1
1770809655.6061652,81,56,0.8405,2014,0,0.67,1
1770809655.6061802,183,39,0.7784,116,0,0.39,1
1770809655.6533992,1,0,0.9159,4834,0.81,1.39,1
1770809655.653441,81,56,0.8129,2016,0.8,0.66,1
1770809655.653458,183,39,0.8301,118,5.41,0.39,1
1770809655.7013483,1,0,0.8865,4836,0.29,1.39,1
1770809655.7013905,81,56,0.8523,2018,0.9,0.68,1
1770809655.7014072,183,39,0.8262,120,6.16,0.4,1
1770809655.701519,1,0,0.8865,4838,0,1.39,1
1770809655.7015395,81,56,0.8523,2020,0,0.68,1
1770809655.701554,183,39,0.8262,122,0,0.4,1
1770809655.7536156,1,0,0.8875,4840,0.35,1.39,1
1770809655.7536583,81,56,0.8312,2022,0.47,0.68,1
1770809655.7536757,183,39,0.7416,124,3.01,0.41,1
1770809655.8041174,1,0,0.9224,4842,0.68,1.39,1
1770809655.804162,81,56,0.8672,2024,1.25,0.66,1
1770809655.8041787,183,39,0.4104,126,10.98,0.42,1
1770809655.8042924,1,0,0.9224,4844,0,1.39,1
1770809655.8043118,81,56,0.8672,2026,0,0.66,1
1770809655.8043258,183,39,0.4104,128,0,0.42,1
1770809655.8581886,1,0,0.708,4846,2.85,1.38,1
1770809655.8582325,81,56,0.84,2028,1.91,0.68,1
1770809655.908915,1,0,0.7714,4848,2.3,1.37,1
1770809655.9089572,81,56,0.8671,2030,0.8,0.68,1
1770809655.964961,1,0,0.6714,4850,3.06,1.37,1
1770809655.9650104,81,56,0.8804,2032,0.63,0.69,1
1770809656.0155463,1,0,0.806,4852,43.2,1.17,1
1770809656.0155978,81,56,0.8574,2034,0.5,0.68,1
1770809656.0721054,1,0,0.8422,4854,18.56,1.28,1
1770809656.0721595,81,56,0.8741,2036,0.39,0.68,1
1770809656.125079,1,0,0.879,4856,11.02,1.31,1
1770809656.1251194,81,56,0.7884,2038,1.24,0.68,1
1770809656.1769383,1,0,0.8724,4858,7.14,1.36,1
1770809656.176999,81,56,0.875,2040,1.38,0.67,1
1770809656.2254548,1,0,0.8566,4860,2.88,1.38,1
1770809656.2255268,81,56,0.8439,2042,0.46,0.66,1
1770809656.2765677,1,0,0.8799,4862,1.37,1.39,1
1770809656,81,56,0.8117,2044,1.03,0.67,1
1770809656.3216815,1,0,0.8976,4864,0.06,1.39,1
1770809656.3217254,81,56,0.8028,2046,0.76,0.69,1
1770809656.366321,1,0,0.8821,4866,0.4,1.39,1
1770809656.3663778,81,56,0.8734,2048,0.59,0.68,1
1770809656.4120362,1,0,0.8955,4868,0.83,1.39,1
1770809656.4120784,81,56,0.8139,2050,1.17,0.67,1
1770809656.4579902,1,0,0.8766,4870,2.01,1.38,1
1770809656.4580312,81,56,0.824,2052,1.43,0.67,1
1770809656.5098002,1,0,0.8839,4872,1.26,1.39,1
1770809656.509856,81,56,0.8157,2054,1.05,0.67,1
1770809656.5580823,1,0,0.8868,4874,1.11,1.39,1
1770809656.558139,81,56,0.871,2056,1.43,0.69,1
1770809656.6103814,1,0,0.8875,4876,1.22,1.39,1
1770809656.6104252,81,56,0.866,2058,0.74,0.68,1
1770809656.659126,1,0,0.882,4878,0.77,1.39,1
1770809656.6591666,81,56,0.8572,2060,0.53,0.67,1
1770809656.7071378,1,0,0.8801,4880,0.29,1.39,1
1770809656.7071805,81,56,0.8788,2062,1.53,0.69,1
1770809656.7543547,1,0,0.8699,4882,0.24,1.39,1
1770809656.7543974,81,56,0.8542,2064,1.04,0.68,1
1770809656.8038838,1,0,0.8891,4884,2.13,1.38,1
1770809656.8039312,81,56,0.8357,2066,1.88,0.66,1
1770809656.853174,1,0,0.8696,4886,1.57,1.39,1
1770809656.853216,81,56,0.855,2068,1.68,0.68,1
1770809656.907642,1,0,0.8874,4888,2.51,1.37,1
1770809656.9076986,81,56,0.8387,2070,0.82,0.67,1
1770809656.9549825,1,0,0.8819,4890,0.29,1.37,1
1770809656.955025,81,56,0.833,2072,0.15,0.66,1
1770809657.000239,1,0,0.8792,4892,1.36,1.37,1
1770809657.0002816,81,56,0.8557,2074,0.41,0.67,1
1770809657.0482457,1,0,0.8675,4894,3.07,1.39,1
1770809657.0482895,81,56,0.8405,2076,0.49,0.67,1
1770809657.1009817,1,0,0.8744,4896,1.81,1.37,1
1770809657.1010327,81,56,0.8639,2078,0.61,0.67,1
1770809657.1529543,1,0,0.8749,4898,1.02,1.37,1
1770809657.153015,81,56,0.795,2080,2.1,0.68,1
1770809657.203222,1,0,0.885,4900,0.39,1.37,1
1770809657.2032654,81,56,0.861,2082,0.67,0.68,1
1770809657.2526078,1,0,0.8831,4902,0.87,1.36,1
1770809657.2526505,81,56,0.8544,2084,1.11,0.67,1
1770809657.3059416,1,0,0.8912,4904,0.43,1.36,1
1770809657.3059914,81,56,0.8715,2086,0.97,0.68,1
1770809657.3584309,1,0,0.8938,4906,1.09,1.37,1
1770809657.3584836,81,56,0.8222,2088,0.2,0.68,1
1770809657.409063,1,0,0.8938,4908,0.48,1.37,1
1770809657.4091058,81,56,0.8222,2090,0.07,0.68,1
1770809657.457734,1,0,0.9013,4910,0.72,1.37,1
1770809657.457787,81,56,0.8649,2092,0.97,0.67,1
1770809657.5091677,1,0,0.887,4912,1.07,1.38,1
1770809658,81,56,0.8364,2094,1.48,0.69,1
1770809657.5581987,1,0,0.8896,4914,0.37,1.38,1
1770809657.5582397,81,56,0.7782,2096,0.84,0.68,1
1770809657.6065445,1,0,0.8954,4916,2.93,1.4,1
1770809657.6065862,81,56,0.8255,2098,0.34,0.68,1
1770809657.6569002,1,0,0.8914,4918,1.01,1.4,1
1770809657.6569424,81,56,0.8073,2100,1.28,0.68,1
1770809657.708709,1,0,0.893,4920,2.63,1.42,1
1770809657.7087522,81,56,0.829,2102,0.8,0.69,1
1770809657.764779,1,0,0.893,4922,1,1.42,1
1770809658,81,56,0.8446,2104,1.92,0.67,1
1770809657.8202517,1,0,0.881,4924,1.88,1.41,1
1770809657.820303,81,56,0.822,2106,2.19,0.68,1
1770809657.8738198,1,0,0.8858,4926,0.81,1.4,1
1770809657.8738618,81,56,0.8245,2108,0.85,0.68,1
1770809657.9286587,1,0,0.8985,4928,1.91,1.42,1
1770809657.928702,81,56,0.8573,2110,0.43,0.68,1
1770809657.978321,1,0,0.8987,4930,0.46,1.42,1
1770809657.978365,81,56,0.8683,2112,0.65,0.68,1
1770809658.0308356,1,0,0.8834,4932,0.46,1.43,1
1770809658.030878,81,56,0.8388,2114,0.83,0.69,1
1770809658.084818,1,0,0.8878,4934,0.56,1.42,1
1770809658.0848672,81,56,0.8507,2116,0.31,0.69,1
1770809658.1377738,1,0,0.8941,4936,4.04,1.4,1
1770809658.1378276,81,56,0.8146,2118,0.26,0.69,1
1770809658.1929235,1,0,0.8843,4938,1.41,1.4,1
1770809658.192966,81,56,0.8551,2120,0.87,0.67,1
1770809658.238508,1,0,0.8843,4940,0.62,1.41,1
1770809658.238551,81,56,0.8551,2122,0.3,0.67,1
1770809658.2936769,1,0,0.887,4942,0.53,1.4,1
1770809658.2937272,81,56,0.8048,2124,0.83,0.66,1
1770809658.348931,1,0,0.8943,4944,0.08,1.4,1
1770809658.3489835,81,56,0.8513,2126,1.12,0.67,1
1770809658.4014928,1,0,0.8912,4946,0.92,1.4,1
1770809658.4015355,81,56,0.8551,2128,2.25,0.68,1
1770809658.4503596,1,0,0.8879,4948,3.13,1.39,1
1770809658.4504018,81,56,0.8542,2130,0.64,0.69,1
1770809658.5042186,1,0,0.8805,4950,3.28,1.37,1
1770809659,81,56,0.8231,2132,0.45,0.69,1
1770809658.5574594,1,0,0.8861,4952,1.8,1.36,1
1770809659,81,56,0.8772,2134,1.03,0.68,1
1770809658.607751,1,0,0.8893,4954,1.87,1.36,1
1770809658.6078017,81,56,0.863,2136,0.27,0.68,1
1770809658.6581862,1,0,0.8861,4956,1.37,1.35,1
1770809658.6582294,81,56,0.8681,2138,0.61,0.68,1
1770809659,1,0,0.8959,4958,0.81,1.35,1
1770809658.7104914,81,56,0.8592,2140,0.77,0.67,1
1770809658.7661345,1,0,0.8879,4960,0.15,1.35,1
1770809658.766184,81,56,0.8762,2142,0.63,0.66,1
1770809658.8177507,1,0,0.8917,4962,4.57,1.33,1
1770809658.8177948,81,56,0.8621,2144,2.88,0.69,1
1770809658.8745594,1,0,0.8791,4964,1.47,1.34,1
1770809658.8746133,81,56,0.8537,2146,1.11,0.68,1
1770809658.924099,1,0,0.9007,4966,1.22,1.34,1
1770809659,81,56,0.8823,2148,1.27,0.66,1
1770809658.970654,1,0,0.8941,4968,1.16,1.34,1
1770809658.9706955,81,56,0.8852,2150,0.67,0.68,1
1770809659.0188916,1,0,0.8948,4970,1.72,1.35,1
1770809659.018934,81,56,0.902,2152,0.36,0.69,1
1770809659.0682473,1,0,0.9027,4972,1.35,1.35,1
1770809659.068295,81,56,0.8836,2154,0.86,0.7,1
1770809659.1226149,1,0,0.8984,4974,0.75,1.35,1
1770809659.122668,81,56,0.8804,2156,0.43,0.69,1
1770809659.1793368,1,0,0.8978,4976,2.08,1.36,1
1770809659.1793869,81,56,0.8607,2158,1.75,0.68,1
1770809659.234702,1,0,0.8956,4978,1.34,1.36,1
1770809659.2347713,81,56,0.872,2160,1.18,0.66,1
1770809659.290792,1,0,0.8935,4980,0.73,1.36,1
1770809659.2908416,81,56,0.8748,2162,1.55,0.69,1
1770809659.3435946,1,0,0.8832,4982,0.18,1.36,1
1770809659.3436513,81,56,0.8355,2164,0.99,0.69,1
1770809659.391819,1,0,0.8789,4984,0.1,1.36,1
1770809659.3918629,81,56,0.8719,2166,1.51,0.68,1
1770809659.4429746,1,0,0.876,4986,0.17,1.36,1
1770809659.443026,81,56,0.8689,2168,0.3,0.67,1
1770809659.495813,1,0,0.8982,4988,1.11,1.36,1
1770809659.495854,81,56,0.8834,2170,0.21,0.68,1
1770809659.5464363,1,0,0.8881,4990,1.85,1.36,1
1770809659.5464869,81,56,0.8509,2172,0.79,0.67,1
1770809659.5982678,1,0,0.8846,4992,1.05,1.35,1
1770809659.5983102,81,56,0.8812,2174,0.67,0.68,1
1770809659.646085,1,0,0.8881,4994,1.6,1.36,1
1770809659.6461363,81,56,0.8793,2176,0.96,0.68,1
1770809659.6942933,1,0,0.8844,4996,0.86,1.36,1
1770809659.6943429,81,56,0.8875,2178,0.42,0.67,1
1770809659.7449715,1,0,0.8782,4998,0.48,1.36,1
1770809659.745023,81,56,0.8561,2180,1.21,0.65,1
1770809659.7927344,1,0,0.8788,5000,0.57,1.36,1
1770809659.7927773,81,56,0.8681,2182,2.05,0.67,1
1770809659.841339,1,0,0.8771,5002,1.63,1.36,1
1770809660,81,56,0.7437,2184,5.8,0.72,1
1770809659.8947024,1,0,0.8906,5004,0.94,1.35,1
1770809659.8947666,81,56,0.7473,2186,0.55,0.71,1
1770809659.9448757,1,0,0.9109,5006,6.26,1.33,1
1770809659.9449174,81,0,0.1842,2188,18.09,0.79,0
1770809659.9449344,196,0,0.593,0,0,1.29,0
1770809659.995093,1,0,0.8713,5008,1.39,1.33,1
1770809659.9951472,81,0,0.5167,2190,4.83,0.83,1
1770809660.0502963,1,0,0.862,5010,30.64,1.48,1
1770809660.1490054,1,0,0.8602,5012,6.18,1.51,1
1770809660.201495,1,0,0.8812,5014,0.61,1.51,1
1770809660.2015443,197,67,0.4669,0,0,0.25,1
1770809660.2544365,1,0,0.8784,5016,1.09,1.51,1
1770809660.2544932,197,67,0.2353,2,2.06,0.25,1
1770809660.3081703,1,0,0.8839,5018,1.48,1.5,1
1770809660.3082223,197,67,0.3043,4,1.63,0.26,1
1770809660.3597617,1,0,0.8858,5020,0.64,1.5,1
1770809660.359803,197,67,0.4258,6,3.99,0.27,1
1770809660.4087086,1,0,0.8678,5022,0.64,1.5,1
1770809660.4087636,197,67,0.2814,8,0.99,0.28,1
1770809660.461827,1,0,0.8858,5024,0.8,1.5,1
1770809660.4618702,197,67,0.4132,10,0.53,0.27,1
1770809660.5142577,1,0,0.8858,5026,1.04,1.5,1
1770809660.514314,197,67,0.3088,12,0.3,0.28,1
1770809660.5641365,1,0,0.8745,5028,0.99,1.5,1
1770809660.5641768,197,67,0.2908,14,0.32,0.29,1
1770809660.6132607,1,0,0.8715,5030,0.36,1.5,1
1770809660.613304,197,67,0.3196,16,0.21,0.28,1
1770809661,1,0,0.8843,5032,1.25,1.49,1
1770809660.6611614,197,67,0.5229,18,0.73,0.29,1
1770809660.7082715,1,0,0.8791,5034,0.44,1.5,1
1770809660.7083132,197,67,0.31,20,0.29,0.28,1
1770809660.7614138,1,0,0.8737,5036,1.07,1.5,1
1770809660.761463,197,67,0.2391,22,0.79,0.29,1
1770809660.8150716,1,0,0.8761,5038,0.41,1.51,1
1770809660.8151245,197,67,0.4765,24,0.12,0.28,1
1770809660.866466,1,0,0.8774,5040,0.65,1.51,1
1770809660.866508,197,67,0.3163,26,1.03,0.29,1
1770809660.916079,1,0,0.8672,5042,1.72,1.5,1
1770809661,197,67,0.3487,28,0.64,0.29,1
1770809660.9669075,1,0,0.8783,5044,0.73,1.5,1
1770809660.9669554,197,67,0.4524,30,0.22,0.29,1
1770809661.0152445,1,0,0.8973,5046,0.48,1.5,1
1770809661.0152855,197,67,0.4035,32,0.62,0.29,1
1770809661.064834,1,0,0.8781,5048,1.58,1.49,1
1770809661.0648746,197,67,0.4591,34,0.82,0.29,1
1770809661.1164763,1,0,0.8782,5050,0.75,1.49,1
1770809661.1165175,197,67,0.4059,36,1.83,0.29,1
1770809661,1,0,0.887,5052,0.98,1.49,1
1770809661.1693826,197,67,0.2256,38,1.29,0.29,1
1770809661.2215774,1,0,0.8923,5054,1.1,1.5,1
1770809661.2216182,197,67,0.2451,40,2.23,0.29,1
1770809661.2736027,1,0,0.8924,5056,0.69,1.5,1
1770809661.273654,197,67,0.155,42,1.3,0.29,1
1770809661.328689,1,0,0.8783,5058,0.85,1.49,1
1770809661.3287392,197,67,0.1528,44,0.06,0.29,1
1770809661.3770702,1,0,0.8851,5060,1.1,1.5,1
1770809661.3771126,197,67,0.4599,46,1.36,0.29,1
1770809661.4297624,1,0,0.8944,5062,0.69,1.5,1
1770809661.429813,197,67,0.3926,48,1.2,0.29,1
1770809661.475846,1,0,0.884,5064,0.23,1.5,1
1770809661.4758885,197,67,0.4076,50,1.18,0.29,1
1770809661.5209565,1,0,0.887,5066,0.49,1.5,1
1770809661.5210102,197,67,0.4417,52,0.32,0.29,1
1770809661.5659566,1,0,0.8878,5068,1.39,1.5,1
1770809661.5659986,197,67,0.1347,54,0.4,0.3,1
1770809661.6146762,1,0,0.888,5070,0.95,1.5,1
1770809661.6147182,197,67,0.1939,56,1.17,0.3,1
1770809661.6670957,1,0,0.8897,5072,0.34,1.5,1
1770809661.667145,197,67,0.2332,58,1.55,0.3,1
1770809661.7175567,1,0,0.8914,5074,0.56,1.5,1
1770809661.717599,197,67,0.4915,60,2.28,0.33,1
1770809661.8254292,1,0,0.8584,5076,17.42,1.42,1
1770809661.9243555,1,0,0.8825,5078,14.5,1.36,1
1770809661.978722,1,0,0.8907,5080,0.99,1.35,1
1770809661.9787743,199,56,0.8775,0,0,0.69,1
1770809662.0296812,1,0,0.8932,5082,0.96,1.34,1
1770809662.0297234,199,56,0.8861,2,3.38,0.67,1
1770809662.0774755,1,0,0.8702,5084,1.06,1.35,1
1770809662.0775204,199,56,0.8931,4,1.06,0.68,1
1770809662.1306894,1,0,0.8852,5086,2.48,1.34,1
1770809662.1307418,199,56,0.8811,6,2.07,0.66,1
1770809662.1810436,1,0,0.8833,5088,1.55,1.35,1
1770809662.1810842,199,56,0.8893,8,1.7,0.68,1
1770809662.235875,1,0,0.9096,5090,0.97,1.35,1
1770809662.235926,199,56,0.8671,10,0.53,0.67,1
1770809662.290582,1,0,0.8869,5092,1.33,1.36,1
1770809662.290632,199,56,0.8655,12,0.66,0.66,1
1770809662.3404708,1,0,0.8905,5094,0.26,1.36,1
1770809662,199,56,0.8939,14,0.54,0.67,1
1770809662.3929968,1,0,0.8937,5096,0.48,1.36,1
1770809662.3930478,199,56,0.859,16,0.88,0.67,1
1770809662.4388514,1,0,0.8926,5098,1.14,1.34,1
1770809662.438894,199,56,0.8646,18,0.78,0.67,1
1770809662.4908538,1,0,0.8892,5100,0.92,1.36,1
1770809662.4909046,199,56,0.8732,20,0.62,0.67,1
1770809662.5429187,1,0,0.8838,5102,0.03,1.36,1
1770809662.5429688,199,56,0.8874,22,0.41,0.67,1
1770809662.5887425,1,0,0.8784,5104,0.45,1.35,1
1770809662.5887828,199,56,0.8846,24,0.52,0.68,1
1770809662.6378486,1,0,0.8929,5106,0.08,1.34,1
1770809662.6378913,199,56,0.8727,26,0.73,0.68,1
1770809662.6898956,1,0,0.9009,5108,1.46,1.35,1
1770809662.689947,199,56,0.8747,28,0.74,0.67,1
1770809662.7436554,1,0,0.8898,5110,0.57,1.35,1
1770809662.743708,199,56,0.8862,30,0.72,0.67,1
1770809662.7942672,1,0,0.8983,5112,0.96,1.35,1
1770809662.7943168,199,56,0.894,32,0.27,0.67,1
1770809662.8457682,1,0,0.9004,5114,0.61,1.35,1
1770809662.8458176,199,56,0.8822,34,0.36,0.66,1
1770809662.8963175,1,0,0.9036,5116,0.28,1.35,1
1770809662.8963685,199,56,0.8703,36,1.55,0.67,1
1770809662.9459224,1,0,0.8873,5118,1.5,1.35,1
1770809662.945969,199,56,0.8834,38,0.73,0.67,1
1770809662.9922795,1,0,0.9001,5120,0.34,1.35,1
1770809662.9923232,199,56,0.9056,40,1.92,0.69,1
1770809663.0451417,1,0,0.8952,5122,0.97,1.35,1
1770809663.0451972,199,56,0.836,42,1.51,0.67,1
1770809663.0949285,1,0,0.8873,5124,1.91,1.35,1
1770809663.0949695,199,56,0.8819,44,1.1,0.67,1
1770809663.1461458,1,0,0.902,5126,1.02,1.35,1
1770809663.1461878,199,56,0.8473,46,2.51,0.68,1
1770809663.1939971,1,0,0.8962,5128,0.83,1.35,1
1770809663.194039,199,56,0.8974,48,0.66,0.68,1
1770809663.243495,1,0,0.8918,5130,0.21,1.35,1
1770809663.2435489,199,56,0.8907,50,0.53,0.67,1
1770809663.2908282,1,0,0.8938,5132,0.97,1.34,1
1770809663.290873,199,56,0.8918,52,1.12,0.67,1
1770809663.3441572,1,0,0.8937,5134,0.55,1.35,1
1770809663.3442073,199,56,0.8481,54,0.2,0.67,1
1770809663.3920207,1,0,0.8986,5136,1.75,1.35,1
1770809663.3920712,199,56,0.8665,56,1.26,0.67,1
1770809663.442778,1,0,0.8916,5138,1.44,1.35,1
1770809663.442819,199,56,0.8319,58,0.29,0.67,1
1770809663.4951322,1,0,0.8924,5140,1.42,1.35,1
1770809663.4951818,199,56,0.8304,60,0.6,0.67,1
1770809663.5472658,1,0,0.9124,5142,1.81,1.35,1
1770809663.5473182,199,56,0.8376,62,1.18,0.67,1
1770809663.5947683,1,0,0.8888,5144,0.72,1.36,1
1770809663.5948095,199,56,0.8666,64,1.22,0.68,1
1770809663.645345,1,0,0.8922,5146,1.49,1.37,1
1770809663.645393,199,56,0.8493,66,0.26,0.67,1
1770809663.6921742,1,0,0.893,5148,1.12,1.36,1
1770809663.6922188,199,56,0.8884,68,0.55,0.68,1
1770809663.745566,1,0,0.892,5150,0.53,1.35,1
1770809663.745627,199,56,0.8648,70,1.2,0.66,1
1770809663.796074,1,0,0.8963,5152,0.54,1.36,1
1770809663.796117,199,56,0.9064,72,0.31,0.67,1
1770809663.8484254,1,0,0.8848,5154,1.16,1.35,1
1770809663.848476,199,56,0.8835,74,0.39,0.67,1
1770809663.8991685,1,0,0.8986,5156,0.32,1.35,1
1770809663.899228,199,56,0.8819,76,0.09,0.67,1
1770809663.953253,1,0,0.8994,5158,0.96,1.35,1
1770809663.953303,199,56,0.886,78,0.58,0.68,1
1770809664.005947,1,0,0.8932,5160,1.1,1.35,1
1770809664.006028,199,56,0.8584,80,0.69,0.67,1
1770809664.0568583,1,0,0.8924,5162,1.43,1.36,1
1770809664.0569098,199,56,0.8256,82,3.66,0.66,1
1770809664.107417,1,0,0.9106,5164,3.69,1.34,1
1770809664.1074595,199,0,0.1964,84,8.88,0.55,0
1770809664,1,0,0.8828,5166,0.78,1.34,1
1770809664.157101,204,0,0.3445,0,0,0.7,0
1770809664.204851,1,0,0.8265,5168,10.9,1.39,1
1770809664.204892,204,0,0.2581,2,3.19,0.73,0
1770809664.2532706,1,0,0.8698,5170,5.1,1.35,1
1770809664.2533116,204,0,0.2435,4,3.99,0.77,0
1770809664.3068955,1,0,0.8446,5172,1.55,1.35,1
1770809664.3069386,204,0,0.1783,6,2,0.79,0
1770809664.4099736,1,0,0.8498,5174,5.2,1.33,1
1770809664.5092666,1,0,0.8537,5176,0.4,1.34,1
1770809664.6060882,1,0,0.8972,5178,0.31,1.33,1
1770809665,1,0,0.9012,5180,1.23,1.34,1
1770809664.8067968,1,0,0.8778,5182,0.94,1.34,1
1770809664.9111743,1,0,0.8766,5184,2.38,1.33,1
1770809665.009909,1,0,0.8665,5186,3.03,1.34,1
1770809665.107082,1,0,0.8658,5188,1.49,1.33,1
1770809665.208367,1,0,0.874,5190,10.77,1.39,1
1770809665.3069043,1,0,0.8756,5192,7.7,1.35,1
1770809665.401898,1,0,0.8568,5194,2.68,1.33,1
1770809665.5021553,1,0,0.8299,5196,40.39,1.54,1
1770809666,1,0,0.8771,5198,11.91,1.61,1
1770809665.6573746,1,0,0.9148,5200,2.34,1.6,1
1770809665.6574235,212,67,0.4832,0,0,0.63,0
1770809665.7064466,1,0,0.9106,5202,1.08,1.59,1
1770809665.7064896,212,67,0.1672,2,2.81,0.63,0
1770809665.8101232,1,0,0.9045,5204,2.52,1.57,1
1770809665.9101944,1,0,0.8895,5206,1.95,1.56,1
1770809665.957157,1,0,0.907,5208,0.88,1.56,1
1770809665.957199,216,67,0.3912,0,0,0.29,0
1770809666.0065472,1,0,0.882,5210,1.54,1.57,1
1770809666.006598,216,67,0.2865,2,0.28,0.29,0
1770809666.0595498,1,0,0.894,5212,0.78,1.57,1
1770809666.059603,216,67,0.2048,4,1.24,0.29,0
1770809666.113777,1,0,0.9073,5214,1.55,1.56,1
1770809666.1138334,216,67,0.2563,6,0.38,0.28,0
1770809666.1631465,1,0,0.896,5216,0.49,1.55,1
1770809666.1631896,216,67,0.2957,8,0.61,0.29,0
1770809666.2109869,1,0,0.9042,5218,0.24,1.55,1
1770809666.2110283,216,67,0.2879,10,0.22,0.29,0
1770809666,1,0,0.8971,5220,0.92,1.56,1
1770809666.2557511,216,67,0.3081,12,0.65,0.29,0
1770809666.305239,1,0,0.9071,5222,0.32,1.56,1
1770809666.3052945,216,67,0.1986,14,0.21,0.29,0
1770809666.3576531,1,0,0.899,5224,1.55,1.56,1
1770809666.3577032,216,67,0.4339,16,0.44,0.28,0
1770809666.4059746,1,0,0.8844,5226,1.05,1.56,1
1770809666.4060156,216,67,0.2027,18,1.57,0.29,0
1770809666.4574232,1,0,0.9045,5228,1.7,1.57,1
1770809666.4574792,216,67,0.2866,20,1.88,0.28,0
1770809667,1,0,0.8818,5230,0.7,1.57,1
1770809666.5097237,216,67,0.2161,22,1.82,0.29,0
1770809666.5574155,1,0,0.9099,5232,0.9,1.56,1
1770809666.5574548,216,67,0.1698,24,1.05,0.29,0
1770809666.6058865,1,0,0.9122,5234,0.69,1.56,1
1770809666.6059394,216,67,0.1527,26,0.91,0.3,0
1770809666.652995,1,0,0.9104,5236,1.37,1.56,1
1770809666.6530378,216,67,0.1298,28,0.39,0.3,0
1770809666.701856,1,0,0.9104,5238,0.53,1.56,1
1770809666.7019064,216,67,0.1298,30,0.11,0.3,0
1770809666.748519,1,0,0.9157,5240,1.13,1.56,1
1770809666.7485583,216,67,0.1743,32,0.54,0.29,0
1770809666.8509665,1,0,0.9043,5242,1.38,1.56,1
1770809666.9464293,1,0,0.9184,5244,0.8,1.56,1
1770809667.044628,1,0,0.9072,5246,0.94,1.57,1
1770809667.1494937,1,0,0.7889,5248,7.92,1.6,1
1770809667.2477431,1,0,0.8457,5250,3.13,1.64,1
1770809667.247784,212,67,0.4582,50,16.82,0.41,0
1770809667.3028734,1,0,0.8721,5252,1.35,1.64,1
1770809667.3029234,212,67,0.3677,52,8.15,0.28,0
1770809667.355297,1,0,0.8943,5254,40.02,1.44,1
1770809667.4673896,1,0,0.9066,5256,14.81,1.34,1
1770809667.4674397,219,56,0.839,0,0,0.71,1
1770809667.522255,1,0,0.8761,5258,1.99,1.34,1
1770809667.5223048,219,56,0.871,2,3.45,0.71,1
1770809667.5718546,1,0,0.8761,5260,0.56,1.34,1
1770809667.5718946,219,56,0.871,4,1.14,0.71,1
1770809667.6183224,1,0,0.8906,5262,0.5,1.34,1
1770809667.6183658,219,56,0.8173,6,2.56,0.68,1
1770809667.669211,1,0,0.8909,5264,0.35,1.34,1
1770809667.669261,219,56,0.8793,8,0.93,0.68,1
1770809667.7216249,1,0,0.8846,5266,0.88,1.34,1
1770809667.7216733,219,56,0.8756,10,0.36,0.68,1
1770809667.7745194,1,0,0.8954,5268,0.77,1.35,1
1770809667.774571,219,56,0.8622,12,0.17,0.69,1
1770809667.8281906,1,0,0.8975,5270,2.31,1.35,1
1770809667.8282423,219,56,0.8621,14,2.14,0.67,1
1770809667.877768,1,0,0.8907,5272,1.15,1.35,1
1770809667.8778124,219,56,0.8806,16,1.18,0.68,1
1770809667.928259,1,0,0.8818,5274,0.52,1.35,1
1770809667.9283016,219,56,0.8694,18,0.24,0.68,-1
1770809667.974927,1,0,0.8827,5276,0.51,1.35,1
1770809667.9749708,219,56,0.8645,20,0.69,0.68,1
1770809668.0197084,1,0,0.8827,5278,0.67,1.35,1
1770809668.0197504,219,56,0.8605,22,1.01,0.68,1
1770809668.0696225,1,0,0.8939,5280,0.17,1.36,1
1770809668.0696652,219,56,0.8819,24,0.91,0.69,1
1770809668.122887,1,0,0.8717,5282,0.39,1.36,1
1770809668.122941,219,56,0.8942,26,0.32,0.68,1
1770809668.1745896,1,0,0.8786,5284,1.6,1.35,1
1770809668.1746328,219,56,0.8555,28,1.99,0.66,1
1770809668.2215905,1,0,0.9116,5286,1.03,1.36,1
1770809668.2216332,219,56,0.8443,30,2.2,0.68,1
1770809668.2707143,1,0,0.9047,5288,0.17,1.36,1
1770809668.2707567,219,56,0.8555,32,1.6,0.67,1
1770809668.3249583,1,0,0.8948,5290,1.81,1.37,1
1770809668.325034,219,56,0.9097,34,0.22,0.67,1
1770809668.3749306,1,0,0.8861,5292,0.71,1.37,1
1770809668.3749783,219,56,0.8752,36,1.3,0.68,1
1770809668.4259765,1,0,0.8932,5294,1.74,1.36,1
1770809668.426017,219,56,0.8776,38,0.4,0.67,1
1770809668.4781609,1,0,0.9181,5296,0.21,1.36,1
1770809668.4782114,219,56,0.8448,40,1.29,0.66,1
1770809668.5292652,1,0,0.8771,5298,2.17,1.35,1
1770809668.5293186,219,56,0.8897,42,0.81,0.66,1
1770809668.5769408,1,0,0.8882,5300,1.74,1.35,1
1770809668.5769842,219,56,0.8796,44,0.64,0.67,1
1770809668.6258926,1,0,0.906,5302,1.18,1.35,1
1770809668.6259365,219,56,0.8682,46,0.32,0.67,1
1770809668.6707149,1,0,0.9027,5304,0.64,1.35,1
1770809668.6707563,219,56,0.8957,48,1.51,0.69,1
1770809668.722688,1,0,0.8942,5306,1.77,1.36,1
1770809668.7227373,219,56,0.8498,50,0.83,0.68,1
1770809668.7751756,1,0,0.8773,5308,0.54,1.36,1
1770809668.7752233,219,56,0.9166,52,2.07,0.68,1
1770809668.8270626,1,0,0.868,5310,1.83,1.36,1
1770809668.8271122,219,56,0.9066,54,1.04,0.69,1
1770809668.8739846,1,0,0.8787,5312,0.82,1.36,1
1770809668.8740294,219,56,0.8555,56,1.41,0.66,1
1770809668.9234226,1,0,0.8843,5314,1.19,1.36,1
1770809668.923479,219,56,0.8307,58,1,0.67,1
1770809668.975993,1,0,0.8798,5316,0.42,1.37,1
1770809668.9760349,219,56,0.8499,60,0.42,0.67,1
1770809669.0253932,1,0,0.887,5318,0.79,1.37,1
1770809669.0254512,219,56,0.8839,62,0.28,0.66,1
1770809669,1,0,0.8731,5320,1.96,1.36,1
1770809669.0727613,219,56,0.8835,64,1.02,0.66,1
1770809669.1214807,1,0,0.8903,5322,1.09,1.36,1
1770809669.1215243,219,56,0.8462,66,1.04,0.67,1
1770809669.1691775,1,0,0.8752,5324,0.46,1.36,1
1770809669.1692264,219,56,0.8679,68,0.83,0.68,1
1770809669.2198038,1,0,0.902,5326,1.48,1.36,1
1770809669.2198455,219,56,0.7444,70,5.73,0.72,1
1770809669.2688627,1,0,0.8886,5328,1.46,1.35,1
1770809669.2689047,219,0,0.7439,72,18.89,0.81,1
1770809669.3180697,1,0,0.8679,5330,3,1.34,1
1770809669.3181212,219,0,0.2894,74,5.79,0.78,1
1770809669.3671362,1,0,0.7942,5332,25.28,1.46,1
1770809669.4697676,1,0,0.8941,5334,8.02,1.51,1
1770809669.5260403,1,0,0.8928,5336,9.28,1.46,1
1770809669.5261102,219,56,0.7876,80,13.17,0.66,1
1770809669.5796869,1,0,0.8827,5338,2.37,1.44,1
1770809669.579728,222,67,0.6324,0,0,0.47,1
1770809669.5797458,219,56,0.8346,82,4.17,0.65,1
1770809669.6359975,1,0,0.8754,5340,7.45,1.4,1
1770809669.6360507,222,67,0.7065,2,1.54,0.46,1
1770809669.6360726,219,56,0.8396,84,1.29,0.65,1
1770809669.6362135,1,0,0.8754,5342,0,1.4,1
1770809669.6362376,222,67,0.7065,4,0,0.46,-1
1770809669.636257,219,56,0.8396,86,0,0.65,1
1770809669.6877086,1,0,0.8718,5344,0.93,1.4,1
1770809669.6877494,222,67,0.6899,6,0.54,0.43,-1
1770809669.687766,219,56,0.807,88,0.89,0.66,1
1770809669.739054,1,0,0.8832,5346,6.31,1.38,1
1770809669.7390969,222,67,0.647,8,0.56,0.41,1
1770809669.7391143,219,56,0.8484,90,0.67,0.67,1
1770809669.739225,1,0,0.8832,5348,0,1.38,1
1770809669.7392435,222,67,0.647,10,0,0.41,1
1770809669.7392578,219,56,0.8484,92,0,0.67,1
1770809669.7903106,1,0,0.8868,5350,4.76,1.39,1
1770809669.7903595,222,67,0.6286,12,1.36,0.37,1
1770809669.7903812,219,56,0.8266,94,0.34,0.68,1
1770809669.843733,1,0,0.8801,5352,4.88,1.41,1
1770809669.8437865,222,67,0.7107,14,0.32,0.35,1
1770809669.8438094,219,56,0.8791,96,0.35,0.68,1
1770809669.843971,1,0,0.8801,5354,0,1.41,1
1770809669.843996,222,67,0.7107,16,0,0.35,1
1770809669.8440154,219,56,0.8791,98,0,0.68,1
1770809669.8957367,1,0,0.878,5356,1.93,1.41,1
1770809669.8957863,222,67,0.6901,18,0.82,0.35,1
1770809669.8958073,219,56,0.7949,100,1.94,0.66,1
1770809669.945011,1,0,0.8931,5358,1.57,1.44,1
1770809669.9450543,222,67,0.7686,20,1.57,0.36,1
1770809669.9450705,219,56,0.8238,102,1.16,0.66,1
1770809669.9451811,1,0,0.8931,5360,0,1.44,1
1770809669.9452004,222,67,0.7686,22,0,0.36,1
1770809669.9452145,219,56,0.8238,104,0,0.66,1
1770809669.9957235,1,0,0.8882,5362,2.3,1.42,1
1770809669.9957647,222,67,0.7151,24,1.85,0.37,1
1770809669.9957812,219,56,0.8666,106,0.39,0.66,1
1770809670.0475905,1,0,0.8846,5364,4.33,1.41,1
1770809670.0476353,222,67,0.537,26,10.09,0.41,1
1770809670.047653,219,56,0.8263,108,0.76,0.67,1
1770809670.0477664,1,0,0.8846,5366,0,1.41,1
1770809670.0477855,222,67,0.537,28,0,0.41,1
1770809670.0477996,219,56,0.8263,110,0,0.67,1
1770809670.0998175,1,0,0.8767,5368,0.81,1.4,1
1770809670.0998678,222,67,0.4394,30,7.83,0.46,1
1770809670.0998917,219,56,0.879,112,0.55,0.67,1
1770809670.1544387,1,0,0.8755,5370,9.79,1.36,1
1770809670.1544845,222,67,0.3278,32,9.43,0.48,1
1770809670.154502,219,56,0.8714,114,1.4,0.68,1
1770809670.154614,1,0,0.8755,5372,0,1.36,1
1770809670.1546333,222,67,0.3278,34,0,0.48,1
1770809670.1546476,219,56,0.8714,116,0,0.68,1
1770809670.2048578,1,0,0.8726,5374,3.53,1.34,1
1770809670.2049088,222,67,0.4083,36,8.28,0.51,1
1770809670.2049308,219,56,0.8584,118,1.73,0.7,1
1770809670.2597854,1,0,0.8641,5376,2.13,1.32,1
1770809670.2598283,222,67,0.2035,38,7.65,0.54,1
1770809670.2598453,219,56,0.8695,120,2.18,0.68,1
1770809670.259958,1,0,0.8641,5378,0,1.32,1
1770809670.2599776,222,67,0.2035,40,0,0.54,1
1770809670.2599914,219,56,0.8695,122,0,0.68,1
1770809670.314442,1,0,0.8486,5380,5.68,1.35,1
1770809670.3144846,219,56,0.8666,124,0.84,0.68,1
1770809670.3635056,1,0,0.8636,5382,0.79,1.35,1
1770809670.3635476,219,56,0.8535,126,1.48,0.67,1
1770809670.3635645,228,67,0.4743,0,0,0.55,0
1770809670.4117975,1,0,0.8755,5384,1.98,1.36,1
1770809670.4118388,219,56,0.8686,128,0.56,0.67,1
1770809670.4118564,228,67,0.4681,2,0.81,0.52,0
1770809670.4119663,1,0,0.8755,5386,0,1.36,1
1770809670.411985,219,56,0.8686,130,0,0.67,1
1770809670.4119992,228,67,0.4681,4,0,0.52,0
1770809670,1,0,0.8569,5388,1.6,1.36,1
1770809670.4640732,219,56,0.8442,132,1.13,0.68,1
1770809670.464096,228,67,0.478,6,0.41,0.51,0
1770809670.5134926,1,0,0.8507,5390,2.65,1.36,1
1770809670.513534,219,56,0.8766,134,0.39,0.67,1
1770809670.5135517,228,67,0.4215,8,0.56,0.53,0
1770809670.5136635,1,0,0.8507,5392,0,1.36,1
1770809670.5136826,219,56,0.8766,136,0,0.67,1
1770809670.513697,228,67,0.4215,10,0,0.53,0
1770809670.5648694,1,0,0.8695,5394,0.54,1.36,1
1770809670.5649116,219,56,0.892,138,1.54,0.69,1
1770809670.564928,228,67,0.2334,12,1.27,0.54,0
1770809670.616773,1,0,0.8668,5396,0.8,1.37,1
1770809670.616817,219,56,0.8623,140,0.94,0.7,1
1770809670.6168337,228,67,0.1343,14,2.95,0.49,0
1770809670.6169448,1,0,0.8668,5398,0,1.37,1
1770809670.616964,219,56,0.8623,142,0,0.7,1
1770809670.6169782,228,67,0.1343,16,0,0.49,0
1770809670.6697206,1,0,0.8368,5400,1.04,1.37,1
1770809670.669766,219,56,0.8656,144,1.07,0.69,1
1770809670.6697822,228,67,0.2823,18,1.96,0.53,0
1770809670.7237637,1,0,0.8482,5402,0.54,1.37,1
1770809670.7238128,219,56,0.8044,146,2.01,0.66,1
1770809670.7238345,228,67,0.2812,20,1.46,0.56,0
1770809670.723974,1,0,0.8482,5404,0,1.37,1
1770809670.7239976,219,56,0.8044,148,0,0.66,1
1770809670.7240171,228,67,0.2812,22,0,0.56,0
1770809670.7718484,1,0,0.8578,5406,0.76,1.37,1
1770809670.7718904,219,56,0.8379,150,0.41,0.66,1
1770809670.7719066,228,67,0.4701,24,0.36,0.57,0
1770809670.8209355,1,0,0.8562,5408,0.7,1.36,1
1770809670.820977,219,56,0.8719,152,0.5,0.67,1
1770809670.8209934,228,67,0.3182,26,1.01,0.56,0
1770809670.8211043,1,0,0.8562,5410,0,1.36,1
1770809670.8211236,219,56,0.8719,154,0,0.67,1
1770809670.8211377,228,67,0.3182,28,0,0.56,0
1770809670.8681805,1,0,0.8514,5412,0.99,1.37,1
1770809670.868233,219,56,0.8869,156,0.21,0.67,1
1770809670.8682551,228,67,0.3215,30,0.42,0.56,0
1770809670.919598,1,0,0.856,5414,0.53,1.37,1
1770809670.9196484,219,56,0.8567,158,0.46,0.66,1
1770809670.9196713,228,67,0.3257,32,0.67,0.61,0
1770809670.9198103,1,0,0.856,5416,0,1.37,1
1770809670.919835,219,56,0.8567,160,0,0.66,1
1770809670.9198554,228,67,0.3257,34,0,0.61,0
1770809670.9687588,1,0,0.8533,5418,0.61,1.37,1
1770809670.9688013,219,56,0.9029,162,0.31,0.66,1
1770809670.9688177,228,67,0.2279,36,1.14,0.6,0
1770809671.0190103,1,0,0.8579,5420,2.59,1.37,1
1770809671.0190513,219,56,0.8734,164,0.53,0.66,1
1770809671.0190685,228,67,0.261,38,0.53,0.59,0
1770809671.0191789,1,0,0.8579,5422,0,1.37,1
1770809671.0191982,219,56,0.8734,166,0,0.66,1
1770809671.0192122,228,67,0.261,40,0,0.59,0
1770809671.0663023,1,0,0.8715,5424,1.32,1.37,1
1770809671.0663438,219,56,0.8906,168,0.62,0.67,1
1770809671.0663612,228,67,0.2589,42,1.12,0.58,0
1770809671.1144366,1,0,0.8462,5426,1.6,1.37,1
1770809671.1144865,219,56,0.8686,170,0.83,0.66,1
1770809671.1145098,228,67,0.1514,44,0.27,0.6,0
1770809671.1146526,1,0,0.8462,5428,0,1.37,1
1770809671.1146772,219,56,0.8686,172,0,0.66,1
1770809671.1146967,228,67,0.1514,46,0,0.6,0
1770809671.1673908,1,0,0.8493,5430,0.72,1.37,1
1770809671.1674323,219,56,0.8377,174,1.74,0.67,1
1770809671.2185397,1,0,0.8574,5432,1.57,1.36,1
1770809671.2185817,219,56,0.8931,176,0.55,0.67,1
1770809671.271593,1,0,0.8601,5434,0.92,1.36,1
1770809671.271649,219,56,0.8596,178,1.34,0.68,1
1770809671.321501,1,0,0.8576,5436,1.94,1.37,1
1770809671.3215425,219,56,0.8597,180,0.96,0.67,1
1770809671.3733978,1,0,0.8576,5438,0.74,1.37,1
1770809671.373449,219,56,0.8597,182,0.36,0.67,1
1770809671.4257004,1,0,0.8564,5440,0.99,1.38,1
1770809671.425754,219,56,0.8947,184,0.35,0.67,1
1770809671.4257758,228,67,0.3084,58,1.95,0.58,1
1770809671.4785693,1,0,0.85,5442,0.45,1.37,1
1770809671.4786198,219,56,0.8916,186,0.92,0.67,1
1770809671.478641,228,67,0.1908,60,0.33,0.58,0
1770809671.4787817,1,0,0.85,5444,0,1.37,1
1770809671.4788074,219,56,0.8916,188,0,0.67,1
1770809671.4788277,228,67,0.1908,62,0,0.58,0
1770809671.5268042,1,0,0.8617,5446,2.47,1.36,1
1770809671.526847,219,56,0.8603,190,2.13,0.67,1
1770809671.526865,228,67,0.2088,64,1.02,0.61,0
1770809671.5733888,1,0,0.8447,5448,0.64,1.36,1
1770809671.573429,219,56,0.8532,192,0.52,0.68,1
1770809671.573446,228,67,0.1972,66,0.27,0.59,0
1770809671.573572,1,0,0.8447,5450,0,1.36,1
1770809671.573603,219,56,0.8532,194,0,0.68,1
1770809671.573619,228,67,0.1972,68,0,0.59,0
1770809671.625718,1,0,0.8514,5452,1.29,1.37,1
1770809671.625769,219,56,0.8522,196,0.42,0.67,1
1770809671.6793125,1,0,0.8444,5454,0.87,1.37,1
1770809671.6793516,219,56,0.8623,198,0.58,0.66,1
1770809671.725031,1,0,0.8546,5456,1.37,1.37,1
1770809671.7250724,219,56,0.8621,200,0.96,0.68,1
1770809671.7727623,1,0,0.8557,5458,0.64,1.37,1
1770809671.7728093,219,56,0.8636,202,1.49,0.67,1
1770809671.772831,228,67,0.2548,76,1.11,0.6,0
1770809671.8210187,1,0,0.8559,5460,0.78,1.36,1
1770809671.8210597,219,56,0.85,204,0.3,0.66,1
1770809671.8210766,228,67,0.109,78,1.93,0.67,0
1770809671.8211887,1,0,0.8559,5462,0,1.36,1
1770809671.821208,219,56,0.85,206,0,0.66,1
1770809671.8212223,228,67,0.109,80,0,0.67,0
1770809671.8692205,1,0,0.8628,5464,1.67,1.36,1
1770809671.8692603,219,56,0.8068,208,0.46,0.66,1
1770809671.8692777,228,67,0.3924,82,0.71,0.64,0
1770809671.9170475,1,0,0.8647,5466,0.94,1.36,1
1770809671.9170988,219,56,0.8765,210,0.49,0.66,1
1770809671.9171207,228,67,0.1874,84,2.05,0.59,0
1770809671.9172616,1,0,0.8647,5468,0,1.36,1
1770809671.9172852,219,56,0.8765,212,0,0.66,1
1770809671.9173045,228,67,0.1874,86,0,0.59,0
1770809671.970722,1,0,0.8449,5470,1.04,1.36,1
1770809671.9707737,219,56,0.8783,214,0.89,0.67,1
1770809671.9707956,228,67,0.1847,88,0.67,0.59,0
1770809672.0177944,1,0,0.8622,5472,1.61,1.37,1
1770809672.0178394,219,56,0.851,216,1.99,0.68,1
1770809672.0178568,228,67,0.1271,90,0.9,0.61,0
1770809672.0180545,1,0,0.8622,5474,0,1.37,1
1770809672.0181031,219,56,0.851,218,0,0.68,1
1770809672.0181286,228,67,0.1271,92,0,0.61,0
1770809672.066506,1,0,0.8579,5476,1.49,1.37,1
1770809672.0665493,219,56,0.8841,220,1.17,0.67,1
1770809672.066566,228,67,0.1383,94,1.86,0.58,0
1770809672.1194658,1,0,0.8406,5478,1.02,1.37,1
1770809672.1195233,219,56,0.866,222,0.75,0.68,1
1770809672.1195416,228,67,0.2332,96,0.24,0.58,0
1770809672.1196582,1,0,0.8406,5480,0,1.37,1
1770809672.1196785,219,56,0.866,224,0,0.68,1
1770809672.1196935,228,67,0.2332,98,0,0.58,0
1770809672.168868,1,0,0.8435,5482,1.25,1.36,1
1770809672.1689112,219,56,0.8664,226,1.11,0.68,1
1770809672.1689274,228,67,0.1914,100,1.23,0.61,0
1770809672.2195623,1,0,0.8435,5484,0.47,1.36,1
1770809672.2196038,219,56,0.8664,228,0.42,0.68,1
1770809672.2196217,228,67,0.1914,102,0.45,0.62,0
1770809672.2197354,1,0,0.8435,5486,0,1.36,1
1770809672.219754,219,56,0.8664,230,0,0.68,1
1770809672.2197683,228,67,0.1914,104,0,0.62,0
1770809672.2698042,1,0,0.8621,5488,2.66,1.36,1
1770809672.2698476,219,56,0.8694,232,1.01,0.69,1
1770809672.2698648,228,67,0.2425,106,0.95,0.64,0
1770809672.3166366,1,0,0.8659,5490,1.12,1.36,1
1770809672.3166783,219,56,0.8125,234,1.76,0.66,1
1770809672.3166957,228,67,0.2346,108,0.49,0.62,0
1770809672.3168082,1,0,0.8659,5492,0,1.36,1
1770809672.3168285,219,56,0.8125,236,0,0.66,1
1770809672.3168435,228,67,0.2346,110,0,0.62,0
1770809672.3637128,1,0,0.8559,5494,1.01,1.37,1
1770809672.363761,219,56,0.8778,238,0.73,0.67,1
1770809672.3637836,228,67,0.1122,112,0.73,0.64,0
1770809672.416628,1,0,0.8382,5496,1.86,1.37,1
1770809672.416683,219,56,0.8355,240,1.16,0.68,1
1770809672.4167078,228,67,0.2276,114,0.52,0.61,0
1770809672.416863,1,0,0.8382,5498,0,1.37,1
1770809672,219,56,0.8355,242,0,0.68,1
1770809672.416911,228,67,0.2276,116,0,0.61,0
1770809672.462777,1,0,0.8719,5500,0.72,1.37,1
1770809672.4628174,219,56,0.8998,244,0.5,0.68,1
1770809672.462834,228,67,0.1149,118,0.3,0.6,0
1770809672.5135088,1,0,0.8676,5502,0.57,1.36,1
1770809672.5135508,219,56,0.8303,246,1.25,0.67,1
1770809672.5135677,228,67,0.1321,120,1.43,0.62,0
1770809672.5136786,1,0,0.8676,5504,0,1.36,1
1770809672.5136976,219,56,0.8303,248,0,0.67,1
1770809672.5137122,228,67,0.1321,122,0,0.62,0
1770809672.5654542,1,0,0.8544,5506,1.45,1.36,1
1770809672.5655036,219,56,0.8615,250,1.97,0.68,1
1770809672.6111815,1,0,0.8606,5508,1.2,1.37,1
1770809672.6112244,219,56,0.8568,252,0.32,0.69,1
1770809672.662737,1,0,0.8618,5510,0.84,1.37,1
1770809672.6627777,219,56,0.8766,254,0.75,0.68,1
1770809672.713261,1,0,0.8589,5512,2.48,1.37,1
1770809672.7133014,219,56,0.8655,256,1.07,0.66,1
1770809672.7601838,1,0,0.8513,5514,1,1.37,1
1770809672.7602253,219,56,0.8785,258,0.38,0.66,1
1770809672.8122616,1,0,0.857,5516,0.5,1.37,1
1770809672.8123116,219,56,0.8632,260,0.74,0.68,1
1770809672.8650398,1,0,0.8509,5518,0.94,1.37,1
1770809672.8650882,219,56,0.8765,262,0.77,0.67,1
1770809672.914594,1,0,0.8262,5520,1.45,1.37,1
1770809672.9146352,219,56,0.7738,264,0.22,0.65,1
1770809672.9628575,1,0,0.8559,5522,1.9,1.37,1
1770809672.9628997,219,56,0.8332,266,0.41,0.66,1
1770809673.0119922,1,0,0.8573,5524,1.95,1.37,1
1770809673.0120337,219,56,0.908,268,1.52,0.69,1
1770809673.061357,1,0,0.8551,5526,1.93,1.38,1
1770809673.0614097,219,56,0.8681,270,0.68,0.68,1
1770809673.1073215,1,0,0.8625,5528,0.25,1.38,1
1770809673.107365,219,56,0.8742,272,0.31,0.68,1
1770809673.107382,228,67,0.3134,146,0.05,0.63,0
1770809673.1553228,1,0,0.8458,5530,0.28,1.38,1
1770809673.1553664,219,56,0.7919,274,0.87,0.66,1
1770809673.155383,228,67,0.2198,148,0.69,0.62,0
1770809673.1554956,1,0,0.8458,5532,0,1.38,1
1770809673.1555147,219,56,0.7919,276,0,0.66,1
1770809673.1555295,228,67,0.2198,150,0,0.62,0
1770809673.2006142,1,0,0.8529,5534,0.36,1.37,1
1770809673.2006547,219,56,0.8337,278,1.19,0.67,1
1770809673.200672,228,67,0.2443,152,0.64,0.6,0
1770809673.251658,1,0,0.8505,5536,0.35,1.37,1
1770809673.2517078,219,56,0.8692,280,0.55,0.66,1
1770809673.2517302,228,67,0.2001,154,0.16,0.59,0
1770809673.2518723,1,0,0.8505,5538,0,1.37,1
1770809673.2518966,219,56,0.8692,282,0,0.66,1
1770809673.2519162,228,67,0.2001,156,0,0.59,0
1770809673.3047645,1,0,0.8403,5540,0.93,1.38,1
1770809673.304806,219,56,0.9108,284,1.01,0.68,1
1770809673.3048224,228,67,0.1639,158,1.71,0.57,0
1770809673.356147,1,0,0.8553,5542,2.09,1.36,1
1770809673.3561883,219,56,0.8865,286,1.56,0.67,1
1770809673.3562047,228,67,0.2097,160,2.56,0.62,0
1770809673.3563144,1,0,0.8553,5544,0,1.36,1
1770809673.3563335,219,56,0.8865,288,0,0.67,1
1770809673.3563478,228,67,0.2097,162,0,0.62,0
1770809673.4033482,1,0,0.8573,5546,1.35,1.37,1
1770809673.4033897,219,56,0.8793,290,1.25,0.69,1
1770809673.4034066,228,67,0.2663,164,0.09,0.59,0
1770809673.4502065,1,0,0.8485,5548,1.17,1.35,1
1770809673.4502482,219,56,0.8716,292,0.37,0.69,1
1770809673.4502652,228,67,0.3389,166,0.97,0.58,0
1770809673.4503777,1,0,0.8485,5550,0,1.35,1
1770809673.450397,219,56,0.8716,294,0,0.69,1
1770809673.4504116,228,67,0.3389,168,0,0.58,0
1770809673.5019066,1,0,0.8483,5552,0.97,1.37,1
1770809673.5020554,219,56,0.8577,296,0.52,0.69,1
1770809673.5020728,228,67,0.3427,170,0.27,0.55,0
1770809673.5557747,1,0,0.8425,5554,0.76,1.36,1
1770809673.5558257,219,56,0.8671,298,2.44,0.67,1
1770809673.5558474,228,67,0.3799,172,0.21,0.55,0
1770809673.555988,1,0,0.8425,5556,0,1.36,1
1770809673.5560117,219,56,0.8671,300,0,0.67,1
1770809673.556031,228,67,0.3799,174,0,0.55,0
1770809674,1,0,0.8442,5558,3.75,1.36,1
1770809673.6079507,219,56,0.8915,302,0.81,0.67,1
1770809673.6079726,228,67,0.1448,176,7.24,0.57,0
1770809673.6590478,1,0,0.8412,5560,1.09,1.35,1
1770809673.659089,219,56,0.8444,304,2.78,0.69,1
1770809673.708942,1,0,0.8648,5562,3,1.34,1
1770809673.7089832,219,56,0.8627,306,2.03,0.67,1
1770809673.758618,1,0,0.8739,5564,6.09,1.37,1
1770809673.7586603,219,56,0.8601,308,0.56,0.68,1
1770809673.806046,1,0,0.8792,5566,3.93,1.4,1
1770809673.8060875,219,56,0.8345,310,1.3,0.67,1
1770809673.8574965,1,0,0.8769,5568,3.07,1.42,1
1770809674,219,56,0.6892,312,5.19,0.59,1
1770809673.913684,1,0,0.8763,5570,9.67,1.37,1
1770809673.9614675,1,0,0.8555,5572,1.78,1.37,1
1770809673.9615097,219,0,0.4296,316,14.75,0.79,1
1770809674.0125656,1,0,0.866,5574,1.53,1.37,1
1770809674.0126057,219,56,0.751,318,13.96,0.76,1
1770809674.0637162,1,0,0.8806,5576,1.31,1.36,1
1770809674.063758,219,56,0.8763,320,4.3,0.71,1
1770809674.1168258,1,0,0.8868,5578,1.07,1.37,1
1770809674.1168752,219,56,0.842,322,2.98,0.68,1
1770809674.170295,1,0,0.8903,5580,1.11,1.37,1
1770809674.170345,219,56,0.8934,324,0.99,0.67,1
1770809674.220435,1,0,0.8872,5582,2.08,1.36,1
1770809674.220475,219,56,0.8688,326,0.59,0.68,1
1770809674.2710197,1,0,0.8827,5584,1.28,1.36,1
1770809674.2710726,219,56,0.8855,328,0.64,0.68,1
1770809674.3222911,1,0,0.8886,5586,0.42,1.37,1
1770809674.322342,219,56,0.8997,330,0.31,0.68,1
1770809674.3710773,1,0,0.8792,5588,0.3,1.37,1
1770809674.3711193,219,56,0.8641,332,0.91,0.68,1
1770809674.4191787,1,0,0.8944,5590,0.37,1.37,1
1770809674.4192324,219,56,0.8843,334,1,0.67,1
1770809674.4731565,1,0,0.8826,5592,0.54,1.37,1
1770809674.4731972,219,56,0.8909,336,0.59,0.68,1
1770809674.5254793,1,0,0.8846,5594,0.29,1.37,1
1770809674.5255218,219,56,0.8695,338,0.82,0.69,1
1770809674.5794444,1,0,0.8987,5596,0.37,1.37,1
1770809674.5794926,219,56,0.832,340,1.13,0.69,1
1770809674.629363,1,0,0.8971,5598,1.08,1.36,1
1770809674.629405,219,56,0.8735,342,1.42,0.67,1
1770809674.6822145,1,0,0.9028,5600,0.67,1.36,1
1770809674.6822648,219,56,0.8583,344,0.66,0.68,1
1770809674.7344866,1,0,0.8916,5602,1.13,1.37,1
1770809674.734528,219,56,0.8643,346,0.78,0.67,1
1770809674.7879436,1,0,0.9129,5604,0.85,1.37,1
1770809674.7879844,219,56,0.8501,348,0.2,0.68,1
1770809674.8368988,1,0,0.8895,5606,0.34,1.37,1
1770809674.836949,219,56,0.8587,350,1.59,0.68,1
1770809674.8909297,1,0,0.8839,5608,1.44,1.36,1
1770809674.890979,219,56,0.8618,352,0.87,0.68,1
1770809674.945302,1,0,0.8872,5610,0.9,1.37,1
1770809674.9453514,219,56,0.8866,354,1.11,0.67,1
1770809675.000598,1,0,0.8826,5612,0.67,1.37,1
1770809675.0006394,219,56,0.8371,356,0.18,0.67,1
1770809675.0493872,1,0,0.8876,5614,2.46,1.35,1
1770809675.0494294,219,56,0.8616,358,1.54,0.67,1
1770809675.1000426,1,0,0.8898,5616,1.56,1.35,1
1770809675.1000936,219,56,0.8877,360,0.13,0.67,1
1770809675.1499534,1,0,0.8849,5618,1.03,1.35,1
1770809675.1500063,219,56,0.8816,362,1.3,0.68,1
1770809675.2046802,1,0,0.9078,5620,2.86,1.35,1
1770809675.204732,219,56,0.8521,364,0.43,0.68,1
1770809675.252977,1,0,0.9065,5622,0.63,1.35,1
1770809675.2530212,219,56,0.8455,366,0.93,0.67,1
1770809675.3037698,1,0,0.8893,5624,1.64,1.35,1
1770809675.3038104,219,56,0.8944,368,0.28,0.66,1
1770809675.3534906,1,0,0.8945,5626,0.96,1.35,1
1770809675.3535311,219,56,0.8833,370,0.26,0.66,1
1770809675.407915,1,0,0.9056,5628,0.24,1.35,1
1770809675.4079657,219,56,0.8023,372,0.76,0.67,1
1770809675.4576852,1,0,0.8931,5630,0.76,1.35,1
1770809675.457741,219,56,0.8865,374,0.91,0.68,1
1770809675.5109148,1,0,0.8905,5632,1.13,1.35,1
1770809675.5109642,219,56,0.8904,376,0.72,0.69,1
1770809675.5652132,1,0,0.887,5634,0.36,1.36,1
1770809675.565257,219,56,0.8316,378,1.93,0.68,1
1770809675.6155398,1,0,0.8827,5636,0.37,1.36,1
1770809676,219,56,0.8493,380,1.07,0.68,1
1770809675.668947,1,0,0.9068,5638,1.31,1.35,1
1770809675.6689951,219,56,0.8806,382,0.34,0.68,1
1770809675.7175446,1,0,0.8897,5640,0.67,1.35,1
1770809675.7175968,219,56,0.8834,384,0.41,0.67,1
1770809675.7677004,1,0,0.9018,5642,0.11,1.35,1
1770809675.7677422,219,56,0.8679,386,0.5,0.68,1
1770809675.819083,1,0,0.9016,5644,0.27,1.35,1
1770809675.8191247,219,56,0.8549,388,0.75,0.67,1
1770809675.8760056,1,0,0.898,5646,0.25,1.35,1
1770809675.8760571,219,56,0.8482,390,0.69,0.66,1
1770809675.926372,1,0,0.8986,5648,1.64,1.34,1
1770809675.9264145,219,56,0.8884,392,0.43,0.68,1
1770809675.9807808,1,0,0.8827,5650,0.82,1.33,1
1770809675.980831,219,56,0.8347,394,0.82,0.68,1
1770809676.029169,1,0,0.886,5652,0.46,1.33,1
1770809676.0292103,219,56,0.8949,396,0.26,0.67,1
1770809676.0810964,1,0,0.8922,5654,3.38,1.34,1
1770809676.0811534,219,56,0.8567,398,0.51,0.67,1
1770809676.1328604,1,0,0.8963,5656,3.31,1.36,1
1770809676.1329024,219,56,0.8679,400,0.94,0.68,1
1770809676.187775,1,0,0.8997,5658,1.69,1.35,1
1770809676.1878254,219,56,0.8911,402,0.1,0.69,1
